ITEM_ID,2020-01-01,2020-02-01,2020-03-01,2020-04-01,2020-05-01,2020-06-01,2020-07-01,2020-08-01,2020-09-01,2020-10-01,2020-11-01,2020-12-01,2021-01-01,2021-02-01,2021-03-01,2021-04-01,2021-05-01,2021-06-01,2021-07-01,2021-08-01,2021-09-01,2021-10-01,2021-11-01,2021-12-01,2022-01-01,2022-02-01,2022-03-01,2022-04-01,2022-05-01,2022-06-01,2022-07-01,2022-08-01,2022-09-01,2022-10-01,2022-11-01,2022-12-01,2023-01-01,2023-02-01,2023-03-01,2023-04-01,2023-05-01,2023-06-01,2023-07-01,2023-08-01,2023-09-01,2023-10-01,2023-11-01,2023-12-01,2024-01-01,2024-02-01,2024-03-01,2024-04-01,2024-05-01,2024-06-01,2024-07-01,2024-08-01,2024-09-01,2024-10-01,2024-11-01,2024-12-01,2025-01-01,2025-02-01,2025-03-01,2025-04-01,2025-05-01,2025-06-01,2025-07-01,2025-08-01
220107,,,,,,,,,,,,,1,1,1,-1,-1,2,0,20,2,3,3,2,2,2,3,6,7,7,10,12,11,10,11,11,11,13,13,11,11,11,10,9,10,9,9,9,9,7,7,7,7,7,7,6,6,6,5,5,5,5,5,5,5,4,4,4
220116,,,,,,,,,,,,,-0,-1,-1,-0,-1,-1,-1,17,4,4,5,3,3,4,4,6,7,7,7,7,7,6,7,7,-2,6,7,5,5,5,4,5,5,6,5,5,12,6,5,6,6,6,6,6,5,5,4,4,4,5,5,5,5,5,5,4
220117,,,,,,,,,,,,,-5,-6,-6,-5,-5,-5,-5,16,3,3,3,4,5,5,5,6,6,7,7,8,8,7,9,9,8,10,11,10,10,10,10,10,10,11,9,9,9,8,7,7,7,7,7,6,6,5,4,5,5,6,6,6,6,6,6,6
220121,,,,,,,,,,,,,-1,-1,-1,0,1,4,3,22,6,6,7,7,6,7,7,9,8,6,6,8,7,8,7,8,10,10,10,9,10,9,10,10,10,11,11,9,8,9,9,8,9,8,7,6,6,5,5,5,4,4,4,4,4,4,5,5
220122,,,,,,,,,,,,,-1,-1,-1,-3,1,4,4,20,5,7,8,7,7,7,7,10,6,7,8,9,9,8,8,8,8,10,10,9,9,9,8,8,9,9,9,8,8,8,8,7,6,6,5,5,5,4,4,4,4,3,3,3,3,4,4,4
220123,,,,,,,,,,,,,1,1,2,3,3,4,1,1,1,3,3,3,4,4,4,4,3,3,4,4,4,4,4,4,5,5,5,5,5,5,7,7,7,7,7,7,7,7,7,10,10,10,7,7,7,7,7,7,7,7,7,3,3,3,5,5
220124,,,,,,,,,,,,,-0,-1,-1,0,1,4,3,18,6,7,8,7,8,8,10,11,8,9,10,12,13,13,13,13,14,14,13,12,14,12,13,10,10,9,10,10,9,9,9,9,7,8,8,8,7,7,5,5,5,5,5,4,5,6,5,5
220125,,,,,,,,,,,,,-2,-2,-2,-1,-1,-1,-2,17,4,4,4,4,4,4,4,5,5,5,5,6,6,5,6,6,6,8,9,9,9,10,9,9,10,10,9,9,9,8,7,7,7,6,7,6,6,5,4,5,5,5,5,5,5,5,5,5
220128,,,,,,,,,,,,,1,1,1,-1,3,5,4,22,6,8,9,7,7,8,8,10,8,8,9,9,11,10,10,10,11,11,12,11,10,11,10,11,10,11,10,9,8,8,7,7,6,5,5,5,4,4,4,4,5,5,4,4,5,5,5,5
220208,,,,,,,,,,,,,-3,-3,-3,-5,-4,-4,-7,8,-3,6,18,5,5,5,6,8,10,9,11,11,11,5,3,4,5,5,7,5,3,5,6,6,6,5,7,7,7,7,5,4,5,3,2,3,3,3,3,4,3,3,4,5,5,6,16,24
220209,,,,,,,,,,,,,0,0,1,2,2,2,1,1,1,1,1,1,2,2,2,2,2,2,2,2,2,2,2,2,3,3,3,3,4,4,4,4,-26,-25,-25,-25,-26,-26,-26,-26,-30,-30,-30,-30,-13,-14,-14,-14,-16,-16,-16,-16,-15,-15,-15,-15
220210,,,,,,,,,,,,,0,0,1,2,2,1,-0,-0,2,2,2,2,1,1,1,1,2,2,2,2,3,3,3,3,4,4,4,4,3,3,3,3,5,5,5,5,-3,-3,-3,-3,-1,-1,-1,-1,-2,-2,-2,-2,5,5,5,5,4,4,4,4
220214,,,,,,,,,,,,,-4,-4,-4,-6,-5,-3,-3,11,4,6,17,9,11,10,13,24,20,15,12,14,21,15,15,24,21,21,16,5,9,12,13,10,4,6,6,-2,-1,-2,1,3,3,2,2,3,4,6,5,5,6,9,5,6,5,5,17,26
220301,,,,,,,,,,,,,4,4,4,5,6,4,3,4,4,5,5,6,7,8,9,13,16,18,19,20,20,20,19,19,19,19,19,15,13,13,13,12,12,11,11,10,9,8,8,8,7,6,5,5,5,4,4,4,5,5,6,6,8,8,9,9
220303,,,,,,,,,,,,,4,2,2,1,1,1,1,1,1,1,1,2,4,5,5,6,6,9,10,11,12,13,12,11,10,11,11,11,11,9,7,9,8,7,7,7,6,5,4,3,3,3,4,3,3,2,2,2,1,2,2,3,4,4,3,4
220310,,,,,,,,,,,,,1,1,1,2,3,3,2,18,3,2,3,3,4,4,4,4,4,3,3,3,3,4,6,7,7,7,8,7,7,7,7,8,9,9,8,7,7,6,6,6,7,7,7,6,5,4,4,4,4,4,4,3,3,3,4,6
220316,,,,,,,,,,,,,6,6,6,-1,-1,-2,-2,3,4,4,1,2,0,-0,-1,1,2,4,6,6,6,8,9,9,10,11,13,14,12,12,11,11,11,9,10,10,6,6,5,4,4,4,3,3,4,4,3,2,4,4,4,3,3,1,1,1
220318,,,,,,,,,,,,,4,4,4,1,0,1,1,4,3,3,4,4,3,3,4,4,7,8,8,8,9,9,8,9,10,10,10,9,8,8,8,8,7,7,8,6,6,6,6,5,5,4,5,4,4,4,3,3,4,4,4,4,4,4,3,3
220319,,,,,,,,,,,,,4,3,3,2,2,2,2,3,3,4,2,3,4,5,5,7,8,8,9,10,10,10,11,11,10,10,10,9,8,8,7,6,6,6,5,5,5,5,4,4,4,5,4,4,5,5,4,3,3,3,3,3,3,3,4,4
220320,,,,,,,,,,,,,3,2,1,-1,-1,-3,-3,0,1,0,-0,2,2,4,3,6,8,8,9,9,10,12,14,11,11,9,10,9,8,10,11,13,12,10,8,9,8,8,7,8,8,4,3,3,3,3,3,3,5,5,4,6,7,8,9,8
220323,,,,,,,,,,,,,6,6,6,5,4,5,4,5,4,4,4,5,4,5,5,8,11,12,12,13,13,13,14,13,13,14,14,11,10,10,9,9,8,8,7,8,7,8,7,8,8,8,8,7,8,8,7,6,6,7,8,6,6,7,6,6
220324,,,,,,,,,,,,,2,2,2,3,4,4,3,2,4,4,4,4,5,5,5,4,4,4,3,4,4,4,4,4,4,4,5,5,5,6,6,6,5,5,6,6,8,7,7,7,6,6,6,7,8,8,7,6,6,6,5,5,6,6,6,6
220326,,,,,,,,,,,,,4,5,5,3,1,0,-0,4,4,5,3,3,4,4,5,7,11,12,13,13,13,14,15,16,16,17,17,16,13,12,11,12,12,10,10,8,8,7,6,6,6,6,5,4,3,4,3,3,2,3,2,2,2,2,2,3
220327,,,,,,,,,,,,,2,2,1,1,3,1,1,1,1,2,3,3,5,5,6,7,7,9,8,10,10,13,14,14,14,15,14,15,15,12,13,11,11,8,7,7,4,4,4,3,3,3,4,4,4,4,4,5,7,7,7,8,8,8,7,6
220328,,,,,,,,,,,,,3,3,3,-1,-2,-1,1,7,4,4,4,5,6,6,6,10,12,12,13,15,16,16,16,17,16,16,17,15,14,14,15,12,11,10,11,10,10,9,8,8,8,7,6,5,5,5,5,4,4,4,5,5,4,5,6,6
220329,,,,,,,,,,,,,,,,,,,,,,,,,,,,,,,,,,,,,,,,,,,,,,,,,,,,,,,,,,,,,6,6,6,6,7,7,7,7
310102,,,,,,,,,,,,,0,-0,0,1,2,2,-1,1,1,3,2,2,2,2,4,5,4,4,4,5,3,2,5,6,4,8,7,7,7,8,7,8,8,9,8,8,9,5,5,4,4,4,4,3,3,2,1,1,-7,3,3,2,2,3,3,3
310109,,,,,,,,,,,,,2,2,2,3,4,4,2,2,2,4,4,4,4,4,6,7,6,6,5,6,6,5,6,6,5,8,7,7,7,7,8,8,8,9,8,7,8,6,5,5,5,5,5,4,3,2,2,2,2,1,2,1,1,1,1,1
310110,,,,,,,,,,,,,-1,-1,-0,0,2,2,0,1,1,2,3,4,5,5,6,7,6,6,6,7,7,6,8,8,8,10,9,8,9,9,9,9,8,9,8,8,7,7,6,6,6,6,6,5,5,5,4,4,4,4,4,3,4,3,3,3
310111,,,,,,,,,,,,,2,3,2,3,5,5,3,3,3,4,3,4,4,4,5,6,5,5,6,6,6,6,8,8,8,10,9,8,8,8,8,8,8,8,7,7,7,5,5,5,5,5,6,5,4,4,4,4,4,4,5,5,4,4,4,4
310114,,,,,,,,,,,,,2,2,2,3,4,3,1,1,1,2,3,3,3,3,4,5,4,4,5,5,6,4,5,5,4,7,7,6,7,7,7,7,7,7,6,5,7,5,4,4,3,3,3,3,2,1,0,1,2,0,1,1,1,2,2,1
310301,,,,,,,,,,,,,-1,-1,-1,-0,-1,-0,-0,1,4,6,-12,-12,-13,-12,-5,-4,-3,-3,-5,-6,-11,-12,13,15,9,17,8,8,8,8,8,9,16,16,8,7,15,8,7,8,7,7,6,5,5,4,3,3,4,3,3,2,1,1,0,-0
310302,,,,,,,,,,,,,-3,-3,-4,-3,-2,-2,-0,0,4,6,7,10,10,11,12,13,13,13,10,10,9,9,9,9,9,10,10,8,9,9,9,9,9,9,9,8,8,7,7,7,7,7,7,5,5,4,4,4,5,5,4,4,4,4,4,4
310306,,,,,,,,,,,,,2,2,2,3,4,5,4,18,4,1,2,2,2,2,2,2,1,1,0,0,0,3,3,3,3,5,5,4,5,4,5,6,6,6,5,5,5,1,1,1,1,1,1,-0,-1,-1,0,0,-1,2,2,2,2,2,2,2
310307,,,,,,,,,,,,,-7,-7,-8,-7,-6,-6,-3,-1,4,7,7,12,13,14,15,17,16,16,11,11,10,9,11,11,10,11,11,9,9,9,9,9,9,9,8,7,8,7,6,6,7,6,7,5,5,5,4,5,5,5,6,5,5,5,5,5
310310,,,,,,,,,,,,,3,3,3,4,6,5,3,4,4,4,-5,-6,-7,-8,-5,-4,-5,-4,-4,-2,-3,-3,9,10,11,14,10,10,11,11,10,11,11,11,9,9,10,8,8,9,7,8,8,6,6,6,6,5,4,6,6,5,6,5,5,5
310315,,,,,,,,,,,,,9,9,9,10,12,12,11,11,11,11,11,4,5,5,5,5,4,4,4,5,6,6,6,6,7,7,7,7,7,8,8,8,7,8,8,8,7,7,7,7,7,6,6,5,5,5,5,4,4,5,4,4,4,4,5,5
310316,,,,,,,,,,,,,-6,-6,-6,-5,-4,-4,-2,-1,3,5,-2,2,1,2,11,13,11,11,8,8,8,7,16,17,11,20,10,9,10,9,9,9,9,10,9,8,15,7,6,5,6,6,6,5,4,3,3,3,3,3,4,4,4,4,4,4
410107,,,,,,,,,,,,,1,1,1,1,1,1,1,1,1,2,2,2,2,2,2,2,2,2,2,2,2,4,4,4,4,4,4,4,4,4,4,4,4,8,8,8,8,8,8,8,8,8,8,8,8,5,5,5,5,5,5,5,5,5,5,5
410401,,,,,,,,,,,,,-5,-5,-5,1,1,1,1,1,1,1,1,1,1,1,1,3,3,3,3,3,3,3,3,3,3,3,3,8,8,8,8,8,8,8,8,8,8,8,8,9,9,9,9,9,9,9,9,9,9,9,9,28,28,28,28,28
410402,,,,,,,,,,,,,-2,-2,-2,3,3,3,3,3,3,3,3,3,3,3,3,4,4,4,4,4,4,4,4,4,4,4,4,9,9,9,9,9,9,9,9,9,9,9,9,7,7,7,7,7,7,7,7,7,7,7,7,28,28,28,28,28
410403,,,,,,,,,,,,,1,1,1,2,2,2,2,2,2,2,2,2,2,2,2,4,4,4,4,4,4,4,4,4,4,4,4,5,5,5,5,5,5,5,5,5,5,5,5,9,9,9,9,9,9,9,9,9,9,9,9,10,10,10,10,10
410405,,,,,,,,,,,,,1,1,1,2,2,2,2,2,2,2,2,2,2,2,2,4,4,4,4,4,4,4,4,4,4,4,4,5,5,5,5,5,5,5,5,5,5,5,5,9,9,9,9,9,9,9,9,9,9,9,9,10,10,10,10,10
410508,,,,,,,,,,,,,0,-0,-0,0,-0,0,0,0,0,1,1,1,2,2,2,2,2,2,2,1,2,2,2,2,1,1,1,1,1,1,2,2,1,1,1,1,1,1,1,1,1,1,0,0,0,0,0,0,0,1,1,1,1,1,1,1
410509,,,,,,,,,,,,,0,0,-0,0,0,0,0,0,1,1,1,1,1,1,1,2,2,2,2,2,1,1,1,1,1,1,1,1,1,1,1,1,1,0,0,1,1,1,1,1,1,0,0,0,0,1,1,0,1,1,1,1,1,1,1,1
410517,,,,,,,,,,,,,0,0,0,1,1,0,1,1,2,2,2,2,2,2,2,2,2,3,3,3,2,2,2,2,2,2,2,1,1,1,1,1,1,2,1,1,2,2,1,1,1,1,1,1,1,0,1,1,0,0,1,1,1,1,1,1
410518,,,,,,,,,,,,,1,0,0,1,0,1,1,1,2,2,2,3,3,3,3,5,5,5,4,4,4,3,3,3,3,3,3,1,1,1,1,1,1,1,1,1,1,1,1,1,1,1,1,1,1,1,1,1,2,2,1,2,2,1,1,1
410602,,,,,,,,,,,,,2,2,2,1,1,1,1,2,6,6,8,9,9,10,10,11,11,12,14,13,10,12,11,10,10,9,8,9,8,9,8,9,6,5,5,3,4,4,4,1,1,-1,0,1,2,2,2,3,3,1,2,2,4,4,3,2
410607,,,,,,,,,,,,,1,2,2,2,4,7,3,2,2,1,2,3,2,3,3,4,3,6,9,15,17,17,14,16,18,20,20,19,22,11,11,7,4,5,6,3,1,-3,-2,-3,-5,-2,-0,-3,-1,-2,-2,-1,-0,-4,-6,-6,-5,-3,-4,-3
410611,,,,,,,,,,,,,0,0,0,-0,2,0,1,3,-0,1,-3,-1,-1,3,4,4,2,-1,-3,-5,-0,4,10,10,11,8,7,6,10,11,13,13,11,6,6,6,4,4,4,5,4,4,5,3,2,2,0,0,0,1,1,-0,0,1,2,2
410614,,,,,,,,,,,,,-7,-10,-10,-10,-10,-9,-8,-5,-2,-0,-3,1,4,9,11,9,7,5,3,2,8,8,9,8,6,6,4,6,6,7,9,10,5,8,8,7,7,7,8,6,5,5,3,4,6,3,2,3,4,2,1,1,1,1,0,2
410621,,,,,,,,,,,,,-0,0,-0,-1,-0,2,2,2,1,3,4,2,2,5,8,9,10,8,8,8,10,10,9,11,12,10,9,8,6,7,6,6,5,2,4,3,4,3,2,0,0,1,1,0,0,2,0,0,0,-1,-2,-0,2,0,1,1
410625,,,,,,,,,,,,,-1,1,1,2,3,8,4,6,5,10,9,8,9,11,13,13,12,12,10,10,12,8,8,9,8,5,5,4,4,3,4,3,1,2,1,1,1,1,0,0,-3,-1,1,2,2,1,2,3,3,3,2,2,5,1,-1,1
410631,,,,,,,,,,,,,1,-1,-0,4,-1,2,2,-1,-0,2,1,1,3,4,3,5,7,5,7,9,10,9,8,10,6,6,6,3,3,5,3,1,0,-1,-0,-2,2,2,2,4,2,3,2,1,-2,-0,-0,-2,-1,-1,-2,-4,-0,-2,-1,0
410632,,,,,,,,,,,,,-1,-0,-1,-0,1,3,4,3,2,2,3,4,7,7,7,6,7,4,2,1,1,2,-1,-1,-4,-3,-3,-3,-3,-1,1,0,1,-0,0,-0,1,1,1,1,0,1,0,0,2,3,4,7,7,6,7,8,7,7,7,8
410633,,,,,,,,,,,,,3,7,6,11,14,25,37,50,59,67,73,68,69,60,63,58,50,41,30,19,15,4,1,2,1,2,1,-2,-2,-5,-6,-7,-8,-9,-10,-11,-11,-11,-13,-10,-12,-10,-9,-7,-8,-4,-5,-5,-5,-4,-6,-5,-3,-5,-4,-4
410637,,,,,,,,,,,,,0,3,2,1,1,4,6,3,4,9,9,9,8,10,11,14,19,19,19,27,39,45,50,46,47,39,37,36,29,29,30,21,10,4,1,-0,0,2,1,2,-3,-6,-8,-9,-10,-10,-12,-7,-10,-9,-10,-13,-7,-5,-4,-3
410638,,,,,,,,,,,,,2,2,3,3,5,5,6,7,7,9,10,10,9,11,11,11,14,12,13,12,17,16,16,17,18,15,15,16,10,8,9,10,4,4,3,2,2,3,2,2,4,4,3,2,3,2,3,4,2,2,2,2,2,3,3,2
410639,,,,,,,,,,,,,4,0,3,-0,2,1,3,1,3,5,2,5,5,8,9,12,11,11,14,12,13,12,16,15,14,8,10,8,11,5,9,9,10,6,8,6,5,8,5,6,-1,6,1,2,-0,1,0,1,1,-2,1,-2,5,3,-3,2
410640,,,,,,,,,,,,,,,,,,,,,,,,,,,,,,,,,,,,,,,,,,,,,,,,,,,,,,,,,,,,,,,,,,,,
420103,,,,,,,,,,,,,2,1,1,2,2,2,1,2,2,2,2,4,4,6,10,11,15,20,25,28,30,35,34,31,33,32,25,23,19,13,8,6,4,-2,-3,-2,-4,-5,-3,-2,-2,-3,-2,-3,-3,-2,-2,-2,-1,-1,-1,-2,-2,-2,-2,-1
420201,,,,,,,,,,,,,-3,-3,-3,6,6,6,6,6,6,19,19,19,19,19,19,54,54,54,54,54,54,66,65,65,67,67,67,17,17,17,7,7,7,-16,-15,-15,-13,-13,-13,-21,-21,-21,-20,-20,-20,-6,-6,-6,-9,-9,-9,5,5,5,8,8
420202,,,,,,,,,,,,,,,,,,,,,,,,,,,,,,,,,,,,,,,,,,,,,,,,,,,,,,,,,,,,,,,,,,,,
420301,,,,,,,,,,,,,-16,-16,-16,-4,-4,-4,-4,-4,-4,29,29,29,29,29,29,98,98,98,98,98,98,132,132,132,133,133,133,37,37,37,1,1,1,-32,-32,-32,-27,-27,-27,-38,-38,-38,-23,-23,-23,-8,-8,-8,-12,-12,-12,14,14,14,13,13
420302,,,,,,,,,,,,,,,,,,,,,,,,,,,,,,,,,,,,,,,,,,,,,,,,,,,,,,,,,,,,,,,,,,,,
420404,,,,,,,,,,,,,0,0,0,7,6,6,8,8,8,8,8,8,12,12,12,6,6,6,11,11,11,17,17,17,14,14,14,13,13,13,7,7,7,2,2,2,3,3,3,5,5,5,6,6,6,6,6,6,2,2,2,3,3,3,2,2
420405,,,,,,,,,,,,,-25,-9,14,40,56,38,37,36,49,69,85,52,47,53,114,114,123,129,114,86,102,70,57,47,40,19,-23,-27,-39,-46,-38,-16,-20,-18,-20,-16,-17,-9,-8,3,7,7,6,-16,-26,-24,-22,-17,-7,-12,-13,-21,-20,-16,-13,-8
430101,,,,,,,,,,,,,6,9,9,9,13,12,9,10,17,14,16,16,15,11,15,15,13,13,12,13,9,13,13,13,12,11,11,9,8,5,6,5,4,1,-0,-4,-2,-3,-4,-4,-2,-2,-1,-1,-5,-0,-3,1,-0,1,-1,-1,-0,-1,-3,-2
430104,,,,,,,,,,,,,0,-2,4,1,3,4,2,4,7,5,6,8,9,10,11,11,12,13,12,12,11,10,9,12,11,11,9,10,9,8,7,6,7,7,7,5,2,4,1,1,3,1,2,4,-1,2,1,-0,-1,-1,2,1,0,1,-0,-1
430119,,,,,,,,,,,,,4,3,4,3,6,7,8,9,9,13,13,12,17,21,20,22,19,21,21,22,24,21,21,22,26,21,20,20,19,15,16,13,11,7,7,5,-1,-0,-2,-1,1,2,0,3,8,8,4,10,8,7,11,10,8,8,8,7
430120,,,,,,,,,,,,,5,3,4,6,15,7,6,6,9,9,11,10,9,12,13,10,11,15,16,16,12,13,12,12,11,10,9,9,8,3,2,1,1,0,0,1,-2,-3,-4,-4,-3,-3,-6,-4,-5,-3,-3,-5,-3,0,-0,-2,1,-1,2,1
430127,,,,,,,,,,,,,3,6,6,8,11,10,7,8,12,12,13,14,11,9,12,14,13,11,10,9,9,11,10,9,11,10,8,7,4,5,3,4,4,-0,0,-1,-3,-4,-4,-5,-3,-4,-3,-4,-5,-1,-4,-3,-1,0,-1,-0,-0,-0,1,-1
430132,,,,,,,,,,,,,2,4,2,9,6,8,6,5,10,10,12,9,14,11,14,12,14,14,12,15,11,10,11,11,10,9,9,8,6,6,6,6,2,1,2,2,2,2,2,1,-0,2,0,1,4,6,5,4,-0,-3,-2,-4,1,-0,-0,-0
430133,,,,,,,,,,,,,2,-0,2,3,5,7,9,6,11,10,14,11,10,16,16,13,13,12,11,12,9,10,10,9,9,5,5,6,6,4,3,2,1,-2,-1,-3,-4,-5,-5,-5,-5,-4,-3,-2,-1,1,-0,1,0,2,0,-1,1,0,-1,-3
430134,,,,,,,,,,,,,1,1,2,3,5,6,5,5,4,5,2,4,6,11,12,12,11,11,8,8,8,8,7,10,8,2,1,3,0,0,-0,3,4,1,4,-0,1,-1,-0,-2,1,1,2,-2,-4,-1,-3,-5,-4,-3,-3,-4,-2,-2,-4,-2
430136,,,,,,,,,,,,,-5,-6,-6,-7,-7,-7,-15,2,5,6,6,7,8,8,11,33,26,26,21,16,14,14,14,12,12,11,10,5,5,3,0,6,5,4,4,3,0,0,-1,-23,-22,-19,-18,-13,-13,-11,-13,-12,-11,-12,-12,-1,0,-2,6,-7
430137,,,,,,,,,,,,,4,2,2,0,2,7,9,12,14,14,15,19,19,18,24,21,20,19,19,17,13,12,12,6,6,7,5,5,6,3,1,-1,-2,1,2,2,-1,-1,-1,-4,-5,-3,-3,-1,1,-1,-2,-3,-1,-0,-0,-1,-0,-1,0,-1
430138,,,,,,,,,,,,,3,1,4,4,-1,3,5,7,8,4,7,6,11,10,10,11,13,10,9,10,11,15,14,13,8,8,7,7,5,8,7,4,2,-1,-2,-1,-4,-5,-4,-5,-6,-7,-10,-5,-4,-2,-5,-3,-10,1,-0,-2,2,2,-1,1
430139,,,,,,,,,,,,,3,1,0,2,2,5,3,4,2,8,6,6,15,19,21,20,20,22,26,25,31,25,25,25,26,23,20,22,20,15,15,12,10,9,9,6,-2,-1,1,-1,2,3,-0,2,5,3,3,5,3,2,3,2,2,2,2,2
430141,,,,,,,,,,,,,12,10,9,10,9,7,9,7,7,8,11,12,10,11,14,13,11,12,10,12,12,12,10,8,8,7,5,5,9,4,4,1,3,0,1,1,-3,-7,-7,-4,-7,-5,-7,-5,-6,-5,-5,-4,-1,4,5,1,2,1,1,1
430142,,,,,,,,,,,,,0,2,-0,-6,-5,-3,-4,-4,1,5,6,7,15,13,14,13,18,18,17,19,11,9,9,6,1,1,1,3,1,-2,-1,-2,-3,-5,-8,-7,-7,-4,-7,-6,-8,-8,-7,-5,-5,-4,-1,2,-2,-3,-2,-6,-5,-4,-7,-8
430143,,,,,,,,,,,,,3,-0,2,5,1,-1,4,5,8,9,9,8,9,11,13,12,13,13,12,14,12,13,13,12,10,10,10,9,8,6,6,3,3,2,2,-1,-2,-2,-3,-4,-3,-4,-6,-5,-4,-4,-4,-2,-1,-0,-1,-1,1,2,2,2
430144,,,,,,,,,,,,,,,,,,,,,,,,,,,,,,,,,,,,,10,10,11,6,5,3,6,4,3,1,-0,-1,-3,-3,-4,-3,-3,-2,-2,-2,-3,1,3,2,3,2,2,1,4,2,3,3
430211,,,,,,,,,,,,,4,3,3,3,-2,0,2,4,5,8,5,9,8,6,7,4,8,11,7,5,5,5,8,7,5,7,8,10,7,4,5,6,4,2,0,-1,-0,-2,-1,-3,-3,-3,-2,-3,-2,1,-1,0,2,3,2,2,5,5,3,4
430216,,,,,,,,,,,,,-3,-3,-1,3,-3,-1,-3,-3,-1,2,1,3,2,5,5,6,7,6,9,8,8,7,8,9,8,5,3,3,1,2,2,1,1,2,1,1,1,1,1,1,2,-0,1,1,0,-0,0,0,1,-1,0,0,1,1,1,3
430224,,,,,,,,,,,,,3,2,1,10,5,6,2,0,5,6,3,6,1,4,6,6,7,6,9,8,6,6,7,7,7,5,2,4,4,2,3,2,5,3,0,0,2,1,3,1,0,-1,-1,-1,-5,-2,-2,0,-1,-0,-1,-1,-2,-1,-2,-1
430228,,,,,,,,,,,,,-2,-3,-1,11,10,7,-0,-1,-2,-0,-0,0,1,2,5,5,4,3,8,10,11,9,11,12,13,11,8,10,8,6,6,3,1,2,3,0,-0,2,0,-1,1,2,-3,-0,-0,-1,-2,0,-0,0,-1,-2,1,-1,3,3
430229,,,,,,,,,,,,,2,-1,2,3,3,2,-0,-0,-0,4,6,3,4,5,4,2,2,0,2,5,3,1,2,-1,0,-1,-0,1,2,3,2,3,-1,-5,0,4,2,4,3,1,1,-0,-0,0,1,10,1,1,0,1,1,-0,2,2,0,3
430233,,,,,,,,,,,,,6,11,10,3,8,13,15,14,15,13,13,12,17,14,8,16,9,12,7,12,8,10,10,12,12,13,15,8,14,9,8,6,9,8,7,7,-1,1,4,3,3,2,4,2,-2,1,-1,-2,1,-3,-3,0,-1,-0,1,0
430234,,,,,,,,,,,,,5,7,8,6,5,5,8,8,11,7,8,7,4,6,6,9,7,9,8,7,7,9,11,9,14,13,10,8,13,7,9,9,10,9,7,7,2,1,5,5,-0,2,4,2,1,3,2,3,3,3,1,2,3,3,2,2
430235,,,,,,,,,,,,,1,1,0,2,-2,-0,0,2,1,1,2,1,-0,1,2,-1,3,-0,-0,1,2,4,4,7,10,8,8,8,8,12,14,10,13,9,7,7,-1,4,2,2,-2,-3,-6,-3,-7,-7,-5,-9,-1,-5,-3,-2,0,-1,-1,-2
430236,,,,,,,,,,,,,-1,-2,-4,-1,-1,4,3,1,-2,0,-2,-1,4,6,15,2,7,4,-1,2,-5,5,9,9,-3,2,-3,10,4,5,9,9,17,10,5,9,16,8,5,4,4,7,8,5,5,1,3,2,-0,4,6,3,4,2,3,3
430237,,,,,,,,,,,,,,,,,,,,,,,,,17,18,16,14,21,13,14,13,12,15,9,16,17,8,9,15,5,10,7,6,7,4,2,-4,-2,-0,-2,-4,-2,-4,-4,-1,0,-2,-0,-0,-1,-2,-2,-2,-3,-2,-3,-4
430238,,,,,,,,,,,,,,,,,,,,,,,,,,,,,,,,,,,,,,,,,,,,,,,,,,,,,,,,,,,,,,,,,,,,
430304,,,,,,,,,,,,,3,-2,-0,4,5,2,1,3,2,6,4,5,6,14,11,5,9,9,9,11,11,12,10,10,8,8,12,12,11,11,10,12,9,8,5,9,9,1,-0,2,-5,-1,-2,-5,-2,-5,-6,-3,-3,-1,-0,-4,3,-6,-6,-6
430307,,,,,,,,,,,,,2,-1,4,-0,9,17,7,7,-1,11,2,17,9,15,6,9,12,5,5,6,10,-4,7,-4,-5,-1,5,7,0,4,7,5,2,3,1,9,8,7,-1,4,-3,2,-3,-6,-1,-2,1,-1,-6,-9,-5,-8,-4,-4,-1,-4
430317,,,,,,,,,,,,,-0,-3,-3,-2,-5,-14,-6,2,2,9,5,21,18,19,18,18,14,22,15,13,11,7,8,1,1,5,6,11,10,10,7,3,5,5,5,6,10,-1,-3,-6,-6,-8,-5,-8,-4,-10,-8,-10,-10,-6,-4,-9,-3,-6,-8,-3
430321,,,,,,,,,,,,,2,-2,8,4,2,1,-7,-9,-12,-10,-8,-7,-3,-1,-9,-9,-7,-7,-4,8,15,8,28,3,17,15,20,17,28,8,6,-12,9,12,7,15,-2,7,-7,9,-19,13,11,17,0,-8,-13,12,-3,-15,1,-18,6,-13,-3,-11
430323,,,,,,,,,,,,,10,7,-2,-5,-3,-0,4,2,-5,-2,-2,3,6,7,13,6,-4,-2,-1,2,10,4,0,4,1,1,-6,6,11,8,3,9,7,10,11,1,9,4,7,0,-4,-2,-3,-4,-4,-6,-11,0,-8,-4,2,-2,3,3,7,1
430351,,,,,,,,,,,,,5,6,7,-8,-4,1,2,6,7,6,7,9,13,-1,3,16,10,7,16,11,10,19,15,14,12,23,9,11,14,9,-1,-3,4,-5,-10,-3,-7,-6,-5,-3,-2,-9,4,3,7,2,5,4,3,0,7,-0,2,8,3,7
430355,,,,,,,,,,,,,3,7,7,6,0,6,7,6,2,5,1,1,4,2,9,6,5,0,-1,-2,1,2,4,0,2,1,-5,-2,6,1,-1,-7,-12,-6,-9,-0,-12,-6,-8,-5,-10,-10,-6,-3,4,-4,-8,-4,-2,-0,1,-11,-1,0,0,-3
430356,,,,,,,,,,,,,6,6,5,8,6,7,8,9,7,7,11,5,4,8,6,2,3,7,2,4,5,8,8,13,8,8,9,10,11,6,8,7,2,3,-5,2,1,0,-1,-3,-5,-3,-6,-6,-5,-6,2,-4,-2,-3,-2,-2,-1,-2,-1,2
430357,,,,,,,,,,,,,-15,-16,-12,-9,-3,-9,-9,-9,-11,-13,-8,-9,-10,-10,-10,-9,-17,-16,-16,-16,-14,-10,-10,-8,-9,-9,-7,-3,-1,-1,-5,-1,-9,-13,-14,-17,-18,-20,-22,-26,-26,-27,-26,-27,-21,-21,-18,-13,-16,-12,-14,-13,-14,-11,-10,-14
430358,,,,,,,,,,,,,-4,1,2,-0,2,3,2,4,1,-4,14,27,21,10,26,27,24,24,23,23,27,16,-2,0,-0,12,-1,-1,1,-0,-1,-4,-7,-3,2,-4,-4,-20,-20,-19,-23,-22,-22,-23,-20,-8,-3,2,2,8,7,1,7,9,9,10
430359,,,,,,,,,,,,,3,4,5,11,20,17,18,24,9,13,15,18,16,16,16,13,8,10,14,15,31,29,28,24,26,28,28,32,37,42,32,18,0,0,-2,2,-1,-2,-5,10,-11,-11,-17,-15,-15,-18,-17,-15,-16,-19,-16,-33,-34,-37,-27,-18
430361,,,,,,,,,,,,,0,1,1,-4,-2,3,4,5,6,7,7,5,5,8,6,10,10,8,6,4,8,10,8,3,7,5,6,6,7,2,2,2,-2,-0,-6,2,-1,-3,-6,-3,-10,-4,-3,0,3,-0,5,-2,0,-3,-1,-3,-1,-2,-4,-6
430362,,,,,,,,,,,,,2,6,7,4,8,9,8,13,8,12,10,15,13,13,9,14,13,13,13,11,14,12,10,9,16,16,18,9,10,8,7,4,2,3,5,5,0,-3,-6,3,-2,-3,-2,-3,-3,-6,-8,-4,-1,-7,-1,-11,-5,2,-1,3
430363,,,,,,,,,,,,,4,8,-4,9,-0,4,-4,-1,-5,7,4,9,15,7,15,8,16,18,11,11,15,3,6,-3,-1,10,2,17,13,-2,17,16,7,6,6,30,16,14,9,-3,1,9,-2,-3,1,-2,-11,-25,-6,-26,-12,-22,-14,-20,-14,-13
430364,,,,,,,,,,,,,,,,,,,,,,,,,,,,,,,,,,,,,,,,,,,,,,,,,1,14,12,10,10,15,15,11,5,4,25,5,10,2,-9,-15,-4,-5,-15,-5
430365,,,,,,,,,,,,,,,,,,,,,,,,,,,,,,,,,,,,,,,,,,,,,,,,,,,,,,,,,,,,,-10,-24,-13,-11,-9,-14,-14,3
430407,,,,,,,,,,,,,-4,-9,-4,-1,-5,-0,-1,-3,-3,7,9,7,21,22,21,20,24,26,25,22,29,16,15,15,4,5,3,-1,-2,-5,-8,-5,-6,-2,-4,-1,-2,-4,-1,2,1,2,3,2,2,0,3,-2,2,1,-2,-1,1,-1,1,-2
430409,,,,,,,,,,,,,-14,-13,-12,-11,-7,-7,-5,-7,-2,-6,-0,9,18,18,17,16,13,12,11,10,17,15,16,14,4,2,1,4,4,5,9,7,1,5,6,5,5,6,6,3,1,1,-1,1,-1,-0,-2,-2,1,-3,-4,-5,-2,-1,-2,-1
430413,,,,,,,,,,,,,0,-0,1,5,5,3,3,2,3,3,5,6,7,8,7,8,9,9,11,12,14,14,13,14,13,12,12,11,10,8,6,7,4,3,2,1,2,2,2,2,3,3,3,3,2,2,3,3,2,2,2,2,0,1,-0,-0
430414,,,,,,,,,,,,,0,-0,2,3,2,4,5,4,5,6,5,6,9,10,10,7,11,7,8,14,11,14,9,12,8,12,12,10,8,11,11,4,6,6,4,5,2,1,-1,4,-0,-1,-3,-1,0,-0,-1,-2,3,2,2,-3,1,6,8,1
430418,,,,,,,,,,,,,-2,-0,4,9,5,9,3,5,14,11,11,21,23,19,14,13,14,6,12,12,9,8,9,5,2,1,2,1,2,1,2,1,7,1,-3,-0,3,1,-0,-0,-2,-0,-1,-1,-5,-3,-1,-2,-3,1,-1,-1,1,-1,-1,1
430419,,,,,,,,,,,,,2,1,-2,-1,-4,-5,-6,-2,-1,-2,2,1,2,3,6,8,10,9,13,11,10,12,10,7,8,7,6,2,4,4,5,2,-1,1,-0,1,-2,-1,-0,1,-1,-2,-3,-2,-1,-4,-1,-3,-2,-2,-2,-6,-3,-0,-2,-1
430422,,,,,,,,,,,,,-2,-1,-1,2,2,1,-0,-1,0,1,1,3,9,10,10,11,10,12,13,11,14,16,14,13,10,12,9,12,13,10,7,8,6,5,5,7,4,-1,-0,-2,-4,-1,-0,-1,-2,-4,-2,-5,-1,-1,2,1,2,2,2,4
430423,,,,,,,,,,,,,-2,-2,-1,-2,-6,-8,-7,-5,-4,-2,2,-1,8,4,6,9,14,14,10,13,16,10,6,12,9,6,5,4,2,1,3,7,-1,8,3,0,-5,-3,-3,0,-1,0,-4,-8,-1,-5,-1,-3,2,4,1,-0,0,-2,3,3
430425,,,,,,,,,,,,,4,4,1,2,5,1,-2,-1,1,-2,2,7,4,6,7,11,11,10,13,13,14,17,10,4,2,2,4,6,2,2,2,-1,-2,1,1,0,2,2,1,-2,-1,-1,-2,1,-1,-2,1,0,4,2,-0,1,4,2,3,3
430503,,,,,,,,,,,,,-4,-1,-2,-6,-5,2,8,9,5,6,4,3,6,8,8,14,10,6,1,5,8,-1,1,5,6,4,11,6,8,9,9,6,8,13,10,4,7,3,-2,2,1,-2,2,1,2,3,3,4,2,4,4,2,3,3,-0,2
430505,,,,,,,,,,,,,-1,1,1,-3,-1,-3,-4,-0,3,1,6,7,6,5,11,15,19,22,24,29,28,32,34,35,31,29,21,15,12,10,6,-0,-2,-5,-6,-10,-9,-10,-9,-7,-9,-9,-6,-4,-3,-3,-3,-2,-2,-0,-1,-0,-1,-1,-2,-2
430507,,,,,,,,,,,,,-9,-11,-8,-6,-9,-8,-7,-7,-3,-4,-4,2,6,7,7,8,13,13,14,19,18,20,19,15,13,12,15,18,16,16,12,7,7,8,8,10,8,7,2,-1,-2,-2,-1,0,1,0,-1,-0,0,-1,-1,-1,-0,0,1,-0
430509,,,,,,,,,,,,,-6,-4,-8,-6,-9,-6,-10,-6,-9,-13,-4,-1,1,-1,4,14,15,9,16,15,26,30,25,30,21,25,32,19,24,28,23,20,14,10,1,8,6,9,-1,0,-3,-3,-2,-3,-3,-1,6,-1,-1,-2,1,-1,-3,-4,-4,-2
430524,,,,,,,,,,,,,-22,-20,-16,-14,-14,-9,-7,-7,-3,3,5,2,7,2,6,3,5,2,6,-3,-4,-3,0,0,-0,-3,-3,-6,-8,-6,-7,1,0,0,-6,-4,-8,2,-2,4,4,2,-2,-1,1,1,5,4,5,-3,1,0,2,2,3,4
430525,,,,,,,,,,,,,-6,-7,-7,-7,-1,-0,1,6,6,4,13,14,9,13,12,12,6,7,9,6,5,8,11,13,13,11,10,9,9,8,4,5,7,3,2,2,1,-1,1,3,1,0,0,1,1,2,2,0,0,2,1,1,3,4,-1,1
430526,,,,,,,,,,,,,3,5,4,-2,-2,6,-2,1,2,3,3,2,3,1,1,1,2,3,4,4,4,4,4,3,3,3,3,3,2,2,2,2,1,2,2,2,2,1,0,1,1,1,1,2,1,1,1,1,1,1,2,1,1,1,1,0
430527,,,,,,,,,,,,,-1,-0,0,2,1,2,2,3,2,2,3,3,4,6,8,13,20,23,24,31,35,38,39,37,39,36,33,26,20,16,16,9,6,3,-0,0,-1,-1,-0,1,2,4,5,3,7,6,9,9,12,11,10,10,3,1,-1,1
430529,,,,,,,,,,,,,-6,-9,-5,-4,-3,-3,-3,-3,1,0,2,5,5,7,8,9,7,7,9,10,11,18,19,16,17,14,19,22,28,28,26,26,23,15,14,14,8,12,6,1,-3,-1,-2,-4,-2,-2,-3,-2,-1,0,-4,-2,-0,-2,-5,-5
430530,,,,,,,,,,,,,5,4,6,4,9,5,6,4,4,6,5,3,7,8,8,9,6,5,5,7,5,7,13,14,8,9,7,7,7,10,10,7,10,7,3,3,5,1,2,1,5,6,5,6,1,0,1,1,2,7,7,6,3,-0,1,2
430531,,,,,,,,,,,,,1,1,8,10,5,10,9,3,9,7,-2,7,2,8,-0,4,3,3,14,10,7,5,8,8,3,5,7,8,13,15,7,9,11,15,11,11,16,10,11,-1,9,2,3,-1,-3,-3,1,-0,-5,-1,-3,8,-5,-2,-4,1
430533,,,,,,,,,,,,,5,6,6,1,1,6,13,11,11,3,7,4,3,0,5,7,17,18,21,19,23,29,31,34,30,36,33,33,20,21,14,11,6,5,-1,-1,0,-3,-3,-5,-5,-10,-5,-2,-3,-3,0,-0,-2,0,-3,-4,-2,4,-1,-4
430535,,,,,,,,,,,,,0,-1,-1,-1,-4,-4,-4,-4,-4,-3,-2,-2,-3,-4,-2,-1,2,3,3,2,2,2,1,2,3,4,1,1,0,1,2,-0,1,2,0,0,1,1,2,1,3,7,5,7,6,5,7,7,6,6,6,7,7,3,4,3
430536,,,,,,,,,,,,,1,-2,-3,-5,-5,-4,1,-2,-0,-2,1,4,1,7,8,7,10,11,17,18,22,23,23,22,21,22,17,16,13,10,8,4,1,-0,-1,-4,-3,-7,-5,-6,-7,-7,-8,-7,-8,-6,-9,-4,-6,-2,-4,-1,-2,-1,-3,-2
430538,,,,,,,,,,,,,3,-8,-5,-3,-3,-7,-3,-12,-6,-5,-5,4,-10,5,-4,2,-3,-3,2,7,10,14,14,4,22,2,18,9,14,17,17,22,9,11,13,21,7,14,9,10,8,3,3,2,0,0,0,-3,-3,3,-1,3,-4,2,1,-6
430539,,,,,,,,,,,,,-8,-6,-12,-10,-13,-15,-11,-15,-13,-8,-5,-1,-2,-2,4,3,9,13,15,13,12,10,10,9,8,9,8,12,9,9,7,6,7,8,7,8,8,10,6,2,4,2,3,2,-3,-5,-2,-3,-3,-4,-3,-1,-1,1,1,1
430540,,,,,,,,,,,,,5,7,0,5,1,3,-2,5,14,8,9,2,9,9,16,20,19,13,17,23,10,24,22,26,20,22,15,10,17,19,17,12,14,8,5,3,5,5,6,3,6,2,3,4,2,4,4,5,4,1,-3,7,-5,4,-0,-3
430541,,,,,,,,,,,,,,,,,,,,,,,,,3,0,2,2,10,10,11,9,17,16,17,18,16,11,15,13,9,5,6,7,-1,-1,-3,1,-5,-7,-3,-2,-3,-6,-4,-8,-9,-15,-7,-11,-4,-8,-8,-12,-4,1,-11,3
430542,,,,,,,,,,,,,,,,,,,,,,,,,,,,,,,,,,,,,11,14,19,12,16,15,18,14,10,15,18,10,4,2,-3,-1,-1,-4,-4,-3,1,1,-3,3,3,6,5,6,-1,8,0,4
430543,,,,,,,,,,,,,,,,,,,,,,,,,,,,,,,,,,,,,14,15,15,14,13,10,7,7,6,5,-2,-3,-4,-4,-6,-5,-5,-4,-3,-2,-2,-3,-1,-1,-0,-4,-2,-3,-3,-4,-1,-1
430613,,,,,,,,,,,,,-5,-5,-5,2,2,0,0,2,1,2,5,5,8,20,21,23,24,29,35,35,39,39,37,36,35,28,29,32,31,28,21,18,16,14,15,15,16,10,9,5,-0,-1,-0,-2,-4,-4,-5,-4,-5,-5,-7,-7,-2,1,-1,1
430617,,,,,,,,,,,,,4,3,4,-9,-7,-1,-2,3,1,-0,0,0,-0,1,1,3,2,4,5,6,7,5,5,5,3,4,4,4,2,1,4,1,3,3,2,3,-1,-3,-3,3,-15,9,17,17,15,15,15,15,7,19,19,12,37,9,-0,-0
430621,,,,,,,,,,,,,4,4,4,5,5,5,5,6,5,5,6,6,6,6,7,7,8,9,11,11,12,12,12,12,12,13,12,12,14,14,13,14,15,15,15,15,14,13,13,13,11,10,10,9,9,9,9,9,9,9,9,8,9,9,8,8
430622,,,,,,,,,,,,,3,2,2,2,3,3,3,3,3,3,3,3,3,4,5,6,7,7,8,8,9,11,12,13,13,13,13,12,12,12,11,11,10,9,9,8,9,8,8,8,7,7,7,7,7,7,7,7,7,6,6,6,7,7,7,7
430623,,,,,,,,,,,,,1,1,2,6,0,-1,-1,-1,-1,-1,-3,-4,-1,-1,-2,-1,2,1,1,1,1,1,0,0,1,0,1,8,8,8,8,8,9,9,9,9,9,9,11,-2,-3,-3,-3,-3,-3,5,5,5,5,5,3,8,9,9,9,9
430624,,,,,,,,,,,,,1,-1,1,-0,2,5,4,8,5,8,7,11,9,13,10,8,9,8,15,14,17,14,17,12,14,15,21,21,19,19,12,10,8,9,3,7,6,3,-3,-3,-4,-2,-3,-2,-3,-6,3,-2,1,-3,-0,2,2,4,3,3
430626,,,,,,,,,,,,,-8,-7,-8,-9,-5,-2,0,-4,-4,-2,1,1,-1,-1,-0,0,-3,-0,3,10,15,14,12,17,19,19,18,17,19,16,16,8,4,5,6,2,-3,-1,0,-3,-6,-3,-6,-6,-6,-8,-10,-8,-5,-8,-9,-6,-7,-8,-9,-2
430627,,,,,,,,,,,,,,,,,,,,,,,,,,,,,,,,,,,,,3,5,5,4,5,-1,2,3,2,-1,-1,1,-2,-0,2,-8,-5,2,3,3,-0,2,-2,1,2,-0,-3,4,4,-1,-6,-3
430628,,,,,,,,,,,,,,,,,,,,,,,,,,,,,,,,,,,,,,,,,,,,,,,,,,,,,,,,,,,,,-3,-1,-1,1,2,3,1,2
440101,,,,,,,,,,,,,1,1,1,1,1,1,1,2,1,2,2,2,3,3,4,5,5,5,5,5,6,6,5,6,6,5,4,4,5,4,4,5,4,4,5,4,4,5,5,5,4,5,5,5,5,5,5,5,5,5,4,4,4,4,5,5
440104,,,,,,,,,,,,,1,1,1,1,3,3,2,3,3,3,4,4,5,6,6,7,8,9,8,8,9,9,10,10,9,10,10,10,9,8,8,9,8,8,7,6,6,6,5,5,5,6,6,5,6,6,6,6,6,6,6,6,7,6,7,7
440105,,,,,,,,,,,,,3,3,3,4,5,5,5,5,5,5,5,5,6,7,7,7,7,8,9,9,10,10,10,10,9,9,10,9,8,8,7,7,6,6,6,6,6,6,6,6,6,5,5,6,5,5,5,5,5,4,3,4,4,4,4,4
440112,,,,,,,,,,,,,5,5,5,5,5,5,3,3,3,2,2,2,10,10,10,10,10,10,10,10,10,10,10,10,1,1,1,1,1,1,0,0,0,0,0,0,0,0,0,0,0,0,1,1,1,1,1,1,1,1,1,1,1,1,-0,-0
440113,,,,,,,,,,,,,4,4,4,4,4,4,4,3,2,2,3,2,4,4,4,5,4,4,5,6,7,6,6,6,5,5,4,4,3,3,3,3,3,3,3,4,4,4,4,4,5,4,4,4,5,5,5,6,6,6,6,6,6,6,6,6
440116,,,,,,,,,,,,,2,3,3,4,4,4,4,4,3,3,3,3,3,3,3,3,3,3,3,3,4,4,4,4,4,4,4,4,4,4,4,4,4,4,5,4,4,5,4,4,3,3,3,3,2,2,1,2,2,1,2,2,3,3,3,3
440118,,,,,,,,,,,,,0,1,0,0,0,1,1,0,1,0,1,1,1,1,2,2,1,1,1,1,2,2,2,2,2,2,1,1,2,2,2,2,4,9,10,10,10,10,10,10,10,10,9,9,7,-12,-12,-12,-12,-12,-12,-11,-11,-11,-11,-11
440120,,,,,,,,,,,,,1,1,2,2,2,3,2,2,2,3,3,3,3,3,3,3,4,4,4,4,5,4,4,4,4,4,4,3,3,3,3,3,3,3,3,3,3,2,3,3,3,3,3,3,3,3,3,3,3,4,3,3,4,3,4,4
440121,,,,,,,,,,,,,-0,-0,0,1,1,2,2,2,3,3,4,4,4,5,5,4,5,6,7,7,6,6,7,7,7,7,8,7,6,6,5,5,5,5,5,4,4,3,4,5,6,5,5,5,5,5,5,5,5,5,5,4,4,4,4,3
440122,,,,,,,,,,,,,-5,-5,-5,-8,-8,-8,-10,-10,-10,-4,-4,-4,-10,-10,-10,-8,-8,-8,1,1,1,-3,-3,-3,3,3,3,3,3,3,-3,-3,-3,-3,-3,-3,4,4,4,5,5,5,8,8,8,8,8,8,2,2,2,-3,-3,-3,-2,-2
440123,,,,,,,,,,,,,4,4,5,5,6,5,5,4,6,6,6,4,5,4,4,5,6,6,6,7,7,8,8,9,10,10,10,9,9,10,10,9,8,8,8,8,6,7,7,6,6,6,5,4,4,4,4,4,5,4,4,5,5,4,5,5
440126,,,,,,,,,,,,,1,1,1,1,1,1,1,0,0,0,0,0,0,1,1,1,1,1,2,2,3,5,5,5,6,6,7,7,7,8,7,8,7,5,5,6,6,6,6,5,6,6,6,5,5,5,5,5,5,5,6,6,6,5,5,6
440127,,,,,,,,,,,,,7,6,5,6,8,10,11,11,11,11,11,11,9,10,10,9,8,8,7,7,8,7,6,4,5,4,3,2,2,3,0,-0,-1,-2,-2,-2,-1,-0,1,2,2,1,2,3,3,4,4,6,5,3,3,3,3,2,3,4
440128,,,,,,,,,,,,,2,3,3,4,3,4,5,7,7,6,6,5,6,5,5,5,6,6,6,6,6,6,7,7,7,8,8,8,9,8,8,8,8,8,8,8,8,8,7,6,6,7,7,8,8,8,9,8,8,9,8,8,9,7,7,7
440129,,,,,,,,,,,,,5,4,4,6,6,6,1,3,4,4,4,4,3,4,4,4,3,4,4,4,5,4,3,3,3,3,3,4,4,4,3,3,3,3,4,4,4,4,4,3,3,2,2,2,2,2,2,2,3,3,3,4,3,3,3,3
440131,,,,,,,,,,,,,4,4,4,5,9,10,8,8,8,7,8,7,8,8,8,8,3,3,3,2,2,2,2,2,1,2,2,1,1,1,1,2,2,2,2,2,4,5,5,5,4,4,5,5,4,4,5,6,3,3,3,2,3,4,3,3
440132,,,,,,,,,,,,,3,2,1,2,3,3,3,6,7,9,10,12,14,17,17,18,18,18,17,15,15,13,13,12,13,12,12,12,11,11,11,10,10,11,10,9,7,6,5,4,4,4,4,5,4,3,3,3,4,5,5,6,6,6,6,6
440204,,,,,,,,,,,,,1,1,1,1,1,1,1,1,1,1,1,1,1,1,1,1,1,1,1,1,1,1,1,1,2,2,2,2,2,2,2,2,2,2,2,2,3,3,3,4,4,4,5,5,5,5,5,5,4,4,4,3,3,3,3,3
440208,,,,,,,,,,,,,-5,-5,-5,-5,-5,-6,-5,-7,-8,-9,-9,8,26,26,24,25,25,24,22,24,27,30,30,10,-6,-2,2,4,2,2,3,3,1,0,-0,1,3,0,-0,-1,3,5,5,5,4,4,4,4,3,-2,-5,-8,-10,-11,-13,-13
440218,,,,,,,,,,,,,1,1,1,-9,-9,-9,-9,-9,-9,-19,-19,-19,-38,-38,-38,-33,-33,-33,-33,-33,-33,-26,-26,-26,-4,-4,-4,0,0,0,-32,-32,-32,-32,-32,-32,-32,-32,-32,-32,-32,-32,-0,-0,-0,-0,-0,-0,-0,-0,-0,1,1,1,1,1
440224,,,,,,,,,,,,,-0,-0,0,1,1,1,2,2,2,2,2,2,2,2,2,1,1,1,0,0,0,0,0,0,0,0,0,0,0,0,0,0,0,0,0,0,0,0,0,0,0,0,0,0,0,0,0,0,0,0,0,0,0,0,0,0
440227,,,,,,,,,,,,,2,2,2,2,2,2,2,2,2,3,3,3,4,4,4,4,3,3,3,4,4,4,3,4,4,6,6,6,7,8,8,8,9,9,9,9,8,7,7,8,8,8,8,8,8,8,8,7,7,7,7,7,6,6,6,6
440229,,,,,,,,,,,,,0,0,0,0,0,0,0,0,0,0,0,0,0,0,0,0,0,0,0,0,0,0,0,0,0,0,0,0,0,0,0,0,0,0,0,0,0,0,0,0,0,0,0,0,0,0,0,0,0,0,0,15,15,15,15,15
440230,,,,,,,,,,,,,4,4,4,4,4,4,4,4,4,5,5,5,5,5,5,5,5,5,5,5,5,5,5,5,5,5,5,5,5,5,5,5,5,7,7,7,7,7,7,7,7,7,7,7,7,9,9,9,9,9,9,9,9,9,9,9
440231,,,,,,,,,,,,,0,0,0,0,0,0,0,0,0,0,0,0,0,0,0,0,0,0,0,0,0,0,0,0,0,9,9,9,9,9,9,9,9,9,9,9,9,0,0,7,7,7,7,7,7,7,7,7,7,7,7,7,7,7,7,7
440232,,,,,,,,,,,,,3,3,4,4,4,4,4,4,4,3,3,3,3,3,3,3,3,4,4,4,5,5,6,6,6,6,7,7,7,7,8,8,7,7,7,7,7,7,7,7,8,8,8,8,8,8,8,7,8,8,8,8,8,7,7,8
440237,,,,,,,,,,,,,-1,-0,-1,-4,-4,-3,-3,-3,-2,-2,-1,0,0,0,1,7,9,9,9,10,10,10,11,10,10,10,10,11,9,9,9,8,7,8,6,5,4,4,3,2,1,1,1,1,1,1,2,2,2,3,3,3,3,3,3,3
440238,,,,,,,,,,,,,4,4,4,4,4,4,4,4,4,4,4,4,4,4,4,4,4,4,4,4,5,5,5,5,5,5,5,5,5,5,5,5,8,8,8,8,8,8,8,8,8,8,8,8,5,5,5,5,18,18,18,18,18,18,18,18
440239,,,,,,,,,,,,,2,2,2,2,2,2,2,2,2,5,5,5,5,5,5,5,5,5,5,5,5,2,2,2,2,2,2,2,2,2,2,2,2,2,2,2,2,2,2,2,2,2,2,2,2,2,2,2,2,2,2,2,2,2,2,2
440240,,,,,,,,,,,,,10,9,8,9,9,7,7,8,7,7,7,6,6,6,5,6,7,8,8,7,7,8,8,8,8,9,10,10,9,9,8,8,8,7,6,6,6,6,6,6,6,6,6,6,5,6,6,8,8,8,7,8,8,9,9,9
440241,,,,,,,,,,,,,1,1,1,1,1,2,2,1,2,2,3,3,4,4,4,5,6,6,7,8,7,8,8,8,8,7,7,7,6,6,5,4,4,4,3,2,2,3,2,2,1,1,1,0,1,0,1,1,1,2,1,1,2,2,2,3
440243,,,,,,,,,,,,,-2,-2,-2,-2,-2,-2,-2,-2,3,3,3,3,3,3,3,3,3,3,3,3,3,3,3,3,3,3,3,3,3,3,3,3,4,4,4,4,4,4,4,4,4,4,4,4,6,6,6,6,6,6,6,6,6,6,6,6
440246,,,,,,,,,,,,,5,5,5,5,5,5,5,5,5,8,8,8,6,6,6,4,4,4,3,3,3,1,1,1,6,6,6,9,9,9,13,13,13,16,16,16,14,14,14,15,15,15,13,13,13,10,10,10,1,1,1,2,2,2,-5,-5
440247,,,,,,,,,,,,,-40,-40,-40,0,0,0,0,0,0,0,0,0,0,0,0,0,0,0,0,0,0,0,0,0,0,0,0,0,0,0,0,0,0,0,0,0,0,0,0,0,0,0,-8,-8,-8,-8,-8,-8,-8,-8,-8,-8,-8,-8,0,0
440250,,,,,,,,,,,,,2,2,2,-1,-1,-1,-1,-1,-1,-1,-1,-1,-1,-1,-1,0,0,0,0,0,0,0,0,0,0,0,0,0,0,0,0,0,0,0,0,0,0,0,0,4,4,4,7,7,7,7,7,7,12,12,12,7,7,7,5,5
440252,,,,,,,,,,,,,-17,-17,-17,-15,-15,-15,-17,-17,-17,-17,-17,-17,-18,-18,-18,-32,-32,-32,-14,-14,-14,-21,-21,-21,-21,-21,-21,-12,-12,-12,-16,-16,-16,-11,-11,-11,-11,-11,-11,-1,-1,-1,-1,-1,-1,4,4,4,5,5,5,3,3,3,1,1
440254,,,,,,,,,,,,,1,1,1,2,2,3,3,3,3,3,3,3,4,4,4,3,3,3,4,4,5,5,5,5,4,4,4,4,4,4,4,4,3,3,3,3,4,4,4,4,4,4,3,3,3,2,2,2,2,3,4,4,5,5,5,5
440255,,,,,,,,,,,,,-0,-6,-6,-7,-7,-5,-5,-5,-4,-4,-4,-4,-4,2,3,3,3,3,3,3,3,3,3,3,3,3,3,3,2,2,2,2,1,1,-0,-5,-5,-7,-7,-7,-7,-8,-8,-8,-7,-8,-7,-3,-3,-1,-1,-1,-0,-0,-1,-1
440256,,,,,,,,,,,,,4,4,4,4,7,7,10,10,1,-0,3,4,5,5,5,5,5,5,2,2,1,1,1,1,0,0,0,0,-0,-0,-0,0,0,0,0,0,0,0,0,1,1,1,0,-0,-0,0,0,0,0,0,0,-1,-1,-1,0,0
440257,,,,,,,,,,,,,1,1,1,-6,-6,-6,-4,-4,-4,-2,-2,-2,-5,-5,-5,18,18,18,25,25,25,24,24,24,30,30,30,13,13,13,10,10,10,8,8,8,7,7,7,10,10,10,4,4,4,5,5,5,5,5,5,7,7,7,7,7
440258,,,,,,,,,,,,,3,3,3,1,1,1,0,0,0,0,0,0,4,4,4,8,8,8,9,9,9,8,8,8,4,4,4,1,1,1,-0,-0,-0,1,1,1,-1,-1,-1,1,1,1,19,19,19,19,19,19,24,24,24,19,19,19,1,1
440302,,,,,,,,,,,,,,,,,,,,,,,,,,,,,,,,,,,,,,,,,,,,,,,,,17,17,17,25,25,25,25,25,25,35,24,24,24,24,24,13,13,13,13,13
440303,,,,,,,,,,,,,,,,,,,,,,,,,,,,,,,,,,,,,,,,,,,,,,,,,5,6,6,10,9,9,7,7,7,7,4,10,4,6,4,-1,-1,-1,0,0
440401,,,,,,,,,,,,,1,1,1,4,4,4,4,4,4,4,4,4,4,4,4,9,9,9,9,9,9,9,9,9,9,9,9,21,21,21,21,21,21,21,21,21,21,21,21,8,8,8,8,8,8,8,8,8,8,8,8,6,6,6,6,6
440402,,,,,,,,,,,,,2,1,0,2,1,1,1,-0,1,1,-0,-0,0,0,-0,5,5,5,5,5,4,4,4,4,4,5,5,9,9,8,8,9,9,9,8,7,7,6,9,5,6,6,6,5,5,6,6,7,8,8,7,5,4,4,5,6
440403,,,,,,,,,,,,,1,1,1,0,0,0,0,0,0,0,0,0,0,0,0,0,1,1,1,1,1,1,1,1,1,1,1,1,0,0,0,0,0,0,0,0,0,0,0,0,0,0,0,0,0,0,0,0,0,0,0,0,0,0,0,0
440405,,,,,,,,,,,,,0,0,0,0,0,0,0,0,0,0,0,0,0,0,0,2,2,2,2,2,2,2,2,2,2,2,2,14,14,14,14,14,14,14,14,14,14,14,14,0,0,0,0,1,1,1,1,1,1,1,1,2,2,2,2,1
440406,,,,,,,,,,,,,2,2,2,2,2,2,3,3,3,2,2,2,2,2,2,5,5,5,3,3,3,3,3,3,3,3,3,3,3,3,4,4,4,5,5,5,8,8,8,10,10,10,10,10,10,7,7,7,4,4,4,12,12,12,12,12
440409,,,,,,,,,,,,,3,3,3,4,4,4,2,2,2,2,2,2,2,2,2,1,1,1,1,1,1,1,1,1,1,1,1,9,9,9,9,9,9,9,9,9,9,9,9,6,6,6,6,6,7,7,7,7,7,7,7,7,7,7,7,7
440410,,,,,,,,,,,,,,,,,,,,,,,,,,,,,,,,,,,,,,,,,,,,,,,,,,,,,,,,,,,,,,,,,,,,
510104,,,,,,,,,,,,,-10,-12,-11,-5,0,-1,-10,-9,-9,-8,-1,1,2,8,7,5,7,4,3,7,11,12,11,6,13,12,11,9,4,7,7,12,11,12,12,12,2,2,3,2,-0,-3,-1,-10,-6,-9,-6,-5,-2,-2,-1,-2,-2,2,1,7
510106,,,,,,,,,,,,,-2,-9,-3,-0,5,1,1,1,-2,0,6,4,5,13,9,6,5,6,5,7,9,8,6,5,7,6,5,5,2,2,3,2,2,2,-2,2,3,3,4,6,7,4,2,1,1,1,7,2,0,0,1,-1,-1,1,2,1
510108,,,,,,,,,,,,,-10,-18,-19,-7,-12,-13,-14,-7,-9,-9,-4,-2,3,12,10,2,9,10,7,6,7,6,9,9,10,11,10,6,3,6,7,9,10,7,3,4,4,2,8,4,11,2,5,-0,-2,0,3,0,0,0,-3,-2,-4,3,-3,1
510109,,,,,,,,,,,,,-15,-11,-9,-4,-2,-6,-3,-4,-10,-7,0,2,12,11,12,10,7,8,9,12,17,14,13,10,13,12,10,9,9,9,7,5,4,2,1,1,0,-1,2,2,2,1,0,-1,2,2,4,3,4,2,1,2,2,3,2,5
510113,,,,,,,,,,,,,-7,-10,-10,-4,9,-1,1,-4,-5,1,4,2,6,9,10,4,4,3,3,8,8,9,10,8,10,11,10,8,7,8,7,3,5,2,1,5,3,4,3,3,3,2,2,3,4,3,6,4,3,-0,-2,2,2,3,2,-1
510117,,,,,,,,,,,,,-12,-7,-6,4,8,5,10,-3,-3,-2,5,2,13,9,9,6,5,4,5,8,6,8,9,9,8,9,9,10,10,9,8,8,11,6,4,6,5,3,3,0,2,2,3,3,4,5,6,4,4,4,4,5,2,2,3,1
510118,,,,,,,,,,,,,-15,-14,-13,-5,0,-5,-2,-4,-2,-2,2,-1,13,13,15,9,8,7,5,5,7,7,9,11,10,10,9,11,10,10,10,12,11,9,5,4,1,3,4,2,5,3,-0,0,1,1,2,4,4,-1,1,-2,-6,-2,-1,-2
510120,,,,,,,,,,,,,-2,-8,-1,8,4,3,1,1,-3,-2,5,-0,5,10,9,7,10,8,6,7,11,10,9,12,9,10,6,6,6,3,6,6,5,4,3,1,2,1,6,3,1,3,-3,-4,-2,-4,-1,-3,-4,-4,-4,-1,1,-1,-0,0
510122,,,,,,,,,,,,,-1,2,1,2,-0,-2,-2,-3,-1,-1,-3,-6,-4,-3,-7,7,0,0,2,3,6,7,10,12,4,5,12,-1,13,17,11,11,7,5,9,7,14,12,8,7,4,0,-0,1,1,2,-1,-0,0,-0,2,3,0,3,7,5
510124,,,,,,,,,,,,,-3,-3,-1,4,2,3,0,7,5,5,9,9,10,11,16,5,3,1,6,4,6,6,6,4,6,9,4,14,17,18,12,11,11,9,8,9,8,5,5,2,3,3,3,4,2,2,4,2,2,-0,0,-4,-7,-7,-7,-11
510126,,,,,,,,,,,,,12,13,18,5,6,11,15,17,12,3,5,7,4,-1,9,15,19,14,13,5,-3,2,4,5,1,21,12,8,12,-1,5,14,26,17,11,13,15,-5,-5,0,-6,5,29,27,-3,0,3,2,0,1,6,2,2,4,-21,-19
510127,,,,,,,,,,,,,-6,-3,10,17,25,47,47,22,6,4,9,23,16,20,16,10,3,-10,-5,2,9,13,8,-0,12,0,8,-4,-8,5,16,15,13,8,11,13,12,9,4,24,23,24,9,7,4,3,-9,-10,-11,-2,-9,-9,-2,-10,-0,-3
510128,,,,,,,,,,,,,19,15,13,16,15,15,15,16,10,-4,-9,-2,-11,-6,29,32,34,34,23,20,37,38,42,43,38,37,-1,-5,-5,-8,17,20,11,9,9,3,3,12,13,13,11,15,2,1,6,10,10,9,12,3,4,6,6,2,2,5
510130,,,,,,,,,,,,,-15,-9,-9,-4,-2,-3,-3,-5,10,9,18,12,24,17,24,23,22,21,20,22,3,1,-1,-4,2,8,3,0,-0,0,1,1,-2,0,-3,4,-2,-6,-3,-2,-2,-3,-2,-3,-2,-1,2,-1,-3,-6,-2,-3,-3,-3,-7,-5
510131,,,,,,,,,,,,,-4,-8,-7,1,11,5,7,4,3,2,4,4,4,13,13,9,6,7,8,11,13,10,7,6,12,6,9,9,9,9,7,4,7,5,6,4,4,5,2,2,1,-0,-2,-5,-3,-2,1,1,-1,-2,2,-2,0,1,5,4
510132,,,,,,,,,,,,,-3,-5,-8,-3,-3,-2,-5,-5,-2,1,5,1,5,3,11,13,11,11,11,12,12,12,11,13,11,18,16,15,14,14,16,15,11,11,9,9,11,8,3,2,1,-1,-3,-3,-4,-4,0,-1,-4,-3,-2,-0,1,2,3,3
510133,,,,,,,,,,,,,,,,,,,,,,,,,6,2,3,5,2,3,-0,-1,5,2,4,8,3,7,7,5,5,4,3,4,1,1,-3,-2,3,3,4,3,4,6,1,2,4,2,6,4,4,2,-3,-4,-2,-2,2,2
510134,,,,,,,,,,,,,,,,,,,,,,,,,,,,,,,,,,,,,11,13,12,7,8,9,9,6,5,3,2,5,7,3,1,2,5,4,3,3,6,7,8,6,5,5,8,5,4,5,8,6
510206,,,,,,,,,,,,,-7,-15,-4,-4,-2,9,14,2,3,3,8,15,19,27,24,19,16,12,13,17,11,12,12,2,2,7,5,3,0,3,1,1,6,1,2,10,5,3,-1,4,3,1,4,1,-1,3,3,-2,2,3,6,1,1,3,3,-0
510208,,,,,,,,,,,,,-12,-17,-14,-10,17,7,8,-0,3,-1,4,16,19,24,28,23,19,17,16,22,11,10,12,9,4,11,7,11,4,5,6,4,9,10,9,3,7,4,2,1,3,2,-0,-2,1,6,5,7,7,1,3,-1,-4,-0,-2,8
510212,,,,,,,,,,,,,-1,-9,-5,0,17,12,6,2,-3,-8,2,-3,3,13,16,17,6,3,3,11,12,15,15,12,11,18,16,12,16,15,18,12,8,9,4,6,6,3,-4,-0,3,5,-5,4,-1,-0,2,1,-2,-6,1,-2,-2,-1,6,-5
510215,,,,,,,,,,,,,10,1,3,10,3,6,8,11,12,11,5,10,4,10,10,11,10,7,5,4,7,9,11,3,5,8,6,5,6,7,4,4,4,1,5,4,5,2,-1,-1,-3,-0,2,2,2,6,2,4,-1,2,4,1,-1,-3,-3,0
510219,,,,,,,,,,,,,-11,-13,-9,6,9,20,11,3,2,-1,5,9,18,18,16,9,1,-0,0,12,11,10,9,6,5,8,5,5,5,9,2,1,4,4,6,8,6,15,12,8,7,1,7,5,4,0,0,-1,7,-5,2,6,6,6,4,5
510223,,,,,,,,,,,,,-4,-16,-11,-17,-1,0,5,-4,-9,-12,-8,-7,-1,11,7,6,0,-4,-7,-3,2,3,4,4,2,3,1,2,1,9,9,11,8,5,5,5,3,5,9,4,6,-1,-3,-7,-3,5,-0,-1,2,-7,-4,0,-2,0,1,5
510233,,,,,,,,,,,,,-7,-8,-5,-3,-3,8,1,6,2,6,6,8,15,17,16,16,16,10,9,15,9,5,7,15,9,12,10,6,8,9,5,3,11,14,7,-1,3,1,4,5,1,1,7,10,5,5,13,8,7,9,5,2,6,1,3,2
510235,,,,,,,,,,,,,-1,-9,-5,-8,-2,-9,-5,-10,-12,-12,-7,-2,0,8,2,0,-1,-1,5,1,6,4,0,1,2,4,10,9,12,8,2,8,9,9,9,8,7,5,-1,-0,-2,-1,1,2,-1,-2,5,3,1,-3,5,0,-0,5,1,2
510236,,,,,,,,,,,,,-9,-19,-14,-8,-11,-0,-9,-1,-1,-4,-4,-1,11,17,19,11,11,11,9,6,9,12,15,14,8,11,7,6,10,3,1,0,2,2,-6,-1,0,4,3,3,1,5,2,5,-0,-2,5,-1,-3,-8,-4,-6,-4,-2,0,1
510237,,,,,,,,,,,,,-14,-22,-19,-9,4,3,-0,-6,-5,-8,4,1,2,10,11,11,4,2,5,5,11,4,0,6,7,11,12,8,7,9,8,6,7,9,8,7,18,8,6,6,1,-1,-1,6,3,4,8,3,-3,0,4,3,7,8,9,2
510238,,,,,,,,,,,,,-13,-25,-21,-7,-1,-6,-4,-9,-0,1,9,5,11,19,16,10,9,5,5,13,3,-4,3,-1,1,5,6,10,6,4,10,9,7,15,11,12,8,14,9,-1,1,2,4,5,4,6,5,2,8,1,3,5,7,7,2,4
510244,,,,,,,,,,,,,1,-1,6,13,-23,-6,-6,11,4,-9,-8,-10,-9,-8,-14,-8,-1,-1,-4,-7,5,10,16,13,9,15,21,17,18,17,15,7,1,7,6,6,7,2,-2,-2,-5,-6,-2,-0,2,-6,-3,2,1,2,1,-1,-1,0,1,2
510245,,,,,,,,,,,,,-14,-23,-23,-8,2,-1,-2,-2,-2,-4,8,9,7,24,26,22,9,5,8,8,12,10,3,3,5,9,9,7,9,10,8,11,5,7,10,11,4,-1,-1,-2,0,-1,-4,2,1,-0,2,1,2,1,5,6,6,4,9,4
510246,,,,,,,,,,,,,20,17,20,15,21,8,4,0,2,-17,-13,-10,-11,8,-2,8,2,16,26,23,13,29,19,22,21,6,3,12,14,13,6,9,15,-1,5,1,3,3,14,-4,-1,-7,-4,3,6,11,9,9,3,8,7,6,-1,6,1,-5
510248,,,,,,,,,,,,,-8,-17,-6,-2,-2,3,3,3,2,-2,2,4,14,28,20,20,17,10,11,12,12,15,10,8,12,8,10,8,9,10,8,13,17,10,8,12,10,13,6,6,5,3,-0,-2,-1,-2,1,-2,1,-7,2,2,8,7,10,9
510249,,,,,,,,,,,,,-17,-19,-17,12,-15,5,7,0,-9,-11,-5,-6,-4,1,4,-0,3,0,5,-1,17,12,3,5,3,2,1,1,2,3,-6,3,-8,-5,-1,1,7,5,5,7,2,0,7,8,0,2,3,4,3,1,1,-7,-7,-9,-12,-13
510250,,,,,,,,,,,,,-5,-7,-4,4,6,7,7,6,-1,-1,5,10,6,8,10,6,3,1,2,4,0,-0,-4,-9,-2,4,5,5,6,7,4,4,9,4,8,9,7,6,-1,-2,-3,-5,-3,-2,1,4,3,4,5,1,10,7,7,8,8,7
510254,,,,,,,,,,,,,16,7,11,11,8,19,12,15,8,-0,15,19,0,2,3,5,5,5,12,7,6,14,2,1,2,5,-2,-4,-5,10,-2,1,8,8,12,11,15,15,17,17,21,1,11,10,-3,1,-4,-6,-6,-2,-2,-1,0,-0,7,7
510255,,,,,,,,,,,,,-2,-0,2,1,6,3,8,8,8,0,-3,3,2,1,4,3,1,3,2,-1,1,8,5,7,9,8,8,7,11,11,8,13,17,14,17,13,13,11,9,9,8,5,8,8,7,3,7,2,9,12,10,10,8,12,4,-3
510256,,,,,,,,,,,,,6,17,18,28,22,12,12,12,14,14,18,18,9,6,7,3,4,4,2,3,3,6,-1,-4,-2,-1,-0,2,8,6,11,9,11,11,12,17,19,14,14,12,6,7,6,6,2,-1,1,2,0,0,-4,-3,4,2,0,-3
510257,,,,,,,,,,,,,-8,-16,-8,-4,15,5,2,-0,6,6,17,9,18,23,25,25,21,15,14,15,8,9,8,5,-4,3,-1,-2,-0,1,1,0,1,2,-2,-3,4,1,-1,2,-2,-2,2,0,-1,4,2,3,-2,2,3,-1,4,8,4,10
510258,,,,,,,,,,,,,5,3,2,2,3,3,4,4,1,-2,2,0,-3,1,-3,-2,3,2,5,8,11,12,12,14,12,14,17,15,11,12,10,6,9,8,7,5,7,6,5,6,1,-1,1,5,-6,-0,4,4,-1,-4,-5,-10,-2,-3,-1,-1
510259,,,,,,,,,,,,,-11,-20,-23,-12,-18,-8,-0,4,-5,-11,4,4,-1,8,15,9,13,4,2,3,14,10,6,9,8,7,-0,-2,-1,3,2,-2,-4,2,2,4,1,1,-2,-1,3,-1,1,5,3,1,0,-1,6,2,7,6,-1,3,1,-1
510260,,,,,,,,,,,,,20,15,20,21,15,22,19,15,1,10,5,-6,-11,-3,-6,-11,-5,-7,-2,1,7,-6,-5,4,9,1,1,9,10,34,22,23,23,13,12,13,11,9,11,10,5,-17,-10,-13,-14,-6,-4,-4,-4,-2,-4,-4,0,-1,4,2
510261,,,,,,,,,,,,,,,,,,,,,,,,,0,4,2,1,-2,-5,-8,-2,-2,-2,3,1,3,5,5,6,9,5,12,17,14,16,12,9,6,7,6,7,1,6,6,0,3,4,0,3,4,3,8,4,3,4,0,-1
510324,,,,,,,,,,,,,-0,2,3,8,3,4,6,5,5,7,11,10,8,7,10,6,6,6,5,7,6,6,5,3,8,9,7,9,9,9,6,1,4,1,2,4,-3,1,-1,-1,-0,0,-3,2,1,2,9,1,-1,-7,-3,-5,-12,-12,-11,-7
510328,,,,,,,,,,,,,-17,-16,-12,-5,-0,8,9,-2,-3,4,12,12,14,-2,2,6,-2,-5,3,9,7,7,8,9,14,17,13,8,10,6,0,6,6,-3,-4,-6,-5,3,4,6,3,-3,-9,-12,-2,-2,-2,-1,-1,-2,-6,-4,-1,7,10,6
510330,,,,,,,,,,,,,1,2,3,7,7,4,4,6,8,7,11,12,4,5,4,-0,-1,-1,-4,-3,-2,-2,-0,-1,-0,-2,2,1,2,-1,2,5,4,10,7,10,10,7,-0,3,3,7,9,8,10,7,6,8,10,11,16,16,13,12,6,6
510336,,,,,,,,,,,,,-2,0,1,4,3,-1,2,1,-0,1,1,5,1,-1,1,1,-1,2,4,1,6,4,8,5,7,8,10,11,13,4,-2,-2,-1,-1,-4,-1,-0,-0,-3,1,1,5,3,9,10,8,11,9,-3,-3,-2,-13,-12,-11,-9,-13
510340,,,,,,,,,,,,,-6,-2,-2,-1,-5,-6,-9,-10,-6,-1,-3,3,-1,-3,6,-5,0,1,-0,-2,-3,-2,2,0,1,5,-7,8,10,20,11,13,8,2,-4,17,8,5,12,2,-3,-18,2,1,-4,-4,5,-13,6,7,8,2,3,5,-5,1
510344,,,,,,,,,,,,,1,-3,0,-3,-0,3,-2,-5,4,2,2,-1,3,4,4,2,2,7,-0,-3,-2,5,9,6,7,13,20,21,22,17,29,35,32,22,21,23,18,8,4,10,5,1,4,2,-2,1,-2,-1,-4,-5,-1,-11,-7,-5,-11,-9
510347,,,,,,,,,,,,,-13,-10,-10,-4,0,-3,-4,-6,-5,1,7,5,1,3,8,2,8,6,7,12,14,10,13,12,9,10,13,14,11,6,8,8,9,6,-0,2,0,1,-0,-0,-1,3,2,-3,3,4,5,5,14,6,4,-3,-5,-2,-4,6
510348,,,,,,,,,,,,,6,10,11,9,8,4,-3,5,4,-2,7,9,7,0,17,14,18,37,47,28,29,26,20,14,12,21,4,7,9,-2,-4,11,13,12,19,17,23,17,17,16,10,9,10,-10,-9,-6,-9,-8,-6,-8,-8,-14,-14,-13,-10,-0
510349,,,,,,,,,,,,,4,4,15,17,16,22,18,14,13,9,10,11,7,7,5,-0,-4,-5,-3,-1,1,2,2,4,6,8,9,19,18,15,10,15,15,13,14,10,4,3,-2,-6,-2,-2,-1,-0,1,2,-1,0,-0,1,5,5,3,2,3,3
510350,,,,,,,,,,,,,,,,,,,,,,,,,7,7,15,11,6,5,3,6,5,5,7,7,6,6,3,3,5,4,0,-0,-1,-0,-0,0,-6,-3,-4,-4,-6,-7,-1,-6,-2,-4,-3,-3,1,-6,1,0,2,1,-6,0
510351,,,,,,,,,,,,,,,,,,,,,,,,,3,8,8,6,2,5,7,9,10,14,15,13,14,21,22,19,16,11,15,10,9,4,0,5,7,1,-2,0,-0,3,5,6,-1,5,6,1,-2,-3,-1,5,6,6,-8,-1
510352,,,,,,,,,,,,,,,,,,,,,,,,,4,9,24,10,9,9,6,2,-1,2,-6,-3,0,6,0,7,6,9,11,9,16,17,24,22,18,8,13,12,12,6,-3,2,-0,-4,-6,-4,-9,-8,-11,-6,-8,-4,2,-2
510353,,,,,,,,,,,,,,,,,,,,,,,,,,,,,,,,,,,,,,,,,,,,,,,,,12,1,-2,0,3,-5,-1,5,-7,-8,-8,-3,-3,-6,-6,1,3,1,-6,-8
510402,,,,,,,,,,,,,-1,-3,-3,-0,-1,-3,-3,-4,-4,-2,2,1,2,4,4,5,2,3,4,7,8,7,8,6,7,8,7,7,6,7,6,5,4,4,2,4,3,-0,1,-1,1,-0,-0,-1,-2,-1,0,-1,-1,1,1,3,3,3,3,3
510405,,,,,,,,,,,,,-2,-2,6,1,3,4,-5,-2,-1,2,5,6,5,8,1,8,6,5,5,5,8,5,5,6,3,6,12,5,9,13,12,16,12,10,7,11,9,7,1,1,1,-3,1,-4,-2,1,0,0,5,1,2,2,-2,2,1,5
510406,,,,,,,,,,,,,6,4,3,3,3,5,1,1,2,4,2,2,2,3,5,5,4,4,5,6,7,5,6,8,5,8,7,7,9,8,11,11,10,9,6,5,5,1,1,2,2,3,-2,-1,-4,-1,1,0,2,2,2,1,-2,-2,0,-1
510407,,,,,,,,,,,,,2,3,3,1,4,-1,-2,-2,-3,-1,3,1,4,4,5,4,5,3,2,3,5,5,2,3,2,5,6,3,8,6,9,11,7,6,9,11,5,4,5,5,2,2,-1,-1,2,1,-1,-3,2,-3,3,2,2,2,8,6
510413,,,,,,,,,,,,,-0,-3,-1,3,1,-4,-3,-3,-2,-3,0,-1,2,6,5,5,3,4,3,4,6,9,8,8,7,5,9,9,8,8,10,9,8,4,5,6,5,4,-0,-1,0,0,-0,-1,-1,0,-1,-1,0,2,3,3,3,3,2,2
510415,,,,,,,,,,,,,1,1,2,1,-1,-0,2,2,2,2,3,1,4,4,4,3,4,8,7,9,13,12,13,13,11,11,11,14,13,9,14,13,10,10,9,11,9,9,11,9,8,9,5,4,4,4,1,-1,4,4,2,3,3,3,3,3
510419,,,,,,,,,,,,,-6,-1,1,6,5,4,5,5,6,4,5,10,13,6,6,9,5,6,11,10,14,20,23,16,15,19,19,15,16,17,14,13,6,5,3,5,5,0,-0,-0,-2,-1,-1,-2,-1,-2,-2,-2,-3,-0,1,1,3,2,3,3
510429,,,,,,,,,,,,,7,16,11,-7,-6,-6,-6,8,8,10,11,7,5,4,5,7,10,7,8,8,7,9,7,9,7,5,5,4,3,3,2,2,5,5,5,3,6,5,5,5,4,5,6,4,2,1,1,2,0,2,2,3,2,3,4,3
510432,,,,,,,,,,,,,-7,-9,-4,-1,1,3,-0,4,-3,-7,1,1,5,4,5,7,7,8,4,6,10,11,6,6,10,13,10,6,9,2,9,10,4,7,8,12,9,5,5,13,9,11,8,2,9,1,-1,-1,4,-3,2,-4,-1,-3,0,-3
510433,,,,,,,,,,,,,9,9,6,7,4,9,10,10,10,10,19,19,7,7,13,14,13,15,14,10,12,6,3,3,-0,0,-2,-1,-1,-4,-3,-2,-0,1,2,2,8,9,9,9,9,9,8,6,1,3,2,7,1,-1,-3,-6,-3,-2,-3,-3
510434,,,,,,,,,,,,,3,3,5,1,-4,0,-2,-5,-3,-11,-8,-4,5,4,4,2,5,5,5,8,9,14,13,9,-1,-1,-1,0,1,-1,-2,-0,2,5,1,2,7,14,13,6,5,7,6,3,-8,-10,-6,-6,-1,-9,-4,-4,-4,-4,-5,-9
510435,,,,,,,,,,,,,,,,,,,,,,,,,,,,,,,,,,,,,-2,-5,-8,-3,1,1,1,2,-4,-3,-1,-3,-20,60,64,57,51,51,45,50,57,53,51,54,98,-6,-2,-6,-3,-5,-4,-4
510436,,,,,,,,,,,,,,,,,,,,,,,,,,,,,,,,,,,,,-4,-2,-2,6,6,3,-2,13,9,12,16,15,19,14,14,7,4,1,-4,-5,-2,-1,-5,-2,-2,-6,-4,-4,-5,-3,5,-3
510437,,,,,,,,,,,,,,,,,,,,,,,,,,,,,,,,,,,,,3,0,-1,5,6,2,9,7,6,5,1,8,9,10,11,11,8,5,-2,-3,-3,-3,-1,-7,-4,-5,-5,-7,-6,-4,-9,-6
510438,,,,,,,,,,,,,,,,,,,,,,,,,,,,,,,,,,,,,5,6,12,6,5,4,2,1,1,0,-0,2,0,-2,-9,-5,-4,-4,-3,-5,-6,-6,-5,-6,-3,-2,-0,-0,3,-1,-1,1
510439,,,,,,,,,,,,,,,,,,,,,,,,,,,,,,,,,,,,,,,,,,,,,,,,,8,7,7,3,3,2,3,2,2,3,3,1,1,-0,1,1,1,1,1,3
510440,,,,,,,,,,,,,,,,,,,,,,,,,,,,,,,,,,,,,,,,,,,,,,,,,,,,,,,,,,,,,6,7,5,7,7,7,1,3
510501,,,,,,,,,,,,,-15,-14,-14,-4,4,1,3,3,3,3,2,5,21,17,15,10,6,7,5,5,6,3,8,6,4,6,8,6,5,3,4,4,3,4,5,4,3,1,0,-0,-0,-0,-0,-0,1,1,1,0,-2,2,2,1,1,-0,1,0
510506,,,,,,,,,,,,,-7,-11,-8,-0,2,2,-1,-4,-4,1,-3,-3,7,10,9,6,6,5,6,4,12,2,7,4,-1,-2,-1,-2,-3,1,-2,-0,-5,-4,-6,-4,-8,-9,-12,-8,-10,-13,-13,-10,-12,-11,-11,-6,-5,-7,-5,-9,-8,-6,-5,-6
510507,,,,,,,,,,,,,-1,-2,-2,-1,-1,-2,-2,2,0,-4,-3,-0,6,5,7,8,7,7,7,5,6,9,7,3,2,2,2,1,1,2,1,-1,1,1,-0,2,2,2,-0,1,2,-0,0,4,1,-2,-2,-1,-4,-5,-3,-4,-5,-3,-5,-6
510508,,,,,,,,,,,,,-5,-3,-5,-3,-3,-0,2,0,2,0,2,4,9,8,9,8,7,4,3,2,3,6,4,2,3,3,2,1,1,3,2,4,3,0,1,1,-5,-4,-3,-2,-2,-3,-2,-3,-1,-3,-2,-0,2,1,1,2,1,3,1,0
510515,,,,,,,,,,,,,-12,-14,-11,-6,-4,-4,-4,-6,-5,-2,-3,5,11,16,12,12,10,12,11,6,8,8,9,4,4,6,5,5,7,7,8,12,8,6,6,9,6,3,1,-0,-2,-3,-4,-1,-0,-1,-1,-2,1,-0,1,-0,-1,2,1,-2
510516,,,,,,,,,,,,,2,-3,3,3,3,8,7,7,5,2,3,4,7,11,6,13,10,12,8,11,7,10,9,10,5,8,8,2,1,2,5,3,10,8,7,5,5,1,2,2,3,2,-2,-2,-6,-2,-0,1,-4,-3,-1,-3,-4,-5,-4,-7
510517,,,,,,,,,,,,,4,1,-6,-3,3,5,6,7,11,10,14,10,9,11,13,11,3,4,5,8,3,4,3,1,3,4,7,5,5,5,5,2,2,1,2,2,2,3,-2,2,2,0,1,1,3,1,1,3,3,3,4,3,0,1,4,2
510528,,,,,,,,,,,,,-4,-7,-8,1,8,8,3,2,-1,-5,-1,12,3,5,5,13,7,9,8,10,17,16,8,6,30,32,33,21,19,18,22,21,10,15,23,8,2,3,3,5,6,1,7,-3,9,5,7,11,4,3,3,1,0,4,-2,6
510529,,,,,,,,,,,,,-9,-10,-12,-10,-15,-12,-16,-13,-14,-16,-9,-8,3,-1,-1,-3,3,3,8,7,6,7,3,-2,-1,8,8,19,18,18,15,13,12,9,10,11,8,6,1,-8,-9,-5,-2,-3,-4,-1,-1,-1,-4,-3,3,-10,-5,-11,-16,-10
510530,,,,,,,,,,,,,-5,-8,-3,2,5,8,2,0,0,1,3,2,6,9,4,3,-0,-4,-3,-1,1,1,2,0,3,3,1,-0,-2,5,6,5,3,2,1,3,-1,-1,2,3,3,-2,-5,-1,-2,0,-2,-3,3,2,-1,-3,-1,-0,0,-4
510533,,,,,,,,,,,,,-19,-23,-19,-21,-17,-16,-13,-20,-17,-8,-1,-1,16,22,18,19,17,12,14,19,18,12,1,-2,-1,-0,1,-3,-2,4,4,2,3,-0,3,7,5,1,2,6,3,-3,-3,-4,-3,-2,-2,-5,-3,2,-0,-5,-3,-2,0,-0
510536,,,,,,,,,,,,,,,,,,,,,,,,,,,,,,,,,,,,,,,,,,,,,,,,,,,,,,,,,,,,,,,,,,,,
510537,,,,,,,,,,,,,,,,,,,,,,,,,,,,,,,,,,,,,,,,,,,,,,,,,,,,,,,,,,,,,,,,,,,,
510538,,,,,,,,,,,,,,,,,,,,,,,,,,,,,,,,,,,,,,,,,,,,,,,,,,,,,,,,,,,,,,,,,,,,
520103,,,,,,,,,,,,,-5,-5,-5,0,3,0,-1,-1,-0,1,1,5,5,5,3,2,-1,3,0,-0,1,0,-1,1,3,2,3,4,4,1,5,4,5,2,3,0,2,0,-1,0,-1,-1,-3,-1,-3,-0,-4,-1,-2,0,2,0,1,1,1,5
520109,,,,,,,,,,,,,-8,-7,-3,-0,2,3,10,0,-1,0,7,-1,2,3,3,9,3,6,2,3,6,4,6,4,0,3,2,-3,-2,-2,-2,-1,1,-1,-1,-3,-0,-3,-2,-1,-4,-6,-1,-2,-6,-4,-3,-0,-2,-0,-3,-3,0,-2,1,0
520118,,,,,,,,,,,,,-3,-6,-2,1,-1,-3,-0,3,1,7,12,13,14,13,14,14,16,15,13,11,10,9,7,-0,-6,-5,-9,-9,-10,-9,-9,-8,-11,-7,-11,-10,-6,-7,-7,-7,-6,-8,-7,-9,-9,-10,-9,-6,-7,-4,-2,-4,-3,-2,-4,-6
520123,,,,,,,,,,,,,5,-1,2,4,3,2,1,6,6,6,7,3,1,8,5,6,7,7,3,4,3,2,3,4,4,6,5,3,2,4,9,5,5,6,6,6,4,4,4,6,6,6,3,3,6,7,6,5,5,3,2,1,1,0,2,3
520130,,,,,,,,,,,,,8,5,5,6,13,13,9,6,6,6,9,5,7,9,11,11,8,6,8,12,10,11,10,11,9,9,8,9,7,6,5,4,2,2,3,3,5,4,4,3,4,4,7,6,10,10,11,10,10,13,15,16,18,20,19,20
520131,,,,,,,,,,,,,0,-1,-2,-1,4,-3,-5,-0,0,0,0,1,0,2,3,4,3,1,5,4,3,3,2,3,2,4,4,5,4,6,4,2,2,4,3,2,3,1,-0,-0,-1,-2,-1,-2,-2,-1,-0,1,0,1,-0,0,1,2,0,2
520132,,,,,,,,,,,,,17,12,12,18,16,16,16,18,18,15,12,11,12,14,15,10,11,8,9,8,8,6,6,6,8,6,5,4,4,5,4,3,3,3,5,4,-5,-2,-1,0,-3,-5,-8,-4,-3,-3,-4,-3,5,1,-1,-3,2,4,5,-0
520134,,,,,,,,,,,,,-11,-17,-11,-4,-4,-4,-1,-6,-1,0,9,2,11,10,8,14,18,17,17,15,12,11,14,9,8,5,5,2,-2,-3,-1,-0,-3,-3,-7,-5,-2,-1,-4,-6,-4,-3,-3,-1,-1,-1,-2,-1,-5,-4,-4,-7,-7,-7,-7,-3
520135,,,,,,,,,,,,,-11,-8,-7,-6,-6,-7,-11,-7,-6,-9,-4,-5,2,-1,-1,0,3,-0,1,4,3,3,5,5,2,6,5,3,3,1,3,1,2,2,0,1,2,-0,-0,0,1,3,-1,-1,-3,-0,0,-1,-2,-2,-3,-2,-5,-2,-2,-2
520136,,,,,,,,,,,,,-5,-5,-4,-2,6,-1,-2,-2,-4,-5,-8,-4,3,2,7,9,5,7,6,6,5,5,3,-0,0,-1,-4,-4,-2,-4,-5,-4,-1,-3,-1,-1,-2,-2,-5,-5,-6,-6,-3,-4,-7,-6,-2,-2,-2,-1,1,2,4,6,5,5
520137,,,,,,,,,,,,,7,6,6,-0,-2,4,2,1,2,3,3,5,-3,-1,3,2,3,1,2,7,7,4,4,5,8,8,5,8,8,9,9,4,6,8,5,4,4,2,3,2,3,3,4,5,4,4,5,7,6,9,7,8,5,5,4,2
520138,,,,,,,,,,,,,1,0,1,1,1,0,-1,1,0,-1,-0,-1,-1,-0,-1,-0,-1,-1,-0,1,1,2,2,2,3,3,4,4,4,5,11,9,10,9,9,8,8,8,7,8,7,7,1,2,1,1,1,4,4,4,4,3,4,4,4,4
520139,,,,,,,,,,,,,-2,-4,-4,2,15,4,3,1,-0,-0,1,2,2,3,4,3,2,0,1,1,1,2,1,2,2,2,3,2,3,3,7,8,9,9,10,10,10,11,11,13,12,12,7,6,5,5,4,4,6,5,5,4,4,4,4,5
520140,,,,,,,,,,,,,-6,-10,-6,-8,-4,1,3,1,-2,3,3,0,3,11,5,8,1,2,5,9,9,7,6,9,5,4,9,8,7,7,6,5,5,5,6,7,7,6,6,4,3,3,-1,1,1,1,1,-2,-1,1,0,1,2,0,5,2
520141,,,,,,,,,,,,,-12,-11,-12,-9,-14,-2,2,-5,-6,-0,2,1,7,8,8,9,9,-0,3,1,4,3,5,1,-4,-10,-10,-8,-10,-5,-6,-3,-3,-6,-6,-8,-3,1,3,1,1,-2,-2,-2,-4,-3,-3,2,-1,0,-3,-1,-2,-3,-1,-1
520142,,,,,,,,,,,,,-4,-2,-1,2,3,-0,-3,5,2,4,7,4,5,6,4,3,4,5,5,1,2,3,1,2,8,7,7,7,7,7,7,5,9,2,1,4,1,0,-1,-1,-1,-2,-1,0,1,6,4,4,1,1,2,-1,-2,-1,-0,-2
520143,,,,,,,,,,,,,,,,,,,,,,,,,-12,-15,-16,-20,-17,-18,-15,-17,-16,-17,-8,-15,-10,-6,-8,-1,-1,-3,-1,2,-3,1,-4,0,-5,-7,-10,-6,-11,-9,-7,-12,-12,-13,-10,-5,-7,-4,-3,-4,-7,4,-4,0
520202,,,,,,,,,,,,,1,0,0,0,3,0,-0,-1,-0,2,2,4,2,2,2,4,4,1,3,3,3,2,6,2,7,8,9,10,9,14,9,15,20,25,14,22,17,17,16,11,15,16,20,15,11,7,11,8,12,11,11,13,12,12,10,10
520207,,,,,,,,,,,,,2,2,2,2,2,2,2,2,2,2,2,2,2,2,2,0,0,0,0,0,0,0,0,0,0,0,0,3,3,3,3,3,3,3,3,3,3,3,3,0,3,3,3,3,3,3,3,3,3,3,3,3,0,0,0,0
520209,,,,,,,,,,,,,-1,2,-6,-1,3,1,13,11,9,27,5,0,1,3,7,7,2,15,7,6,11,9,11,7,7,10,15,15,18,9,13,16,11,12,16,15,16,10,7,6,3,6,8,4,9,3,2,0,2,1,1,2,5,-1,-0,2
520213,,,,,,,,,,,,,-1,-1,-3,-2,-4,-4,-6,-4,-6,-6,-6,-5,-3,-2,0,2,4,6,9,13,15,15,19,20,22,20,19,17,13,14,14,9,5,6,3,4,0,1,-2,-2,-3,-9,-10,-11,-6,-12,-12,-14,-12,-13,-11,-10,-7,-3,-3,-3
520215,,,,,,,,,,,,,-6,1,2,-1,9,-2,-1,-1,-2,1,1,2,3,3,-3,7,1,3,4,14,6,15,14,7,15,15,15,16,14,18,13,19,15,10,6,17,11,13,7,7,1,7,1,-5,8,-2,3,-2,-1,-6,-1,-1,2,-2,2,-0
520216,,,,,,,,,,,,,-8,-10,-12,-14,-13,-8,-13,-5,-2,0,3,-2,2,-0,8,5,7,4,12,6,13,12,5,10,6,7,3,10,12,9,10,10,12,7,12,5,11,9,13,7,7,6,4,6,5,8,5,9,6,8,4,2,0,4,2,-0
520219,,,,,,,,,,,,,1,-2,-5,2,1,-4,-1,1,1,3,2,1,4,-0,4,2,10,5,8,8,10,13,13,17,10,18,16,14,9,14,10,8,7,8,8,4,10,5,5,4,5,5,1,8,4,2,2,4,-4,1,-2,0,-1,-3,4,-1
520222,,,,,,,,,,,,,-3,-2,-2,-4,-3,-5,-2,-0,-1,-2,2,-1,-1,1,1,2,0,1,1,-0,3,1,-2,2,8,4,7,8,11,12,10,12,11,14,17,15,10,12,10,8,3,2,6,4,3,2,4,3,2,2,2,1,5,3,3,5
520223,,,,,,,,,,,,,5,6,4,7,2,4,5,3,3,2,3,1,-13,-14,-13,5,6,8,6,8,10,11,11,14,30,33,31,12,13,9,12,11,8,8,8,6,7,5,6,1,-9,3,2,2,2,2,2,1,1,2,0,1,12,1,1,2
520226,,,,,,,,,,,,,-2,0,-2,-9,-5,-2,4,-0,1,4,-4,13,1,5,5,7,-1,7,1,6,14,7,8,7,13,10,9,9,14,11,9,15,5,9,5,6,4,4,1,6,4,4,5,2,5,-3,6,2,6,11,14,12,15,7,8,3
520227,,,,,,,,,,,,,-2,-4,-4,-7,-1,-3,-6,-5,-4,-6,-6,-3,1,-2,-3,-2,-4,-4,-5,-2,-0,8,10,10,7,13,13,13,14,11,13,11,11,4,4,4,3,3,4,4,4,5,5,3,3,3,2,2,3,3,0,-0,1,-0,1,2
520228,,,,,,,,,,,,,-1,-1,-2,-0,-1,-0,2,3,6,3,3,2,3,2,2,0,2,4,-0,2,5,9,9,10,9,10,12,12,10,8,12,8,8,5,3,2,2,3,2,3,4,6,3,5,2,1,2,2,1,2,-2,0,-4,-1,1,0
520230,,,,,,,,,,,,,-8,-9,-9,-9,-7,-11,-4,-7,-2,-3,-0,-0,-1,-0,-1,-2,1,1,2,9,3,6,3,4,6,7,6,9,9,5,5,4,2,3,4,4,2,1,1,1,2,3,3,3,6,2,4,1,0,1,3,1,1,2,1,-1
520234,,,,,,,,,,,,,-3,-5,1,-3,-2,-3,-1,0,-2,0,-1,-1,-0,3,-2,-4,-0,3,2,6,5,5,4,5,10,7,11,20,12,11,14,8,15,15,12,9,5,7,9,2,6,4,1,6,-0,-2,-1,6,4,4,-1,0,-0,-1,1,-1
520235,,,,,,,,,,,,,-3,-4,1,3,1,1,2,-0,1,-4,-2,-1,-7,-6,-3,-2,-9,-8,-9,-2,-1,4,2,2,7,8,8,3,14,17,21,10,15,12,11,10,13,12,11,14,11,11,7,11,8,4,3,2,6,5,5,6,6,4,5,4
520236,,,,,,,,,,,,,0,2,0,0,-1,-1,-0,-2,-1,1,2,-1,-0,4,4,5,4,5,6,7,5,6,5,8,9,4,5,9,11,10,9,10,12,11,11,12,12,12,13,9,10,8,11,8,10,6,3,6,3,0,-0,-2,-3,-3,-3,-3
520237,,,,,,,,,,,,,1,0,-0,2,-0,0,1,1,-1,2,-2,-0,-0,0,3,3,3,6,6,4,8,6,7,10,12,9,7,8,3,4,-7,-11,-6,-7,-3,-13,-4,-6,-4,14,22,12,33,37,24,28,24,34,16,24,21,1,3,6,1,5
520238,,,,,,,,,,,,,10,-9,10,-11,3,-8,8,-4,-9,15,-4,12,-7,16,-7,14,-4,14,-2,7,16,-2,9,-3,16,-5,16,2,11,3,11,15,-0,16,2,1,-3,5,-5,-0,-6,-4,-6,-11,-4,-9,-8,1,-2,0,-2,-4,3,-3,-2,6
520241,,,,,,,,,,,,,2,3,5,5,5,6,3,3,2,4,4,4,2,2,1,-1,-1,1,1,2,3,0,1,1,1,2,1,4,5,5,7,6,4,5,6,6,6,5,4,7,6,5,1,1,7,4,4,4,3,1,2,0,-1,-1,1,2
520242,,,,,,,,,,,,,4,0,-0,0,3,2,2,3,4,3,-1,3,2,3,2,2,-1,-1,-0,2,6,7,8,11,20,20,24,23,26,27,27,23,20,19,22,18,8,7,4,5,5,-0,1,1,3,4,1,1,2,3,3,5,6,11,9,7
520243,,,,,,,,,,,,,2,1,1,3,1,2,3,1,1,-1,1,-0,1,0,-1,3,-0,1,2,2,2,0,0,3,2,2,4,4,6,5,5,5,5,9,8,7,8,7,7,3,2,1,3,2,3,2,2,1,2,3,2,4,3,4,2,2
520244,,,,,,,,,,,,,-10,-7,-4,-3,-10,-0,-9,-9,5,-1,-6,-5,4,-3,-4,-9,-1,-6,7,0,-3,-1,-3,11,-2,6,14,16,7,7,13,3,9,8,9,-5,7,1,0,-5,5,5,-1,5,1,-1,5,11,-3,-0,1,7,-3,7,2,-8
520245,,,,,,,,,,,,,3,-0,2,5,1,3,4,-0,-4,-2,-1,2,1,4,3,-0,3,1,-3,2,2,2,3,0,2,4,7,1,13,7,9,10,11,7,5,3,5,3,2,5,-1,3,-1,5,2,6,7,9,5,5,6,6,5,3,7,3
520246,,,,,,,,,,,,,5,-2,3,10,4,6,9,2,5,3,5,9,3,5,3,-0,2,2,3,4,1,3,1,3,1,5,1,2,2,2,4,5,2,0,0,0,2,2,3,-0,1,0,-1,1,2,0,2,2,1,-4,-0,3,-2,-1,0,1
520247,,,,,,,,,,,,,-8,-4,-7,-10,-9,-8,-15,-14,-9,-14,-9,-2,1,-9,-0,3,-1,1,-2,2,-0,9,6,13,7,20,11,14,13,16,17,15,16,11,15,8,13,9,13,12,15,10,8,10,13,7,7,8,3,1,2,-0,4,0,4,4
520248,,,,,,,,,,,,,-0,6,-0,3,2,9,6,9,5,7,10,14,1,2,4,-1,-2,5,2,1,9,3,4,2,13,4,11,4,12,3,3,9,10,14,10,10,7,10,5,12,8,12,12,7,6,2,6,8,2,2,8,5,8,4,5,8
520249,,,,,,,,,,,,,-3,-3,-3,-8,-9,-4,3,3,4,11,4,8,7,13,6,12,8,4,5,3,10,1,12,9,13,9,16,12,12,16,9,15,9,11,7,6,2,0,-2,-4,-2,-5,-4,-6,-6,-4,-3,-4,-2,-3,-1,0,-1,-1,1,-0
520250,,,,,,,,,,,,,1,-2,-1,4,0,-0,2,-1,-0,2,-1,0,-1,0,2,-1,3,6,6,7,6,6,9,8,9,10,7,10,8,3,3,2,2,2,0,1,-1,0,2,1,0,-1,-1,1,2,0,2,2,4,3,1,2,1,4,4,4
520251,,,,,,,,,,,,,1,-3,-5,-1,-2,-5,-4,-2,-3,-2,-4,4,4,4,3,2,4,3,4,6,9,5,9,10,9,16,9,11,9,9,10,7,7,12,9,10,10,4,12,8,8,8,6,7,7,6,5,4,3,3,-0,-0,1,0,1,1
520252,,,,,,,,,,,,,0,3,-5,4,1,2,-3,-3,-6,-5,0,-1,-2,-2,-3,-4,1,5,3,6,8,9,3,14,5,16,8,11,14,11,18,16,17,9,14,7,14,11,14,13,8,7,1,1,4,7,5,7,2,-0,-1,7,1,3,3,0
520253,,,,,,,,,,,,,-2,-4,2,-0,2,5,3,-2,5,2,-1,6,7,4,4,3,3,-0,2,4,2,9,5,6,8,9,8,6,13,11,4,15,10,5,9,7,6,10,3,8,3,3,11,0,-2,-2,-2,-2,-2,-4,2,-0,-0,-3,-1,-2
520255,,,,,,,,,,,,,,,,,,,,,,,,,,,,,,,,,,,,,,,,,,,,,,,,,11,6,13,15,6,3,4,9,6,0,2,5,-1,-0,3,-4,4,-2,1,-2
520256,,,,,,,,,,,,,,,,,,,,,,,,,,,,,,,,,,,,,,,,,,,,,,,,,4,-2,-3,-1,2,-1,5,6,5,3,3,7,6,7,3,2,-4,0,-2,-3
520301,,,,,,,,,,,,,8,8,8,9,11,11,4,4,3,3,3,4,4,5,5,6,5,6,5,6,6,6,7,7,7,7,7,7,6,6,6,6,6,6,5,5,5,4,5,5,5,5,5,5,4,4,4,5,5,5,5,5,5,5,5,5
520303,,,,,,,,,,,,,6,6,6,7,8,8,3,4,4,3,4,4,5,6,6,6,6,6,6,6,7,6,7,7,6,6,6,6,6,6,5,5,5,5,4,5,4,4,5,5,5,5,6,6,5,6,6,5,5,5,6,6,6,6,5,5
520311,,,,,,,,,,,,,5,4,4,5,6,7,3,3,3,3,4,4,5,5,5,5,5,5,5,6,5,6,7,7,6,7,7,7,6,6,6,6,6,6,5,6,5,4,4,5,5,5,5,5,5,4,5,4,5,5,5,5,5,5,5,5
520313,,,,,,,,,,,,,3,3,2,3,3,3,-0,1,2,1,1,2,2,2,3,3,3,4,3,3,3,4,4,4,4,4,3,4,4,4,4,3,4,4,4,4,4,4,4,4,4,3,4,4,4,4,4,4,4,4,4,3,4,3,3,3
520318,,,,,,,,,,,,,8,8,8,9,8,8,8,8,8,8,8,8,4,4,4,7,7,7,4,4,4,8,8,8,4,4,4,1,1,1,4,4,4,0,0,0,0,0,0,0,0,0,0,0,0,0,0,0,0,0,0,0,0,0,0,0
520324,,,,,,,,,,,,,4,4,4,4,5,6,6,6,7,6,5,5,5,4,4,5,4,4,5,5,5,7,8,8,8,9,10,10,10,10,11,12,11,10,10,10,10,10,9,9,8,9,8,8,8,8,8,7,8,8,8,9,9,8,7,7
520325,,,,,,,,,,,,,3,3,3,4,4,5,6,6,6,5,5,5,4,4,5,4,4,3,4,5,6,8,9,10,10,10,10,10,10,11,10,11,10,8,8,8,8,8,8,9,9,9,8,7,7,7,7,7,7,7,8,8,7,7,7,7
520326,,,,,,,,,,,,,4,4,3,3,3,3,-4,1,4,3,3,4,3,3,4,5,5,6,5,7,7,7,7,7,8,7,7,6,7,6,7,6,5,5,5,5,6,4,5,5,5,5,5,5,5,5,5,5,6,7,7,7,7,7,7,8
520328,,,,,,,,,,,,,1,1,1,1,1,1,1,1,1,1,1,1,3,3,3,3,3,3,3,3,3,3,3,3,4,4,4,4,4,4,4,4,4,4,4,4,2,2,2,4,4,4,4,4,4,3,3,3,3,3,3,4,4,4,4,4
520331,,,,,,,,,,,,,4,4,4,5,6,6,1,2,1,1,1,2,2,2,3,2,2,3,3,3,4,5,6,7,7,9,7,7,7,8,8,8,7,6,5,4,4,4,5,4,6,5,5,5,6,6,6,6,6,6,5,7,6,6,5,5
520332,,,,,,,,,,,,,2,3,3,3,3,4,5,4,4,3,3,3,3,3,3,4,4,4,4,4,4,5,5,5,5,4,4,4,4,4,4,4,4,4,4,4,4,4,3,3,3,4,4,4,4,3,3,3,3,3,4,3,3,3,3,3
520333,,,,,,,,,,,,,9,0,0,0,0,0,0,0,0,0,0,0,0,0,-0,-0,-0,-0,-0,-0,-0,0,0,0,0,1,1,1,1,1,1,1,1,-0,0,0,2,2,2,2,2,2,2,4,6,7,6,6,5,5,6,6,6,6,6,4
520334,,,,,,,,,,,,,,,,,,,,,,,,,,,,,,,,,,,,,,,,,,,,,,,,,,,,,,,,,,,,,,,,,,,,
520335,,,,,,,,,,,,,,,,,,,,,,,,,,,,,,,,,,,,,,,,,,,,,,,,,,,,,,,,,,,,,,,,,,,,
610110,,,,,,,,,,,,,2,2,2,2,2,2,2,2,2,1,1,1,0,0,0,-0,-0,-0,-0,-0,-0,0,0,0,0,0,0,1,1,1,1,1,1,2,2,2,3,3,3,2,2,2,2,2,2,3,3,3,2,2,2,2,2,2,2,2
610112,,,,,,,,,,,,,3,5,5,5,5,6,6,6,6,6,6,5,4,3,3,3,3,2,2,2,2,2,2,2,2,2,1,1,1,-0,-0,-0,-0,0,1,1,1,-1,-1,1,-0,1,1,1,1,0,1,2,2,3,4,2,3,2,3,4
610113,,,,,,,,,,,,,4,4,4,4,3,3,3,4,3,4,4,4,4,4,4,5,7,7,7,6,6,6,7,6,6,6,6,5,4,4,4,4,4,4,3,3,3,3,3,3,2,3,2,2,2,2,2,3,3,3,4,3,4,3,3,4
610114,,,,,,,,,,,,,,,,,,,,,,,,,2,2,3,5,7,7,9,8,8,9,9,9,8,8,8,7,5,5,4,4,4,4,3,3,3,3,3,2,1,1,1,1,2,2,2,2,3,2,2,2,3,3,3,3
610115,,,,,,,,,,,,,,,,,,,,,,,,,,,,,,,,,,,,,,,,,,,,,,,,,-8,-7,-7,-10,-6,-8,-8,-9,-7,-5,-9,-5,-6,-9,-5,-4,-9,-3,-4,-2
610204,,,,,,,,,,,,,5,6,7,8,9,9,9,8,6,7,9,9,13,13,12,12,11,11,10,11,11,9,9,8,9,10,10,9,9,9,10,9,9,8,7,6,2,1,1,2,2,2,0,1,1,3,4,6,7,8,6,6,5,4,3,3
610207,,,,,,,,,,,,,3,3,3,4,4,4,4,4,4,5,5,5,6,6,6,8,8,8,7,7,7,10,10,10,10,10,10,7,7,7,11,11,11,8,8,8,10,10,10,10,10,10,7,7,7,8,8,8,5,5,5,-2,-2,-2,-0,-0
610221,,,,,,,,,,,,,0,-2,-2,-3,2,4,7,6,6,6,7,8,9,11,12,13,7,7,5,3,4,4,3,1,2,2,1,1,1,-0,1,1,1,2,2,4,7,4,4,3,3,3,2,4,3,2,3,-0,-3,-3,-1,-1,-1,0,-0,-3
610227,,,,,,,,,,,,,1,1,1,1,1,1,1,1,1,1,1,1,2,2,2,2,3,3,3,3,3,3,3,3,3,3,3,3,3,2,2,3,3,3,3,3,2,3,3,3,3,3,3,3,2,2,2,2,3,3,3,3,3,3,3,3
610228,,,,,,,,,,,,,-5,1,-11,-20,6,-5,20,-0,-10,-10,-4,5,6,25,26,18,18,11,2,9,22,26,26,27,-6,-1,-22,20,-1,-12,8,-12,6,4,-24,1,35,-5,34,3,-1,28,-15,27,-24,-25,27,-3,-23,-12,-25,-34,-30,0,19,-26
610231,,,,,,,,,,,,,4,4,4,4,4,5,5,4,4,6,7,8,5,5,6,7,7,8,7,8,8,7,9,8,10,9,10,10,10,9,10,10,10,12,11,10,12,12,11,10,10,11,10,10,10,9,8,8,8,7,8,9,9,9,9,9
610232,,,,,,,,,,,,,2,2,2,3,3,5,5,3,4,3,4,7,5,6,6,7,8,7,6,9,8,9,8,9,9,9,8,10,9,9,10,9,9,9,9,9,9,9,8,7,8,8,7,7,6,7,7,5,9,9,9,9,7,7,9,8
610235,,,,,,,,,,,,,3,2,2,2,2,3,4,3,3,3,4,4,5,5,5,6,6,6,6,7,7,8,7,7,6,6,7,7,7,8,9,9,10,9,9,9,8,8,7,7,6,6,6,6,5,5,5,5,8,8,8,9,10,9,9,8
610236,,,,,,,,,,,,,0,-0,0,-0,-0,-0,1,2,3,3,4,4,3,4,3,4,5,6,6,7,6,6,6,7,7,7,8,9,9,7,8,7,6,6,6,5,6,7,6,4,4,4,5,5,5,5,5,5,5,5,6,6,7,7,6,6
610237,,,,,,,,,,,,,5,5,5,2,2,4,4,6,-1,-5,-6,-8,-3,-2,-1,-1,-5,-1,1,-9,-2,-1,-3,1,-2,-3,-4,-2,3,-3,-5,5,5,3,6,3,4,2,3,2,2,2,2,1,0,5,5,4,3,4,4,12,17,17,18,19
610238,,,,,,,,,,,,,2,2,1,1,2,1,4,4,4,3,2,2,4,4,4,4,4,4,4,5,6,6,6,7,7,8,9,9,10,8,9,9,9,10,11,10,12,11,11,10,10,11,10,10,10,9,9,9,6,6,6,7,6,6,6,6
610241,,,,,,,,,,,,,1,1,-0,-0,-0,-0,3,2,3,3,2,3,4,4,5,6,7,7,7,7,8,8,9,7,7,7,7,8,7,7,7,7,7,6,7,8,8,8,8,8,9,9,7,7,6,7,6,6,7,6,6,6,6,5,5,6
610242,,,,,,,,,,,,,,,,,,,,,,,,,,,,,,,,,,,,,7,7,9,10,11,11,12,12,13,10,9,10,9,8,9,8,7,6,5,7,5,7,5,6,5,4,4,4,5,6,6,4
610303,,,,,,,,,,,,,-0,-2,-5,-4,3,1,-0,4,1,3,5,5,6,11,14,15,11,8,7,7,11,14,11,12,14,12,9,9,7,10,8,9,7,5,3,2,2,3,2,1,3,-0,0,1,3,0,2,2,1,-1,2,3,3,3,3,3
610309,,,,,,,,,,,,,-9,-4,3,12,15,18,16,16,16,20,27,26,23,22,33,36,37,44,46,36,32,29,26,20,16,12,-2,-8,-14,-24,-27,-19,-13,-12,-15,-15,-14,-11,-7,-3,1,4,4,-2,-10,-14,-12,-6,-3,-3,-6,-10,-11,-9,-6,-4
610310,,,,,,,,,,,,,-8,-3,4,15,20,22,19,19,19,22,29,28,24,23,29,29,30,42,43,30,23,18,12,7,3,0,-8,-10,-13,-22,-24,-15,-8,-5,-8,-8,-6,-4,-1,2,3,2,1,-4,-11,-14,-11,-5,-2,-2,-5,-9,-11,-10,-7,-6
610409,,,,,,,,,,,,,2,2,2,3,3,3,3,3,3,3,3,3,3,3,3,5,5,5,5,5,5,5,5,5,5,5,5,10,10,10,10,10,10,10,10,10,10,10,10,5,5,5,5,5,5,5,5,5,5,5,5,26,15,15,15,15
610417,,,,,,,,,,,,,-11,-15,-17,-15,-13,-12,-9,-6,-4,-6,-4,-4,5,6,6,8,9,9,14,14,18,22,30,32,28,35,39,41,43,51,53,53,52,51,46,44,39,35,30,25,18,8,3,-0,-4,-7,-10,-12,-12,-14,-15,-14,-11,-10,-10,-7
620101,,,,,,,,,,,,,0,0,3,3,3,3,3,3,3,3,3,3,3,3,5,5,5,5,5,5,5,5,5,5,5,5,6,6,6,6,6,6,6,6,6,6,6,6,2,2,2,2,2,2,2,2,2,2,2,2,4,4,4,4,4,4
620105,,,,,,,,,,,,,0,0,3,3,3,3,3,3,3,3,3,3,3,3,1,1,1,1,7,7,7,7,7,7,8,8,8,8,8,8,6,6,6,6,6,6,4,4,4,4,4,4,0,0,0,0,0,0,1,1,1,1,1,1,7,7
620106,,,,,,,,,,,,,0,0,1,1,2,2,2,15,-12,8,45,20,17,6,28,4,21,8,69,58,69,45,15,28,19,21,13,3,17,20,10,11,22,35,-1,-4,-2,-10,-17,-3,21,-17,-15,-27,-22,-19,10,-2,6,12,17,31,-5,34,8,39
620203,,,,,,,,,,,,,70,51,66,67,51,45,19,-24,-22,-9,-5,-3,-22,-16,-17,-5,-8,4,4,25,26,20,17,46,-1,8,6,-10,1,-0,-2,-5,-1,5,1,-17,15,3,1,-0,4,13,8,17,10,2,6,-6,12,18,12,34,16,5,10,9
620205,,,,,,,,,,,,,1,1,1,1,1,1,1,1,1,1,1,1,1,1,1,3,3,3,3,3,3,4,4,4,0,0,0,-3,-3,-3,1,1,1,1,1,1,5,5,5,7,7,7,3,3,3,3,3,3,7,7,7,8,8,8,7,7
620302,,,,,,,,,,,,,3,3,3,0,0,0,0,0,0,0,0,0,1,1,1,1,1,1,7,7,7,9,9,9,9,9,9,10,10,10,9,9,9,8,8,8,8,8,8,7,7,7,6,6,6,6,6,6,4,4,4,5,5,5,5,5
620303,,,,,,,,,,,,,9,11,10,9,9,9,9,8,9,8,8,8,8,7,6,7,8,7,7,7,5,6,5,4,4,4,4,4,4,5,5,5,7,6,6,6,6,5,5,4,3,2,1,1,0,0,0,0,0,-0,-0,1,0,1,3,3
620304,,,,,,,,,,,,,-3,1,1,-2,0,2,2,6,9,13,15,14,19,11,11,16,16,14,14,15,9,8,6,3,-2,3,3,2,5,3,1,4,6,4,1,5,5,3,2,-2,-1,-0,0,-5,-4,-3,-4,-4,-1,-1,-2,-2,-5,-3,-5,-5
620307,,,,,,,,,,,,,17,18,21,21,28,30,34,38,38,40,41,45,44,44,42,49,48,48,49,35,28,18,10,-1,-8,-9,-10,-9,-6,-9,-12,-15,-17,-18,-18,-15,-13,-13,-13,-14,-17,-15,-16,-13,-12,-13,-12,-14,-13,-12,-8,-6,-5,-6,-7,-5
620308,,,,,,,,,,,,,8,8,8,7,7,6,6,5,5,4,3,3,3,2,3,4,5,6,6,8,8,9,9,9,9,9,9,9,9,8,9,7,6,6,6,6,7,6,6,5,4,4,3,3,3,2,3,3,2,2,1,1,3,3,4,4
620310,,,,,,,,,,,,,0,0,1,1,2,2,2,14,10,16,14,29,18,20,15,13,22,22,37,40,36,30,24,44,18,17,24,13,31,27,30,12,15,8,3,1,6,7,-1,2,-2,-1,-10,12,-5,7,-0,-26,-2,-3,-3,16,-4,0,15,-3
620311,,,,,,,,,,,,,0,0,1,1,2,2,2,5,5,1,12,0,18,11,18,8,12,7,3,-2,0,9,6,6,6,10,14,4,6,11,14,11,11,10,9,6,7,6,4,5,12,7,6,11,5,1,3,4,4,3,1,14,-3,-3,3,5
620313,,,,,,,,,,,,,8,8,8,8,8,8,1,1,1,1,1,1,1,1,1,2,2,2,1,1,3,3,3,3,4,6,5,4,5,5,7,7,5,6,6,6,5,3,3,3,6,6,5,5,5,4,4,4,4,4,4,8,3,3,4,4
620314,,,,,,,,,,,,,7,7,7,8,8,8,6,6,6,7,7,7,10,10,10,10,10,10,16,16,16,15,15,15,15,15,15,15,15,15,9,9,9,16,16,16,8,8,8,7,7,7,7,7,7,2,2,2,2,2,2,7,7,7,7,7
620315,,,,,,,,,,,,,1,1,1,1,1,2,1,1,1,1,2,3,3,2,3,3,4,3,3,4,4,4,4,4,4,5,4,4,5,5,5,4,4,4,5,6,5,5,5,5,6,6,8,8,7,7,6,5,6,6,6,6,6,7,5,5
620317,,,,,,,,,,,,,11,11,14,15,15,12,15,16,11,16,15,16,17,17,15,13,12,11,7,7,9,3,2,-0,-1,2,2,1,1,1,4,3,3,6,6,7,3,0,-0,1,2,2,-2,0,0,-0,-1,-3,4,2,2,-0,2,-0,2,1
620318,,,,,,,,,,,,,8,8,11,13,12,15,14,14,14,16,15,14,16,13,10,10,8,7,5,4,3,3,3,2,2,2,-4,2,0,1,-3,-2,-1,-2,-7,-2,-6,-5,-1,-7,-4,-6,-2,-5,-4,-3,0,-5,1,-1,-1,-2,-1,0,-2,2
620319,,,,,,,,,,,,,10,12,8,9,11,10,7,6,3,4,4,3,4,5,5,1,6,3,5,1,2,3,1,-0,1,2,3,5,1,2,3,4,2,1,4,4,1,-1,-1,-2,-1,-1,0,1,2,2,1,-0,4,-1,-1,1,2,1,-1,0
620320,,,,,,,,,,,,,12,11,8,9,10,10,-4,-0,6,6,6,4,-1,4,6,11,34,46,56,58,55,51,42,38,31,24,26,27,12,5,1,-1,8,12,14,13,12,7,5,2,1,5,8,11,11,6,5,5,-0,2,-1,1,7,6,5,-1
620321,,,,,,,,,,,,,,,,,,,,,,,,,,,,,,,,,,,,,5,5,4,4,4,3,-0,0,1,-1,-1,-4,-2,-3,-1,-3,-6,-4,-2,-3,-5,-4,-6,-4,-7,-3,-5,-5,-2,-4,-4,-2
630122,,,,,,,,,,,,,19,22,12,7,10,9,2,-1,-7,-0,-2,-3,-2,-4,-3,-1,-4,-5,-8,3,1,2,-4,-5,-4,-4,1,-4,-4,-11,-3,-3,-12,-10,-9,-8,-1,-6,-7,-6,-3,3,-5,-5,1,-4,-5,1,-11,-6,-12,-7,-14,-9,-9,-13
630127,,,,,,,,,,,,,-13,-11,-9,-10,-1,2,3,6,4,10,6,4,5,-1,-11,-12,-14,-13,-13,-16,-14,-18,-14,-18,-15,-10,-3,-7,-7,-10,-9,-7,-14,-11,-14,-6,-8,-10,-13,-6,-10,-10,-13,-11,-6,-8,-14,-17,-18,-14,-15,-16,-11,-15,-13,-13
630129,,,,,,,,,,,,,-1,-0,1,-6,-3,-4,-3,-3,-5,-5,-7,-4,-5,-5,-5,-3,-6,0,-1,-9,-8,-10,-11,-13,-12,-12,-9,-9,-14,-12,-11,-3,-7,-8,-4,-7,-9,-10,-8,-13,-2,-14,-17,-13,-8,-15,-21,-12,-12,-7,-10,-7,-7,-3,-0,-14
630138,,,,,,,,,,,,,1,-0,0,1,0,5,4,7,7,5,8,11,10,10,9,9,9,4,6,3,4,5,4,6,1,2,0,2,-5,-1,-4,4,0,1,0,-5,0,0,3,1,8,8,8,2,2,2,0,2,0,0,-1,-1,-1,-0,0,-2
630153,,,,,,,,,,,,,-2,2,1,-6,-9,-7,-9,-6,-5,-8,-5,-1,-3,-8,-2,-7,-6,-7,-6,-1,1,-5,2,3,3,-0,3,16,15,11,13,9,-0,8,0,-4,-1,1,-3,-12,-13,-9,-6,-15,-8,-16,-12,-16,-8,-4,-9,-11,-3,-9,-17,-6
630156,,,,,,,,,,,,,-3,-2,-5,-3,-4,0,-3,-1,-0,-0,1,0,5,0,3,1,5,4,5,1,-1,-0,4,-2,-2,-2,4,4,-2,1,-0,-2,4,0,-6,-3,-2,-0,-4,-7,-6,-10,-7,-4,-9,-6,-5,-3,-2,-3,-1,-2,2,6,3,4
630159,,,,,,,,,,,,,0,4,7,7,5,8,6,3,8,7,10,6,10,5,4,2,-4,-10,-10,-7,-9,-11,-13,-7,-13,-10,-10,-7,-1,-2,-5,-2,-7,-3,-4,-7,-6,-6,-9,-2,-8,-5,-0,-3,-3,-1,-4,-4,-4,-4,-5,-11,-11,-14,-15,-16
630160,,,,,,,,,,,,,-5,-4,-5,-6,-0,0,9,6,7,9,8,3,-1,-5,-9,-12,-21,-19,-21,-22,-20,-21,-16,-6,-7,-5,0,9,11,15,10,8,6,8,1,-7,-3,0,-3,-8,-11,-9,-6,-5,-6,-8,-5,-5,-4,-7,-8,-7,-11,-14,-14,-14
630161,,,,,,,,,,,,,4,4,8,10,0,-3,-0,-6,0,4,-13,-3,-2,-1,-1,-20,-4,1,-15,2,-5,-18,-8,-13,-9,-8,-7,20,-4,-10,-0,0,3,11,-0,12,4,2,1,-10,3,2,8,-9,-7,-2,7,-12,-0,4,-2,4,-2,-1,-3,-1
630162,,,,,,,,,,,,,7,5,2,5,10,6,9,5,7,5,6,6,-2,4,4,7,2,6,1,6,3,2,5,6,9,3,6,2,2,-1,1,2,5,-1,-3,0,-1,1,-1,-3,-6,-1,-1,-7,-4,1,-4,-8,-1,0,-7,-5,-6,-9,-7,-9
630163,,,,,,,,,,,,,-14,-7,-6,9,-13,-7,-6,-6,-1,-5,-6,-12,-6,-30,-12,-44,-5,-41,-42,-28,-30,-22,-21,-30,-14,-0,16,89,17,73,78,20,48,25,26,4,-6,-4,-2,-38,-4,-4,-2,17,-2,-22,-6,5,47,52,2,57,0,3,-2,-1
630164,,,,,,,,,,,,,-2,-3,-2,1,1,5,-5,-11,-7,-3,0,1,5,8,13,10,8,8,22,25,22,18,17,13,12,12,4,2,6,4,-2,-2,1,3,-0,1,-1,-1,-2,4,-1,-0,4,2,-1,-1,-1,1,-1,2,1,-1,-1,-1,-1,-1
630165,,,,,,,,,,,,,-1,0,-0,1,6,5,4,3,3,4,3,3,5,4,9,7,2,2,2,9,0,2,4,18,10,10,5,7,7,4,3,-1,4,3,2,-5,1,2,5,5,6,12,3,14,7,-1,-2,2,16,6,11,10,11,7,11,13
630166,,,,,,,,,,,,,,,,,,,,,,,,,,,,,,,,,,,,,,,,,,,,,,,,,3,3,13,9,-5,-9,-5,-5,-4,1,-5,3,-3,2,-8,-12,0,2,-3,-7
630167,,,,,,,,,,,,,,,,,,,,,,,,,,,,,,,,,,,,,,,,,,,,,,,,,4,6,-9,12,7,6,15,15,10,14,17,-1,5,7,13,-2,-3,-5,-7,-8
630168,,,,,,,,,,,,,,,,,,,,,,,,,,,,,,,,,,,,,,,,,,,,,,,,,,,,,,,,,,,,,,,,,,,,
630223,,,,,,,,,,,,,29,3,46,-17,20,10,-20,7,3,3,0,0,-2,-4,0,13,14,-5,28,-0,-9,5,-7,1,7,9,-13,23,0,17,13,10,11,2,15,-10,12,4,21,5,6,0,0,-4,24,17,-1,30,17,18,-2,-13,1,4,1,-4
630224,,,,,,,,,,,,,-11,-21,-30,-27,-21,-13,-7,7,30,23,15,16,-12,31,53,17,27,6,-7,6,-14,3,5,-4,16,-15,-17,-19,-19,-8,5,0,10,4,-1,13,2,10,4,17,19,-1,-6,8,-1,-8,4,-1,1,-5,11,14,7,22,23,-5
630225,,,,,,,,,,,,,12,-11,1,-10,12,-6,-14,-13,0,-10,5,-18,18,12,3,16,-1,5,28,8,-4,-4,-3,8,-21,2,19,-6,3,-14,-6,-17,-14,16,-2,4,6,-12,-19,2,7,-2,-1,5,13,-20,-9,-8,8,9,21,-11,-10,16,-4,23
630226,,,,,,,,,,,,,-8,-4,-6,-3,-1,-10,6,7,23,22,22,22,13,9,8,4,6,12,3,-3,-7,-10,-9,-3,7,10,7,4,4,5,4,7,5,9,6,-1,1,-3,2,1,2,1,3,3,2,1,2,7,4,4,5,4,4,4,2,3
630228,,,,,,,,,,,,,-13,-12,-22,-17,-6,-3,2,2,2,0,7,-2,5,17,27,18,2,-5,-11,4,4,9,5,4,-4,-9,-15,-14,-9,-6,10,-2,-5,-9,1,8,0,-5,6,17,12,-4,-17,-1,3,19,-3,12,15,19,29,18,21,44,45,18
630230,,,,,,,,,,,,,15,22,23,28,7,39,40,35,6,16,-13,-5,14,-9,5,-2,4,-0,-4,-5,15,16,23,1,-2,3,2,10,1,-6,5,13,7,7,24,28,44,20,20,4,49,60,53,39,34,18,1,-13,-5,0,-10,-4,-31,-36,-43,-35
630232,,,,,,,,,,,,,-8,-5,-13,-15,-22,-13,-21,5,2,-4,9,-6,-5,17,23,16,35,-4,8,9,-8,14,2,-5,-9,-19,-3,-3,1,25,-4,3,25,12,13,33,17,27,0,7,-10,-16,19,-1,-2,7,-9,-15,-1,-16,23,-4,4,19,-17,9
630233,,,,,,,,,,,,,-21,-23,-20,-19,-20,-8,-7,-17,-15,-3,-6,-9,7,10,10,8,14,-5,-19,6,6,-4,7,16,-8,-21,-23,-21,-13,-7,18,7,1,-0,11,-2,11,25,23,33,10,-17,-10,-10,-13,-17,-7,12,-3,-3,6,1,11,43,24,21
630234,,,,,,,,,,,,,9,6,6,-2,-0,9,-1,-2,-8,-7,-7,-12,-8,-4,-9,-9,-8,-13,-8,-5,-4,-8,-3,-8,-3,-7,3,11,6,6,1,1,6,15,11,18,19,3,15,3,-4,-1,9,7,2,-6,-2,-6,-8,16,4,8,16,12,12,13
630235,,,,,,,,,,,,,,,,,,,,,,,,,,,,,,,,,,,,,,,,,,,,,,,,,,,,,,,,,,,,,27,6,-11,-1,7,0,-3,-5
630309,,,,,,,,,,,,,1,5,1,0,6,-0,0,2,6,4,-4,-3,-3,0,-4,-5,-7,-5,-1,-9,-5,-7,-1,-3,-4,-6,-3,-3,1,-2,-1,2,-8,-9,-2,-0,2,2,4,-2,-4,-2,-6,-7,-5,-0,-5,1,-2,-1,-1,2,3,5,4,1
630312,,,,,,,,,,,,,10,5,10,1,-2,-3,-1,1,5,5,-3,2,-1,9,3,2,4,8,7,8,7,8,8,-0,4,-1,6,7,7,6,1,-2,-1,-7,-3,1,-2,-6,-8,-5,-4,-10,-3,-5,-4,-2,-4,-7,-5,-3,-6,-9,-9,-6,-4,-1
630313,,,,,,,,,,,,,0,-2,-1,5,3,2,3,2,5,-1,4,-0,-2,4,4,3,7,6,9,7,2,7,6,-1,7,5,7,9,5,6,5,6,7,4,5,16,5,-1,-1,-0,-1,1,-1,-5,-2,2,1,-2,0,3,1,-2,-0,-1,-2,3
630314,,,,,,,,,,,,,2,5,3,-0,-6,-0,1,0,-1,1,-2,-1,-2,-1,-3,-4,-2,-2,-1,-3,-2,-0,2,-4,-3,-0,-1,1,1,-2,-3,2,-1,-2,-3,3,-1,-4,-1,-3,-2,0,2,-2,-4,-3,-6,-9,-4,-1,-1,-5,-7,-7,-11,-5
630317,,,,,,,,,,,,,-3,6,4,13,8,-2,4,3,9,4,9,8,3,-5,2,0,5,9,3,-4,-2,3,3,5,8,8,4,6,4,4,6,7,6,5,2,-0,-1,-5,0,-0,-3,-1,-2,6,3,0,-1,6,6,1,-3,-4,-2,-1,-3,-7
630332,,,,,,,,,,,,,11,8,5,4,5,4,1,8,11,11,11,10,5,5,5,3,2,2,0,2,0,-0,-1,0,-0,4,5,4,6,6,6,2,-1,-1,1,-0,-2,-4,-6,-5,-6,-5,-6,-4,-2,-4,-5,-4,-4,-3,-3,-3,-3,-5,-3,-2
630333,,,,,,,,,,,,,0,7,4,-2,1,-9,-3,-3,1,4,2,2,-1,-6,-3,-4,-1,1,-0,-5,-8,-12,-5,-13,-1,-0,-1,-1,-3,-4,-3,4,6,11,0,10,-1,-3,-3,-3,-2,-6,-2,-3,-3,-10,-3,-10,-3,-3,-1,-1,1,-1,3,4
630334,,,,,,,,,,,,,1,15,5,-6,-2,19,-19,7,-19,-2,-16,11,-13,8,32,51,22,6,27,16,26,-2,-2,-18,9,-5,-28,-19,14,1,4,-15,2,20,9,-2,-11,-13,9,-2,-25,-9,-18,-14,5,1,5,1,20,9,1,-13,-11,-17,-16,-13
630336,,,,,,,,,,,,,-4,-1,-12,-11,-11,-8,-7,-7,-8,-2,-1,-3,5,6,12,9,13,18,17,25,18,16,19,9,10,9,4,3,0,-5,-4,-5,-3,0,-5,6,3,2,2,-1,-1,-1,-4,-11,-9,-7,-7,-7,-9,-9,-6,-2,-5,-2,-0,-5
630340,,,,,,,,,,,,,2,2,1,2,1,5,4,4,2,3,1,-0,1,2,3,2,2,1,2,2,3,3,2,4,2,3,5,5,9,10,8,7,6,6,7,7,8,8,5,4,1,1,-1,0,2,2,1,2,-0,-1,-1,1,-1,-1,1,1
630341,,,,,,,,,,,,,11,9,5,-0,0,2,1,1,8,11,8,8,6,17,15,14,13,16,16,7,8,5,6,9,8,-4,-2,1,2,-0,1,7,-2,-4,2,-3,-2,0,2,-2,-4,-5,-5,-9,-4,1,-9,-1,0,-1,-4,-2,-3,-4,-4,1
630342,,,,,,,,,,,,,6,5,4,4,4,3,5,2,2,1,1,1,-0,1,0,2,2,5,4,6,6,8,9,8,7,7,6,6,7,4,6,4,4,3,2,1,2,2,0,-1,-1,-1,-4,1,-0,0,-1,-0,1,6,4,7,7,6,12,8
630343,,,,,,,,,,,,,-4,-3,-1,1,4,6,3,3,4,-2,-2,1,-3,1,1,1,-1,-0,-1,-1,-3,-16,-15,-18,-14,-16,-16,-15,-15,-15,-15,-15,-14,3,8,9,9,8,6,4,5,4,5,5,5,4,-2,-2,-3,-4,-6,-4,-6,-4,-4,-5
630345,,,,,,,,,,,,,13,13,13,13,13,14,13,13,12,13,15,6,6,13,9,13,13,13,10,10,10,9,6,9,10,3,7,6,7,7,9,8,9,10,10,6,6,12,9,6,0,-0,1,2,-6,-6,-6,1,7,0,2,2,7,7,6,5
630347,,,,,,,,,,,,,5,1,8,1,-1,-3,1,3,4,3,5,1,1,5,0,0,6,6,7,7,5,9,8,10,10,10,6,9,5,2,5,1,-1,-0,-1,-0,-3,-6,-4,-4,-5,-1,-3,-5,-2,-6,-6,-5,1,1,2,-1,2,1,0,6
630348,,,,,,,,,,,,,2,2,2,5,5,5,3,3,3,2,2,2,3,3,3,-3,-3,-3,-0,-0,-0,-5,-5,-5,-6,-6,-6,7,7,7,0,0,0,5,5,5,4,4,4,-4,-4,-4,-2,-2,-2,-4,-4,-4,1,1,1,2,2,2,3,3
630357,,,,,,,,,,,,,2,1,11,8,11,11,13,15,16,16,25,32,32,46,32,32,31,35,34,30,29,30,25,14,14,3,3,4,2,-1,-0,0,3,3,3,4,-2,-1,5,-2,-1,4,2,2,-0,1,2,7,16,16,9,16,16,10,9,11
630359,,,,,,,,,,,,,1,0,1,-0,7,9,6,5,3,3,5,4,6,7,6,6,3,2,3,3,4,6,8,9,9,8,8,9,7,8,8,8,8,7,5,6,7,8,9,9,9,9,9,9,9,8,8,8,7,8,8,8,8,8,7,7
630365,,,,,,,,,,,,,-1,-2,-6,-14,-8,-8,-4,-8,-6,-5,-3,-0,-7,-4,0,-3,1,1,1,-2,-1,-4,3,-1,-1,-5,-6,-1,-5,-2,-5,2,4,6,-2,-0,1,3,1,3,2,-1,8,-2,-5,-3,-3,-4,2,1,3,-5,2,3,1,1
630368,,,,,,,,,,,,,-11,-6,-7,-9,-7,-8,-6,-4,-3,-2,-2,0,5,6,9,12,7,12,12,10,9,10,13,9,9,10,8,8,10,8,6,8,6,2,1,1,2,-3,0,-0,-2,-2,-1,-2,-2,-1,-4,-2,1,-1,-3,-5,-5,-4,-7,-5
630369,,,,,,,,,,,,,19,19,21,18,36,33,23,29,30,29,29,29,26,32,22,11,-3,-1,-12,-15,-15,-15,-15,-18,-15,-18,-5,2,4,5,12,9,10,10,8,9,8,5,-2,-6,-8,-9,-8,-4,-5,-3,-3,-3,-1,0,-8,-5,-1,-1,-1,-0
630371,,,,,,,,,,,,,0,-5,-6,-5,-9,-6,-7,-7,-3,-8,-4,-2,-2,-3,-3,-1,3,-2,-1,-4,-2,2,-1,1,-5,-1,-0,-0,-4,2,-8,-6,-7,-6,-2,-9,-3,-7,-7,-10,-4,-12,-2,-2,-2,1,-2,-0,4,6,8,9,1,8,6,10
630372,,,,,,,,,,,,,21,35,26,13,48,35,43,32,79,-7,62,-3,-0,-5,-11,58,-13,-20,3,-1,-18,20,-26,-11,-4,8,32,-3,30,61,-2,13,53,20,2,8,19,21,-10,-28,9,-28,2,13,-22,-9,43,11,-2,-7,-23,28,-18,23,-1,-9
630373,,,,,,,,,,,,,16,8,-2,-8,-3,-9,-5,-1,-3,-4,-14,-14,-14,-1,2,0,-3,-1,0,1,-2,1,4,-2,3,-4,4,2,3,2,-1,-0,5,4,-1,3,0,1,0,1,0,0,0,0,-1,-2,1,0,2,2,0,-3,-1,-0,-3,-4
630374,,,,,,,,,,,,,16,5,7,5,9,6,8,16,19,17,13,14,4,16,11,7,6,5,8,8,0,-1,2,1,0,-3,-3,0,-1,2,-2,-6,-2,-1,-3,-4,-3,-5,1,1,0,-1,-3,-3,1,1,-0,3,1,3,0,1,1,4,6,5
630376,,,,,,,,,,,,,10,11,10,-3,0,6,1,3,7,5,7,1,2,10,5,8,11,11,10,10,3,5,7,5,5,1,6,5,-0,4,5,-3,2,4,2,1,1,-2,-4,-2,1,-2,-1,2,-1,-0,-2,-0,-2,-0,4,-3,-2,-5,0,-3
630377,,,,,,,,,,,,,-4,5,1,2,-2,-8,-15,2,-1,-15,-14,-4,0,2,-9,-4,-4,8,21,4,-1,12,13,5,-5,-14,2,3,2,3,-4,-6,-4,-4,0,-3,0,5,-1,2,5,-6,-7,-7,-0,-8,-16,-8,-4,-11,-9,-14,-9,-9,-9,4
630378,,,,,,,,,,,,,-10,-25,-20,-23,-23,-20,-22,-16,-20,-17,-14,-6,-9,5,3,6,7,-1,1,-5,-3,-3,-1,-2,-2,6,7,7,5,7,9,15,20,19,12,13,16,9,8,7,14,6,10,5,5,5,9,7,7,0,-2,-19,-11,-17,-19,-30
630379,,,,,,,,,,,,,20,6,22,-11,16,24,-30,20,-3,-11,-18,20,-19,12,-4,40,26,19,1,-24,5,-15,-8,-33,-5,-9,-13,4,-21,-4,-11,-20,-2,20,3,-9,-8,-22,0,8,-21,2,1,-4,-18,8,18,34,39,-3,-38,-45,12,-17,72,35
630380,,,,,,,,,,,,,38,14,54,0,-8,-33,-41,3,10,22,-5,5,-20,8,-5,34,33,22,19,-1,38,14,5,-14,10,1,8,22,20,22,54,43,5,-1,-4,-1,-5,-13,-10,-20,-16,-12,-31,-26,-20,-7,-3,-2,28,30,-7,2,0,3,31,12
630381,,,,,,,,,,,,,,,,,,,,,,,,,9,14,21,20,2,12,10,14,20,16,13,12,7,2,1,6,10,11,14,7,5,5,3,0,1,1,3,0,-0,-3,-6,-3,-5,-4,-1,0,-0,-1,-3,-6,-4,-2,-1,-2
630382,,,,,,,,,,,,,,,,,,,,,,,,,,,,,,,,,,,,,4,3,3,5,4,2,3,6,6,6,4,5,2,2,2,-1,1,5,4,1,-2,-2,-3,-0,-2,-1,-2,-2,-2,-4,-1,-2
630383,,,,,,,,,,,,,,,,,,,,,,,,,,,,,,,,,,,,,,,,,,,,,,,,,-2,-6,-6,-6,-1,6,-6,-4,-6,-8,-7,-2,-4,-2,-5,-5,-0,-4,-1,-2
630384,,,,,,,,,,,,,,,,,,,,,,,,,,,,,,,,,,,,,,,,,,,,,,,,,,,,,,,,,,,,,0,1,3,-1,0,0,-6,-2
630385,,,,,,,,,,,,,,,,,,,,,,,,,,,,,,,,,,,,,,,,,,,,,,,,,,,,,,,,,,,,,1,-5,-3,-2,-4,-5,-6,2
630386,,,,,,,,,,,,,,,,,,,,,,,,,,,,,,,,,,,,,,,,,,,,,,,,,,,,,,,,,,,,,-2,-0,-2,-4,-4,-4,1,0
630387,,,,,,,,,,,,,,,,,,,,,,,,,,,,,,,,,,,,,,,,,,,,,,,,,,,,,,,,,,,,,,,,,,,,
630407,,,,,,,,,,,,,5,4,4,4,4,4,3,2,2,2,2,2,2,2,4,4,4,8,9,9,9,9,9,9,10,13,11,10,12,10,11,11,11,10,10,11,12,10,10,10,10,5,9,9,10,12,12,11,12,11,11,11,12,12,7,9
630408,,,,,,,,,,,,,10,7,6,9,9,11,9,8,8,8,8,8,7,8,10,8,8,11,13,17,16,16,16,16,17,17,15,17,18,15,15,12,12,12,12,14,14,12,12,12,11,9,9,9,11,11,11,9,11,11,11,11,11,11,12,13
630412,,,,,,,,,,,,,2,4,4,4,4,4,4,4,4,4,3,3,3,6,8,9,9,9,9,10,11,11,10,11,13,9,5,6,9,7,8,6,5,2,7,4,-1,-2,-0,-2,-1,-2,-1,7,6,13,11,12,11,15,12,16,15,14,11,5
630425,,,,,,,,,,,,,-18,-13,-0,11,4,3,-6,6,-0,4,-6,-3,17,12,-8,-12,-6,-6,-7,-14,-6,-3,0,25,10,5,12,37,45,33,30,34,28,29,23,10,4,5,11,3,-1,11,13,11,3,5,8,-5,4,7,4,0,4,3,3,3
630426,,,,,,,,,,,,,-12,-15,-18,6,3,17,9,-0,-4,-9,4,4,11,22,21,16,11,6,11,-1,-1,9,7,-0,-1,-5,1,16,16,8,8,21,23,23,17,15,19,26,33,22,11,8,3,-6,-0,-1,2,12,5,-5,-7,-9,-6,-3,-1,8
630434,,,,,,,,,,,,,-7,-6,-7,0,9,7,7,2,2,3,11,8,9,9,9,10,3,3,4,3,3,2,3,4,4,4,3,4,4,5,5,5,5,8,8,8,4,4,4,3,2,3,3,2,2,-1,-1,-1,2,1,3,1,3,1,2,2
630435,,,,,,,,,,,,,-19,-16,-8,-13,-3,6,10,-4,5,2,10,20,18,22,32,27,13,1,-3,4,5,21,7,5,13,5,-0,6,2,8,17,20,11,10,11,12,0,22,10,-1,10,26,16,15,16,12,22,19,15,13,23,42,35,26,13,3
630436,,,,,,,,,,,,,6,4,4,6,3,6,6,8,8,8,8,9,12,8,8,10,12,13,15,15,17,21,20,19,22,23,24,20,24,20,22,20,19,14,15,16,14,15,13,15,13,13,12,11,13,15,14,14,14,13,14,12,13,12,12,14
630437,,,,,,,,,,,,,-3,-2,-9,-0,12,8,1,-1,-4,-2,14,6,5,1,7,4,-2,-3,-2,-5,-2,-1,-5,3,4,4,4,9,5,3,3,3,2,3,2,4,6,5,5,8,7,12,12,14,11,5,3,1,1,2,1,0,-2,-0,5,6
630438,,,,,,,,,,,,,-7,-3,-22,5,-15,-5,3,19,8,13,24,33,12,17,9,2,12,20,-5,-16,-9,33,44,-13,34,4,17,5,47,7,5,31,38,-31,-9,11,-23,-38,-7,29,-17,3,18,3,-8,15,-24,23,0,63,47,-16,-2,32,-18,2
630439,,,,,,,,,,,,,-14,-10,-15,2,19,3,17,-3,-4,-2,15,16,13,10,16,11,2,7,6,4,7,3,3,0,3,3,0,5,10,7,11,10,9,9,9,9,10,7,12,9,3,3,1,1,5,2,7,4,4,8,2,-1,1,2,3,1
630440,,,,,,,,,,,,,-2,0,-1,5,16,13,11,8,8,8,13,13,18,16,19,14,14,11,9,5,11,4,15,10,-1,-3,-4,1,-4,-3,-2,7,-2,8,1,4,9,10,6,6,9,7,8,6,6,2,2,-1,-3,-3,4,7,6,1,4,2
630505,,,,,,,,,,,,,1,7,8,8,11,12,11,9,11,10,8,10,11,10,10,10,13,15,14,14,9,14,17,13,10,10,9,0,3,-3,3,1,-0,-3,-3,-1,0,-1,-2,6,1,6,-1,-2,0,-2,1,-1,-0,-2,1,-0,-3,-2,0,2
630507,,,,,,,,,,,,,3,7,9,7,6,3,2,8,4,4,6,-2,-2,-4,-4,-3,-2,1,-4,-3,-1,-1,-0,2,5,3,0,1,4,1,4,4,6,6,2,1,0,-1,1,-1,-1,-1,3,-1,-0,-1,0,2,-1,2,0,2,1,1,-2,1
630510,,,,,,,,,,,,,0,3,2,-3,3,8,9,7,6,14,19,19,16,15,16,17,14,15,13,14,17,12,12,13,14,13,12,14,13,10,10,9,5,6,10,7,5,5,3,2,1,3,3,3,6,5,2,3,3,2,4,3,3,2,2,-1
630518,,,,,,,,,,,,,-2,-2,0,2,3,7,-0,0,1,0,5,4,5,8,6,8,8,9,11,10,10,12,11,7,8,7,9,9,10,8,4,6,3,3,4,3,2,1,-0,0,-0,0,0,1,2,2,1,4,5,3,3,2,4,3,3,4
630519,,,,,,,,,,,,,7,9,9,3,-0,-0,21,23,10,4,3,11,12,13,13,12,17,15,6,8,15,17,16,8,5,4,4,5,7,9,14,8,3,2,-13,-7,-8,-7,-9,-8,-10,-10,-9,-10,-9,-5,8,1,0,-2,0,1,-2,-4,-7,-5
630520,,,,,,,,,,,,,7,8,9,6,6,6,5,7,8,7,10,11,12,13,13,13,15,16,19,15,22,23,23,18,18,17,13,13,8,8,3,4,4,2,-1,0,-1,-0,-5,-5,-4,-1,-2,1,-5,-2,-1,-1,-1,-2,-0,-3,-0,-3,-4,-4
630524,,,,,,,,,,,,,2,6,3,2,7,3,7,5,7,11,11,14,13,11,12,9,8,10,6,9,6,8,10,4,4,9,5,8,8,8,8,8,4,-3,-5,-3,-2,-5,-0,-1,-1,-0,-2,-2,-0,4,3,4,6,4,3,5,4,3,5,4
630525,,,,,,,,,,,,,7,8,6,8,3,1,-2,2,6,4,5,6,6,9,11,15,10,17,18,16,12,17,16,14,20,17,16,15,14,14,15,14,13,11,9,9,3,2,1,2,3,0,0,1,1,0,-0,0,0,2,-2,-3,-3,-1,-2,-4
630526,,,,,,,,,,,,,-8,-9,-5,14,-1,-4,-4,3,4,3,5,7,1,3,3,3,4,5,-1,-1,7,8,8,3,6,1,-3,-3,-2,-4,5,5,2,0,-3,-2,5,16,19,18,17,18,17,17,8,12,13,12,12,3,2,2,3,2,1,1
640124,,,,,,,,,,,,,2,2,2,1,1,1,1,1,1,1,1,1,1,1,1,0,0,0,0,0,0,0,0,0,0,0,0,0,0,0,0,0,0,0,0,0,0,0,0,7,7,7,7,7,7,7,7,7,7,7,7,3,3,3,3,3
640125,,,,,,,,,,,,,-1,-1,-1,-1,-1,-1,0,0,0,0,0,0,0,0,0,0,0,0,-2,-2,-2,-2,-2,-2,-2,-2,-2,-2,-2,-2,0,0,0,-8,-8,-8,-8,-8,-8,-8,-8,-8,-15,-15,-15,-7,-7,-7,-6,-6,-6,-6,-6,-6,1,1
640128,,,,,,,,,,,,,,,,,,,,,,,,,,,,,,,,,,,,,,,,,,,,,,,,,,,,,,,,,,,,,,,,,,,,
640211,,,,,,,,,,,,,0,0,1,1,2,1,-1,-1,-1,-1,2,-1,1,2,1,6,6,6,6,6,6,6,6,6,6,6,6,5,5,5,5,5,5,5,5,5,5,5,5,8,8,8,8,8,8,8,8,8,8,8,8,7,7,7,7,7
640212,,,,,,,,,,,,,1,-3,-0,1,1,2,5,8,15,14,15,9,17,19,18,22,19,24,16,11,7,10,5,8,1,2,3,0,4,-2,4,-3,5,8,3,11,12,12,14,15,11,11,13,26,13,5,13,3,2,3,3,3,0,6,4,1
640217,,,,,,,,,,,,,0,0,1,1,2,1,-0,8,8,2,10,2,15,15,15,17,17,17,10,15,15,8,8,8,16,16,16,13,13,13,12,3,3,5,5,5,3,3,3,-3,-3,-3,0,2,2,4,4,4,-0,-0,-0,7,7,7,-1,1
640219,,,,,,,,,,,,,0,0,1,1,1,0,1,-1,-1,-1,1,-2,1,2,1,3,4,4,3,3,3,4,5,5,5,5,5,5,6,8,9,9,9,9,9,8,8,8,8,8,8,7,7,6,6,6,6,6,6,6,6,6,5,5,5,6
640221,,,,,,,,,,,,,0,0,1,1,2,2,2,3,3,2,3,3,3,3,3,2,2,1,1,3,3,3,3,3,3,3,3,3,3,3,3,3,3,3,3,3,3,3,3,3,3,3,3,5,5,5,5,5,5,5,5,5,5,5,5,3
640222,,,,,,,,,,,,,1,1,1,2,1,5,5,6,5,4,4,4,5,5,5,5,5,3,3,3,3,3,4,4,3,4,3,4,4,5,6,6,7,7,6,6,6,6,6,6,7,7,7,6,6,5,5,5,5,6,6,5,5,5,5,6
640224,,,,,,,,,,,,,2,2,2,3,3,4,4,4,2,2,3,2,3,3,3,3,3,3,2,3,3,3,3,3,3,3,3,3,2,2,2,2,1,1,2,2,2,2,2,3,4,4,4,5,6,6,6,6,7,7,7,6,5,5,5,5
640226,,,,,,,,,,,,,0,1,1,2,5,5,5,3,4,5,5,6,6,6,7,6,4,4,4,4,5,4,5,5,5,4,3,3,4,5,5,5,4,3,2,2,1,2,3,2,2,2,3,3,4,5,5,5,6,5,6,7,7,6,6,6
640228,,,,,,,,,,,,,1,1,1,6,1,1,1,1,4,4,4,4,4,4,4,4,4,4,4,4,3,3,3,3,3,3,3,3,3,3,3,3,6,6,6,6,6,6,6,6,6,6,6,6,7,7,7,7,7,7,7,7,7,7,7,7
640229,,,,,,,,,,,,,0,0,1,1,2,-2,-4,-4,-4,-5,-3,-5,2,2,2,4,4,4,8,8,8,8,8,8,3,3,3,9,9,9,11,11,11,9,9,9,6,6,6,6,6,6,7,7,7,14,14,14,10,10,10,7,7,7,4,4
640230,,,,,,,,,,,,,3,3,2,3,3,4,7,9,10,10,11,10,10,10,10,10,10,10,6,4,3,3,2,1,1,1,2,2,1,0,0,1,1,1,2,2,2,3,2,2,3,4,4,5,5,6,6,6,6,6,5,4,4,5,5,4
640234,,,,,,,,,,,,,-9,-9,-9,-8,-7,-7,-5,-4,-4,6,6,6,7,7,7,7,7,6,7,7,7,5,5,5,7,7,7,6,6,6,6,6,6,5,5,5,1,1,1,1,1,1,-3,-3,-3,1,1,1,3,3,3,4,4,4,8,8
640236,,,,,,,,,,,,,5,-0,0,1,1,2,2,15,19,9,20,18,18,16,17,17,16,20,20,1,-1,12,1,7,-5,-3,1,-4,7,11,7,8,0,2,-4,-1,8,11,1,13,8,7,1,3,16,2,13,8,9,-2,5,-2,-4,-7,6,13
640238,,,,,,,,,,,,,0,0,1,1,2,2,-3,-3,-3,-7,3,-7,-1,-1,-1,4,3,3,2,2,2,6,6,6,5,5,5,9,9,9,7,7,7,6,6,6,10,10,10,8,8,8,7,7,7,6,6,6,6,6,6,9,9,9,9,9
640240,,,,,,,,,,,,,1,1,1,1,1,2,2,2,2,2,2,2,2,2,2,3,3,3,3,3,3,3,3,3,3,4,4,3,3,3,3,3,3,4,3,3,4,4,4,4,4,4,4,3,4,4,4,4,4,4,4,5,5,6,6,5
640241,,,,,,,,,,,,,0,0,0,0,0,0,0,0,0,1,1,1,1,1,1,1,1,1,1,1,1,0,0,0,1,1,1,4,4,4,4,4,4,10,10,10,8,8,8,9,9,9,10,10,10,4,4,4,4,4,4,3,3,3,2,2
640242,,,,,,,,,,,,,4,4,4,1,1,1,-1,-1,-1,-1,-1,-1,-1,-1,-1,-1,-1,-1,4,4,4,11,11,11,5,5,5,4,4,4,-3,-3,-3,-5,-5,-5,2,2,2,1,1,1,7,7,7,1,1,1,-1,-1,-1,4,4,4,1,1
640243,,,,,,,,,,,,,3,3,4,4,5,5,6,6,3,4,4,4,4,6,6,6,6,6,6,6,6,7,7,7,8,7,7,7,7,7,6,6,6,6,5,5,5,5,5,5,5,5,5,5,5,5,5,5,5,5,6,6,6,7,6,6
640244,,,,,,,,,,,,,,,,,,,,,,,,,,,,,,,,,,,,,5,6,6,7,7,5,5,5,4,6,6,5,6,7,7,7,8,9,10,11,12,10,10,10,8,9,9,8,7,7,6,5
640303,,,,,,,,,,,,,8,8,8,9,10,10,5,5,5,1,1,1,0,0,0,1,0,-0,7,7,7,8,8,8,13,13,13,10,10,10,2,2,2,3,3,3,6,6,6,3,3,3,12,12,12,12,12,12,6,6,6,9,9,9,8,8
640304,,,,,,,,,,,,,3,1,1,2,3,3,-3,-0,2,6,5,5,7,8,8,10,11,10,11,20,22,21,22,22,22,22,23,16,17,18,20,10,8,10,12,12,10,9,9,13,11,9,5,5,4,1,-1,-1,-1,-2,-3,0,2,1,4,2
640305,,,,,,,,,,,,,-1,-2,-1,0,1,1,-0,0,3,4,4,4,5,4,4,3,3,4,5,8,6,5,5,5,5,6,7,11,10,9,9,9,11,12,12,13,13,13,13,10,10,11,11,11,11,10,10,8,7,8,8,11,11,11,9,7
640306,,,,,,,,,,,,,3,3,3,4,4,5,2,-1,0,1,2,2,2,1,1,1,0,1,2,7,6,5,5,5,6,7,8,10,11,12,12,12,14,15,16,16,17,16,16,13,12,12,10,10,8,7,6,6,5,5,5,7,7,6,6,6
640307,,,,,,,,,,,,,-1,-0,0,1,1,2,2,-0,-0,-2,-2,-2,-2,-2,-3,-3,-5,-6,-6,-3,-4,-0,-0,-1,-1,-1,-1,-1,1,3,4,4,5,3,4,6,8,8,8,9,8,7,6,5,4,3,3,2,1,1,1,1,1,2,4,5
640308,,,,,,,,,,,,,-4,-4,-4,-3,-2,-2,-3,-5,-4,-2,-2,-2,-1,0,1,5,7,11,13,20,24,27,33,36,35,35,36,34,36,31,31,30,26,24,19,15,16,15,14,10,7,4,3,2,-0,-2,-0,-3,-2,-3,-4,-5,-4,-3,-3,-3
640309,,,,,,,,,,,,,-0,-0,0,1,1,2,2,-2,-3,-4,-4,-3,-3,-3,-3,-4,-4,-4,-3,2,3,4,5,5,5,5,5,6,6,6,6,6,7,7,7,6,7,7,7,7,7,8,9,9,10,10,11,11,12,12,12,12,11,11,10,10
640403,,,,,,,,,,,,,-6,-6,-6,-5,-5,-4,-4,8,14,17,18,21,22,24,23,23,24,24,25,16,13,12,12,9,9,9,11,12,13,14,14,14,15,16,17,18,19,17,16,14,12,11,9,7,5,4,3,1,-0,-0,-1,-0,-0,-0,1,2
640404,,,,,,,,,,,,,3,3,3,4,6,7,4,5,6,5,6,6,6,7,8,7,6,8,12,14,15,16,16,16,16,15,14,15,14,10,7,3,1,0,0,-0,-0,-0,-1,-2,-2,-2,-1,-2,-3,-3,-4,-6,-6,-6,-5,-6,-6,-6,-7,-6
640405,,,,,,,,,,,,,1,1,1,2,3,3,-2,-1,0,1,2,3,3,4,4,5,5,7,13,15,17,17,16,17,17,17,16,16,16,14,12,9,8,8,8,7,6,6,7,6,5,5,5,5,5,6,6,5,5,5,4,4,4,4,4,3
640406,,,,,,,,,,,,,0,0,1,1,2,2,14,29,25,34,15,41,9,11,21,18,12,22,20,3,17,18,7,19,20,17,18,13,16,11,17,7,13,2,7,7,2,5,7,12,12,20,4,3,2,9,10,4,5,2,-4,-7,-6,-5,3,12
640408,,,,,,,,,,,,,,,,,,,,,,,,,,,,,,,,,,,,,,,,,,,,,,,,,,,,,,,,,,,,,,,,,,,,
CP0111101,,,,,,,,,,,,,,,,,,,,,,,,,,,,,,,,,,,,,,,,,,,,,,,,,,,,,,,,,,,,,,,,,,,,
CP0111201,,,,,,,,,,,,,,,,,,,,,,,,,,,,,,,,,,,,,,,,,,,,,,,,,,,,,,,,,,,,,,,,,,,,
CP0111301,,,,,,,,,,,,,,,,,,,,,,,,,,,,,,,,,,,,,,,,,,,,,,,,,,,,,,,,,,,,,,,,,,,,
CP0111302,,,,,,,,,,,,,,,,,,,,,,,,,,,,,,,,,,,,,,,,,,,,,,,,,,,,,,,,,,,,,,,,,,,,
CP0111303,,,,,,,,,,,,,,,,,,,,,,,,,,,,,,,,,,,,,,,,,,,,,,,,,,,,,,,,,,,,,,,,,,,,
CP0111304,,,,,,,,,,,,,,,,,,,,,,,,,,,,,,,,,,,,,,,,,,,,,,,,,,,,,,,,,,,,,,,,,,,,
CP0111305,,,,,,,,,,,,,,,,,,,,,,,,,,,,,,,,,,,,,,,,,,,,,,,,,,,,,,,,,,,,,,,,,,,,
CP0111308,,,,,,,,,,,,,,,,,,,,,,,,,,,,,,,,,,,,,,,,,,,,,,,,,,,,,,,,,,,,,,,,,,,,
CP0111309,,,,,,,,,,,,,,,,,,,,,,,,,,,,,,,,,,,,,,,,,,,,,,,,,,,,,,,,,,,,,,,,,,,,
CP0111310,,,,,,,,,,,,,,,,,,,,,,,,,,,,,,,,,,,,,,,,,,,,,,,,,,,,,,,,,,,,,,,,,,,,
CP0111311,,,,,,,,,,,,,,,,,,,,,,,,,,,,,,,,,,,,,,,,,,,,,,,,,,,,,,,,,,,,,,,,,,,,
CP0111401,,,,,,,,,,,,,,,,,,,,,,,,,,,,,,,,,,,,,,,,,,,,,,,,,,,,,,,,,,,,,,,,,,,,
CP0111402,,,,,,,,,,,,,,,,,,,,,,,,,,,,,,,,,,,,,,,,,,,,,,,,,,,,,,,,,,,,,,,,,,,,
CP0111404,,,,,,,,,,,,,,,,,,,,,,,,,,,,,,,,,,,,,,,,,,,,,,,,,,,,,,,,,,,,,,,,,,,,
CP0111501,,,,,,,,,,,,,,,,,,,,,,,,,,,,,,,,,,,,,,,,,,,,,,,,,,,,,,,,,,,,,,,,,,,,
CP0111502,,,,,,,,,,,,,,,,,,,,,,,,,,,,,,,,,,,,,,,,,,,,,,,,,,,,,,,,,,,,,,,,,,,,
CP0111503,,,,,,,,,,,,,,,,,,,,,,,,,,,,,,,,,,,,,,,,,,,,,,,,,,,,,,,,,,,,,,,,,,,,
CP0112201,,,,,,,,,,,,,,,,,,,,,,,,,,,,,,,,,,,,,,,,,,,,,,,,,,,,,,,,,,,,,,,,,,,,
CP0112202,,,,,,,,,,,,,,,,,,,,,,,,,,,,,,,,,,,,,,,,,,,,,,,,,,,,,,,,,,,,,,,,,,,,
CP0112203,,,,,,,,,,,,,,,,,,,,,,,,,,,,,,,,,,,,,,,,,,,,,,,,,,,,,,,,,,,,,,,,,,,,
CP0112204,,,,,,,,,,,,,,,,,,,,,,,,,,,,,,,,,,,,,,,,,,,,,,,,,,,,,,,,,,,,,,,,,,,,
CP0112301,,,,,,,,,,,,,,,,,,,,,,,,,,,,,,,,,,,,,,,,,,,,,,,,,,,,,,,,,,,,,,,,,,,,
CP0112302,,,,,,,,,,,,,,,,,,,,,,,,,,,,,,,,,,,,,,,,,,,,,,,,,,,,,,,,,,,,,,,,,,,,
CP0112303,,,,,,,,,,,,,,,,,,,,,,,,,,,,,,,,,,,,,,,,,,,,,,,,,,,,,,,,,,,,,,,,,,,,
CP0112401,,,,,,,,,,,,,,,,,,,,,,,,,,,,,,,,,,,,,,,,,,,,,,,,,,,,,,,,,,,,,,,,,,,,
CP0112501,,,,,,,,,,,,,,,,,,,,,,,,,,,,,,,,,,,,,,,,,,,,,,,,,,,,,,,,,,,,,,,,,,,,
CP0112502,,,,,,,,,,,,,,,,,,,,,,,,,,,,,,,,,,,,,,,,,,,,,,,,,,,,,,,,,,,,,,,,,,,,
CP0112503,,,,,,,,,,,,,,,,,,,,,,,,,,,,,,,,,,,,,,,,,,,,,,,,,,,,,,,,,,,,,,,,,,,,
CP0112504,,,,,,,,,,,,,,,,,,,,,,,,,,,,,,,,,,,,,,,,,,,,,,,,,,,,,,,,,,,,,,,,,,,,
CP0112599,,,,,,,,,,,,,,,,,,,,,,,,,,,,,,,,,,,,,,,,,,,,,,,,,,,,,,,,,,,,,,,,,,,,
CP0113101,,,,,,,,,,,,,,,,,,,,,,,,,,,,,,,,,,,,,,,,,,,,,,,,,,,,,,,,,,,,,,,,,,,,
CP0113102,,,,,,,,,,,,,,,,,,,,,,,,,,,,,,,,,,,,,,,,,,,,,,,,,,,,,,,,,,,,,,,,,,,,
CP0113201,,,,,,,,,,,,,,,,,,,,,,,,,,,,,,,,,,,,,,,,,,,,,,,,,,,,,,,,,,,,,,,,,,,,
CP0113301,,,,,,,,,,,,,,,,,,,,,,,,,,,,,,,,,,,,,,,,,,,,,,,,,,,,,,,,,,,,,,,,,,,,
CP0113302,,,,,,,,,,,,,,,,,,,,,,,,,,,,,,,,,,,,,,,,,,,,,,,,,,,,,,,,,,,,,,,,,,,,
CP0113402,,,,,,,,,,,,,,,,,,,,,,,,,,,,,,,,,,,,,,,,,,,,,,,,,,,,,,,,,,,,,,,,,,,,
CP0114101,,,,,,,,,,,,,,,,,,,,,,,,,,,,,,,,,,,,,,,,,,,,,,,,,,,,,,,,,,,,,,,,,,,,
CP0114201,,,,,,,,,,,,,,,,,,,,,,,,,,,,,,,,,,,,,,,,,,,,,,,,,,,,,,,,,,,,,,,,,,,,
CP0114298,,,,,,,,,,,,,,,,,,,,,,,,,,,,,,,,,,,,,,,,,,,,,,,,,,,,,,,,,,,,,,,,,,,,
CP0114301,,,,,,,,,,,,,,,,,,,,,,,,,,,,,,,,,,,,,,,,,,,,,,,,,,,,,,,,,,,,,,,,,,,,
CP0114401,,,,,,,,,,,,,,,,,,,,,,,,,,,,,,,,,,,,,,,,,,,,,,,,,,,,,,,,,,,,,,,,,,,,
CP0114501,,,,,,,,,,,,,,,,,,,,,,,,,,,,,,,,,,,,,,,,,,,,,,,,,,,,,,,,,,,,,,,,,,,,
CP0114599,,,,,,,,,,,,,,,,,,,,,,,,,,,,,,,,,,,,,,,,,,,,,,,,,,,,,,,,,,,,,,,,,,,,
CP0114601,,,,,,,,,,,,,,,,,,,,,,,,,,,,,,,,,,,,,,,,,,,,,,,,,,,,,,,,,,,,,,,,,,,,
CP0114701,,,,,,,,,,,,,,,,,,,,,,,,,,,,,,,,,,,,,,,,,,,,,,,,,,,,,,,,,,,,,,,,,,,,
CP0114702,,,,,,,,,,,,,,,,,,,,,,,,,,,,,,,,,,,,,,,,,,,,,,,,,,,,,,,,,,,,,,,,,,,,
CP0114801,,,,,,,,,,,,,,,,,,,,,,,,,,,,,,,,,,,,,,,,,,,,,,,,,,,,,,,,,,,,,,,,,,,,
CP0115101,,,,,,,,,,,,,,,,,,,,,,,,,,,,,,,,,,,,,,,,,,,,,,,,,,,,,,,,,,,,,,,,,,,,
CP0115201,,,,,,,,,,,,,,,,,,,,,,,,,,,,,,,,,,,,,,,,,,,,,,,,,,,,,,,,,,,,,,,,,,,,
CP0115301,,,,,,,,,,,,,,,,,,,,,,,,,,,,,,,,,,,,,,,,,,,,,,,,,,,,,,,,,,,,,,,,,,,,
CP0116101,,,,,,,,,,,,,,,,,,,,,,,,,,,,,,,,,,,,,,,,,,,,,,,,,,,,,,,,,,,,,,,,,,,,
CP0116199,,,,,,,,,,,,,,,,,,,,,,,,,,,,,,,,,,,,,,,,,,,,,,,,,,,,,,,,,,,,,,,,,,,,
CP0116201,,,,,,,,,,,,,,,,,,,,,,,,,,,,,,,,,,,,,,,,,,,,,,,,,,,,,,,,,,,,,,,,,,,,
CP0116299,,,,,,,,,,,,,,,,,,,,,,,,,,,,,,,,,,,,,,,,,,,,,,,,,,,,,,,,,,,,,,,,,,,,
CP0116301,,,,,,,,,,,,,,,,,,,,,,,,,,,,,,,,,,,,,,,,,,,,,,,,,,,,,,,,,,,,,,,,,,,,
CP0116399,,,,,,,,,,,,,,,,,,,,,,,,,,,,,,,,,,,,,,,,,,,,,,,,,,,,,,,,,,,,,,,,,,,,
CP0116401,,,,,,,,,,,,,,,,,,,,,,,,,,,,,,,,,,,,,,,,,,,,,,,,,,,,,,,,,,,,,,,,,,,,
CP0116501,,,,,,,,,,,,,,,,,,,,,,,,,,,,,,,,,,,,,,,,,,,,,,,,,,,,,,,,,,,,,,,,,,,,
CP0116601,,,,,,,,,,,,,,,,,,,,,,,,,,,,,,,,,,,,,,,,,,,,,,,,,,,,,,,,,,,,,,,,,,,,
CP0116701,,,,,,,,,,,,,,,,,,,,,,,,,,,,,,,,,,,,,,,,,,,,,,,,,,,,,,,,,,,,,,,,,,,,
CP0116901,,,,,,,,,,,,,,,,,,,,,,,,,,,,,,,,,,,,,,,,,,,,,,,,,,,,,,,,,,,,,,,,,,,,
CP0116902,,,,,,,,,,,,,,,,,,,,,,,,,,,,,,,,,,,,,,,,,,,,,,,,,,,,,,,,,,,,,,,,,,,,
CP0116999,,,,,,,,,,,,,,,,,,,,,,,,,,,,,,,,,,,,,,,,,,,,,,,,,,,,,,,,,,,,,,,,,,,,
CP0117101,,,,,,,,,,,,,,,,,,,,,,,,,,,,,,,,,,,,,,,,,,,,,,,,,,,,,,,,,,,,,,,,,,,,
CP0117199,,,,,,,,,,,,,,,,,,,,,,,,,,,,,,,,,,,,,,,,,,,,,,,,,,,,,,,,,,,,,,,,,,,,
CP0117201,,,,,,,,,,,,,,,,,,,,,,,,,,,,,,,,,,,,,,,,,,,,,,,,,,,,,,,,,,,,,,,,,,,,
CP0117202,,,,,,,,,,,,,,,,,,,,,,,,,,,,,,,,,,,,,,,,,,,,,,,,,,,,,,,,,,,,,,,,,,,,
CP0117203,,,,,,,,,,,,,,,,,,,,,,,,,,,,,,,,,,,,,,,,,,,,,,,,,,,,,,,,,,,,,,,,,,,,
CP0117301,,,,,,,,,,,,,,,,,,,,,,,,,,,,,,,,,,,,,,,,,,,,,,,,,,,,,,,,,,,,,,,,,,,,
CP0117401,,,,,,,,,,,,,,,,,,,,,,,,,,,,,,,,,,,,,,,,,,,,,,,,,,,,,,,,,,,,,,,,,,,,
CP0117402,,,,,,,,,,,,,,,,,,,,,,,,,,,,,,,,,,,,,,,,,,,,,,,,,,,,,,,,,,,,,,,,,,,,
CP0117403,,,,,,,,,,,,,,,,,,,,,,,,,,,,,,,,,,,,,,,,,,,,,,,,,,,,,,,,,,,,,,,,,,,,
CP0117404,,,,,,,,,,,,,,,,,,,,,,,,,,,,,,,,,,,,,,,,,,,,,,,,,,,,,,,,,,,,,,,,,,,,
CP0117501,,,,,,,,,,,,,,,,,,,,,,,,,,,,,,,,,,,,,,,,,,,,,,,,,,,,,,,,,,,,,,,,,,,,
CP0117502,,,,,,,,,,,,,,,,,,,,,,,,,,,,,,,,,,,,,,,,,,,,,,,,,,,,,,,,,,,,,,,,,,,,
CP0117801,,,,,,,,,,,,,,,,,,,,,,,,,,,,,,,,,,,,,,,,,,,,,,,,,,,,,,,,,,,,,,,,,,,,
CP0117901,,,,,,,,,,,,,,,,,,,,,,,,,,,,,,,,,,,,,,,,,,,,,,,,,,,,,,,,,,,,,,,,,,,,
CP0117902,,,,,,,,,,,,,,,,,,,,,,,,,,,,,,,,,,,,,,,,,,,,,,,,,,,,,,,,,,,,,,,,,,,,
CP0117903,,,,,,,,,,,,,,,,,,,,,,,,,,,,,,,,,,,,,,,,,,,,,,,,,,,,,,,,,,,,,,,,,,,,
CP0117904,,,,,,,,,,,,,,,,,,,,,,,,,,,,,,,,,,,,,,,,,,,,,,,,,,,,,,,,,,,,,,,,,,,,
CP0117905,,,,,,,,,,,,,,,,,,,,,,,,,,,,,,,,,,,,,,,,,,,,,,,,,,,,,,,,,,,,,,,,,,,,
CP0117906,,,,,,,,,,,,,,,,,,,,,,,,,,,,,,,,,,,,,,,,,,,,,,,,,,,,,,,,,,,,,,,,,,,,
CP0117998,,,,,,,,,,,,,,,,,,,,,,,,,,,,,,,,,,,,,,,,,,,,,,,,,,,,,,,,,,,,,,,,,,,,
CP0118101,,,,,,,,,,,,,,,,,,,,,,,,,,,,,,,,,,,,,,,,,,,,,,,,,,,,,,,,,,,,,,,,,,,,
CP0118301,,,,,,,,,,,,,,,,,,,,,,,,,,,,,,,,,,,,,,,,,,,,,,,,,,,,,,,,,,,,,,,,,,,,
CP0118302,,,,,,,,,,,,,,,,,,,,,,,,,,,,,,,,,,,,,,,,,,,,,,,,,,,,,,,,,,,,,,,,,,,,
CP0118401,,,,,,,,,,,,,,,,,,,,,,,,,,,,,,,,,,,,,,,,,,,,,,,,,,,,,,,,,,,,,,,,,,,,
CP0118501,,,,,,,,,,,,,,,,,,,,,,,,,,,,,,,,,,,,,,,,,,,,,,,,,,,,,,,,,,,,,,,,,,,,
CP0118502,,,,,,,,,,,,,,,,,,,,,,,,,,,,,,,,,,,,,,,,,,,,,,,,,,,,,,,,,,,,,,,,,,,,
CP0118503,,,,,,,,,,,,,,,,,,,,,,,,,,,,,,,,,,,,,,,,,,,,,,,,,,,,,,,,,,,,,,,,,,,,
CP0118601,,,,,,,,,,,,,,,,,,,,,,,,,,,,,,,,,,,,,,,,,,,,,,,,,,,,,,,,,,,,,,,,,,,,
CP0118602,,,,,,,,,,,,,,,,,,,,,,,,,,,,,,,,,,,,,,,,,,,,,,,,,,,,,,,,,,,,,,,,,,,,
CP0118901,,,,,,,,,,,,,,,,,,,,,,,,,,,,,,,,,,,,,,,,,,,,,,,,,,,,,,,,,,,,,,,,,,,,
CP0118902,,,,,,,,,,,,,,,,,,,,,,,,,,,,,,,,,,,,,,,,,,,,,,,,,,,,,,,,,,,,,,,,,,,,
CP0119101,,,,,,,,,,,,,,,,,,,,,,,,,,,,,,,,,,,,,,,,,,,,,,,,,,,,,,,,,,,,,,,,,,,,
CP0119103,,,,,,,,,,,,,,,,,,,,,,,,,,,,,,,,,,,,,,,,,,,,,,,,,,,,,,,,,,,,,,,,,,,,
CP0119104,,,,,,,,,,,,,,,,,,,,,,,,,,,,,,,,,,,,,,,,,,,,,,,,,,,,,,,,,,,,,,,,,,,,
CP0119105,,,,,,,,,,,,,,,,,,,,,,,,,,,,,,,,,,,,,,,,,,,,,,,,,,,,,,,,,,,,,,,,,,,,
CP0119106,,,,,,,,,,,,,,,,,,,,,,,,,,,,,,,,,,,,,,,,,,,,,,,,,,,,,,,,,,,,,,,,,,,,
CP0119107,,,,,,,,,,,,,,,,,,,,,,,,,,,,,,,,,,,,,,,,,,,,,,,,,,,,,,,,,,,,,,,,,,,,
CP0119202,,,,,,,,,,,,,,,,,,,,,,,,,,,,,,,,,,,,,,,,,,,,,,,,,,,,,,,,,,,,,,,,,,,,
CP0119302,,,,,,,,,,,,,,,,,,,,,,,,,,,,,,,,,,,,,,,,,,,,,,,,,,,,,,,,,,,,,,,,,,,,
CP0119304,,,,,,,,,,,,,,,,,,,,,,,,,,,,,,,,,,,,,,,,,,,,,,,,,,,,,,,,,,,,,,,,,,,,
CP0119401,,,,,,,,,,,,,,,,,,,,,,,,,,,,,,,,,,,,,,,,,,,,,,,,,,,,,,,,,,,,,,,,,,,,
CP0119402,,,,,,,,,,,,,,,,,,,,,,,,,,,,,,,,,,,,,,,,,,,,,,,,,,,,,,,,,,,,,,,,,,,,
CP0121001,,,,,,,,,,,,,,,,,,,,,,,,,,,,,,,,,,,,,,,,,,,,,,,,,,,,,,,,,,,,,,,,,,,,
CP0121002,,,,,,,,,,,,,,,,,,,,,,,,,,,,,,,,,,,,,,,,,,,,,,,,,,,,,,,,,,,,,,,,,,,,
CP0121003,,,,,,,,,,,,,,,,,,,,,,,,,,,,,,,,,,,,,,,,,,,,,,,,,,,,,,,,,,,,,,,,,,,,
CP0122001,,,,,,,,,,,,,,,,,,,,,,,,,,,,,,,,,,,,,,,,,,,,,,,,,,,,,,,,,,,,,,,,,,,,
CP0123001,,,,,,,,,,,,,,,,,,,,,,,,,,,,,,,,,,,,,,,,,,,,,,,,,,,,,,,,,,,,,,,,,,,,
CP0123002,,,,,,,,,,,,,,,,,,,,,,,,,,,,,,,,,,,,,,,,,,,,,,,,,,,,,,,,,,,,,,,,,,,,
CP0124001,,,,,,,,,,,,,,,,,,,,,,,,,,,,,,,,,,,,,,,,,,,,,,,,,,,,,,,,,,,,,,,,,,,,
CP0125001,,,,,,,,,,,,,,,,,,,,,,,,,,,,,,,,,,,,,,,,,,,,,,,,,,,,,,,,,,,,,,,,,,,,
CP0126001,,,,,,,,,,,,,,,,,,,,,,,,,,,,,,,,,,,,,,,,,,,,,,,,,,,,,,,,,,,,,,,,,,,,
CP0126099,,,,,,,,,,,,,,,,,,,,,,,,,,,,,,,,,,,,,,,,,,,,,,,,,,,,,,,,,,,,,,,,,,,,
CP0129001,,,,,,,,,,,,,,,,,,,,,,,,,,,,,,,,,,,,,,,,,,,,,,,,,,,,,,,,,,,,,,,,,,,,
CP0129002,,,,,,,,,,,,,,,,,,,,,,,,,,,,,,,,,,,,,,,,,,,,,,,,,,,,,,,,,,,,,,,,,,,,
CP0211001,,,,,,,,,,,,,,,,,,,,,,,,,,,,,,,,,,,,,,,,,,,,,,,,,,,,,,,,,,,,,,,,,,,,
CP0211002,,,,,,,,,,,,,,,,,,,,,,,,,,,,,,,,,,,,,,,,,,,,,,,,,,,,,,,,,,,,,,,,,,,,
CP0211003,,,,,,,,,,,,,,,,,,,,,,,,,,,,,,,,,,,,,,,,,,,,,,,,,,,,,,,,,,,,,,,,,,,,
CP0211004,,,,,,,,,,,,,,,,,,,,,,,,,,,,,,,,,,,,,,,,,,,,,,,,,,,,,,,,,,,,,,,,,,,,
CP0211005,,,,,,,,,,,,,,,,,,,,,,,,,,,,,,,,,,,,,,,,,,,,,,,,,,,,,,,,,,,,,,,,,,,,
CP0211006,,,,,,,,,,,,,,,,,,,,,,,,,,,,,,,,,,,,,,,,,,,,,,,,,,,,,,,,,,,,,,,,,,,,
CP0211007,,,,,,,,,,,,,,,,,,,,,,,,,,,,,,,,,,,,,,,,,,,,,,,,,,,,,,,,,,,,,,,,,,,,
CP0212101,,,,,,,,,,,,,,,,,,,,,,,,,,,,,,,,,,,,,,,,,,,,,,,,,,,,,,,,,,,,,,,,,,,,
CP0212102,,,,,,,,,,,,,,,,,,,,,,,,,,,,,,,,,,,,,,,,,,,,,,,,,,,,,,,,,,,,,,,,,,,,
CP0212103,,,,,,,,,,,,,,,,,,,,,,,,,,,,,,,,,,,,,,,,,,,,,,,,,,,,,,,,,,,,,,,,,,,,
CP0212104,,,,,,,,,,,,,,,,,,,,,,,,,,,,,,,,,,,,,,,,,,,,,,,,,,,,,,,,,,,,,,,,,,,,
CP0212105,,,,,,,,,,,,,,,,,,,,,,,,,,,,,,,,,,,,,,,,,,,,,,,,,,,,,,,,,,,,,,,,,,,,
CP0212201,,,,,,,,,,,,,,,,,,,,,,,,,,,,,,,,,,,,,,,,,,,,,,,,,,,,,,,,,,,,,,,,,,,,
CP0212202,,,,,,,,,,,,,,,,,,,,,,,,,,,,,,,,,,,,,,,,,,,,,,,,,,,,,,,,,,,,,,,,,,,,
CP0213001,,,,,,,,,,,,,,,,,,,,,,,,,,,,,,,,,,,,,,,,,,,,,,,,,,,,,,,,,,,,,,,,,,,,
CP0213002,,,,,,,,,,,,,,,,,,,,,,,,,,,,,,,,,,,,,,,,,,,,,,,,,,,,,,,,,,,,,,,,,,,,
CP0213003,,,,,,,,,,,,,,,,,,,,,,,,,,,,,,,,,,,,,,,,,,,,,,,,,,,,,,,,,,,,,,,,,,,,
CP0213004,,,,,,,,,,,,,,,,,,,,,,,,,,,,,,,,,,,,,,,,,,,,,,,,,,,,,,,,,,,,,,,,,,,,
CP0230101,,,,,,,,,,,,,,,,,,,,,,,,,,,,,,,,,,,,,,,,,,,,,,,,,,,,,,,,,,,,,,,,,,,,
CP0230201,,,,,,,,,,,,,,,,,,,,,,,,,,,,,,,,,,,,,,,,,,,,,,,,,,,,,,,,,,,,,,,,,,,,
CP0230901,,,,,,,,,,,,,,,,,,,,,,,,,,,,,,,,,,,,,,,,,,,,,,,,,,,,,,,,,,,,,,,,,,,,
CP0230902,,,,,,,,,,,,,,,,,,,,,,,,,,,,,,,,,,,,,,,,,,,,,,,,,,,,,,,,,,,,,,,,,,,,
CP0230903,,,,,,,,,,,,,,,,,,,,,,,,,,,,,,,,,,,,,,,,,,,,,,,,,,,,,,,,,,,,,,,,,,,,
CP0711201,,,,,,,,,,,,,,,,,,,,,,,,,,,,,,,,,,,,,,,,,,,,,,,,,,,,,,,,,,,,,,,,,,,,
CP0711202,,,,,,,,,,,,,,,,,,,,,,,,,,,,,,,,,,,,,,,,,,,,,,,,,,,,,,,,,,,,,,,,,,,,
CP0731101,,,,,,,,,,,,,,,,,,,,,,,,,,,,,,,,,,,,,,,,,,,,,,,,,,,,,,,,,,,,,,,,,,,,
CP0731102,,,,,,,,,,,,,,,,,,,,,,,,,,,,,,,,,,,,,,,,,,,,,,,,,,,,,,,,,,,,,,,,,,,,
CP0731103,,,,,,,,,,,,,,,,,,,,,,,,,,,,,,,,,,,,,,,,,,,,,,,,,,,,,,,,,,,,,,,,,,,,
CP0731104,,,,,,,,,,,,,,,,,,,,,,,,,,,,,,,,,,,,,,,,,,,,,,,,,,,,,,,,,,,,,,,,,,,,
CP0731105,,,,,,,,,,,,,,,,,,,,,,,,,,,,,,,,,,,,,,,,,,,,,,,,,,,,,,,,,,,,,,,,,,,,
CP0731106,,,,,,,,,,,,,,,,,,,,,,,,,,,,,,,,,,,,,,,,,,,,,,,,,,,,,,,,,,,,,,,,,,,,
