ID_NAME,CONSUMPTION_SEGMENT_CODE,2021-01-01,2021-02-01,2021-03-01,2021-04-01,2021-05-01,2021-06-01,2021-07-01,2021-08-01,2021-09-01,2021-10-01,2021-11-01,2021-12-01,2022-01-01,2022-02-01,2022-03-01,2022-04-01,2022-05-01,2022-06-01,2022-07-01,2022-08-01,2022-09-01,2022-10-01,2022-11-01,2022-12-01,2023-01-01,2023-02-01,2023-03-01,2023-04-01,2023-05-01,2023-06-01,2023-07-01,2023-08-01,2023-09-01,2023-10-01,2023-11-01,2023-12-01,2024-01-01,2024-02-01,2024-03-01,2024-04-01,2024-05-01,2024-06-01,2024-07-01,2024-08-01,2024-09-01,2024-10-01,2024-11-01,2024-12-01,2025-01-01,2025-02-01,2025-03-01
Solid gold ring,520130,350.2,350.2,352.66,352.66,354.06,361.06,362.11,364.21,368.06,368.76,368.76,369.12,370.17,374.98,374.24,372.76,369.43,373.5,384.23,397.56,399.41,401.63,390.89,406.44,399.41,394.22,394.62,396.61,418.58,422.97,418.58,420.18,425.77,424.57,427.77,426.97,425.77,431.3,438.12,439.39,450.46,449.61,453.44,468.77,469.2,473.03,468.35,473.03,464.94,468.66,468.82
Men's analogue  watch,520131,220.26,224.66,224.88,220.7,219.82,218.28,218.72,219.16,218.72,218.94,218.94,217.4,217.18,220.65,222.39,214.35,211.75,226.08,224.12,221.3,221.08,219.78,221.95,218.91,217.83,218.48,218.7,213.25,220.22,219.79,214.12,221.31,221.97,220.44,222.62,220.22,218.7,222.63,225.26,221.32,227.01,221.54,225.04,230.29,229.63,225.92,227.66,227.23,222.63,230.87,230.85
Sterling silver earrings,520137,24.97,25.04,24.52,25.07,25.12,25.07,24.87,25.17,25.24,24.87,24.84,24.79,24.77,24.99,24.72,26.11,26.23,25.02,25.29,26.13,25.86,25.31,25.74,25.56,26.45,26.61,26.16,26.03,25.79,26.08,25.85,26.32,26.27,26.19,26.53,26.88,25.63,26.3,27.07,26.43,26.63,26.3,26.3,28.25,27.99,27.2,27.66,28.09,27.74,28.48,28.49
Fashion necklace,520140,14.98,15.37,15.47,15.68,15.86,15.55,14.48,15.02,15.56,15.49,15.38,15.31,14.89,14.55,14.43,14.75,15.07,14.4,13.91,13.97,14.38,14.02,14.19,14.32,14.01,13.14,13.53,13.59,14.54,14.56,14.35,14.11,14.12,14.46,14.65,14.33,14.37,14.63,14.26,14.66,14.75,14.85,15.06,15.44,15.35,15.51,15.58,15.57,15.16,15.29,15.29
Men's belt,510439,,,,,,,,,,,,,,,,,,,,,,,,,,,,,,,,,,,,,,,,,,,,,,,,,,,
Adult hat/cap,510434,,,,,,,,,,,,,,,,,,,,,,,,,,,,,,,,,,,,,,,,,,,,,,,,,,,
Ladies' handbag/shoulder bag,520109,49.96,51.4,51.7,51.5,51.4,50.85,48.91,50.6,52.75,50.8,52.65,51.95,51.25,49.72,48.49,46.85,47.72,46.74,43.72,47.92,48.59,48.43,44.8,48.38,47.05,46.44,46.96,46.82,48.84,48.18,48.09,48.13,47.85,48.51,47.85,47.99,47.94,47.75,48.52,50.77,50.39,50.92,48.86,49.43,50.49,50.63,50.73,49.77,48.04,48.95,48.95
Knitting wool,510429,2.3,2.32,2.32,2.34,2.34,2.32,2.32,2.31,2.31,2.31,2.33,2.31,2.31,2.24,2.32,2.75,2.7,2.7,2.68,2.35,2.37,2.35,2.37,2.46,2.48,2.59,2.57,2.55,2.53,2.53,2.53,2.55,2.56,2.57,2.63,2.64,2.61,2.69,2.7,2.73,2.77,2.72,2.73,2.76,2.75,2.8,2.81,2.87,2.78,2.81,2.81
Lady's scarf,510432,14.24,14.46,14.65,14.46,14.72,14.45,13.54,13.23,14.21,15.03,15.16,14.92,13.81,13.6,13.22,12.97,12.82,12.73,12.48,12.18,13.35,14.46,14.0,13.98,12.79,12.43,12.65,12.81,12.94,13.16,12.47,12.67,12.99,13.4,14.19,14.08,13.4,12.95,13.31,13.71,13.86,14.18,12.91,13.5,14.37,14.84,15.1,14.94,14.78,14.66,14.67
School trousers (5-13 yrs.),510324,10.69,10.81,10.99,11.15,11.14,11.1,11.35,11.46,11.51,11.48,11.31,11.03,11.07,10.94,10.79,10.45,11.0,10.85,10.73,10.89,11.13,11.24,10.85,11.1,11.03,11.14,11.07,11.33,11.31,11.34,11.42,11.38,11.65,12.0,12.02,12.18,11.88,11.92,12.13,11.99,12.01,11.97,12.03,12.21,12.28,12.71,12.58,12.55,12.87,12.96,12.96
Boy's jeans (5-13 yrs.),510328,13.16,13.02,13.23,12.81,13.17,13.13,13.0,13.2,13.53,13.57,13.74,13.6,13.23,14.55,13.99,12.91,13.04,12.7,12.1,13.08,13.29,13.08,12.18,12.08,10.95,12.19,12.34,12.2,13.01,13.74,13.18,12.77,12.87,13.63,13.66,13.58,12.54,11.99,12.64,12.92,12.7,13.04,13.53,13.96,13.73,14.6,14.68,14.86,14.35,13.97,13.97
Baby grow or sleepsuit (0-2 yrs.),510330,7.95,7.97,8.19,8.07,8.21,8.18,8.06,8.17,8.14,8.22,8.3,8.23,8.06,8.09,8.09,7.98,8.1,8.37,8.32,7.98,8.07,8.21,7.8,7.79,8.12,8.25,8.32,8.51,8.67,8.7,8.68,8.49,8.75,8.76,8.69,8.72,8.47,8.69,8.64,8.48,8.62,8.64,8.35,8.28,8.54,8.61,8.68,8.61,8.44,8.53,8.53
Girl's skirt for school (5-13 yrs.),510336,8.88,8.84,8.91,8.88,9.38,9.15,9.21,8.94,9.06,9.15,9.43,9.51,9.18,9.1,8.92,8.67,8.76,9.1,8.74,8.93,9.05,9.21,9.14,8.94,9.02,9.11,9.01,9.01,9.05,9.05,8.88,9.03,9.05,9.3,9.26,9.4,9.11,9.01,9.11,9.13,8.96,9.2,9.22,9.12,9.55,9.69,9.97,9.85,9.72,9.74,9.74
Girl's fashion top (12-13 yrs.),510340,8.81,8.97,9.44,9.4,8.98,8.78,8.41,7.89,8.46,8.78,8.88,9.09,8.72,8.32,8.22,8.32,8.66,8.86,8.43,8.66,8.83,8.56,8.89,8.42,8.16,8.18,8.05,8.26,8.21,8.3,7.67,7.81,8.32,8.49,8.6,8.68,8.05,7.93,8.5,7.85,8.21,8.34,7.64,7.64,8.06,8.34,8.77,8.7,8.09,8.33,8.33
Girl's trousers non-denim (5-13 yrs.),510344,,,,,,,,,,,,,,,,,,,,,,,,,,,,,,,,,,,,,,,,,,,,,,,,,,,
Girl's jacket (5-13 yrs.),510347,24.06,22.33,21.12,21.2,21.51,21.2,20.81,22.21,25.67,26.46,27.57,27.26,24.97,23.05,22.08,21.3,19.75,20.65,20.75,21.63,22.2,22.53,22.18,22.63,21.78,20.73,19.93,20.51,19.84,20.08,19.82,20.34,21.12,22.78,23.8,23.71,22.02,21.33,21.42,20.85,21.44,21.33,21.29,22.83,24.09,25.05,26.95,26.55,24.04,23.56,23.57
Boy's t-shirt (3-13 yrs.),510348,9.77,9.96,9.67,9.98,9.96,10.02,9.56,9.82,9.88,10.12,10.32,10.15,10.2,10.08,9.97,10.15,10.33,10.15,10.47,10.8,10.9,11.78,10.81,11.09,10.78,11.04,11.12,11.11,11.14,10.53,10.11,11.32,11.4,11.57,11.6,12.1,11.54,11.08,12.98,12.62,13.18,14.43,14.89,14.51,14.69,14.61,13.9,13.82,12.94,13.38,13.38
Girl's leggings (5-13 yrs.),510349,6.7,6.71,6.68,6.63,6.72,6.64,6.32,6.54,6.72,6.6,6.74,6.73,6.44,6.5,6.08,6.0,6.26,6.04,6.12,6.26,6.4,6.67,6.61,6.62,6.71,6.78,6.98,6.99,7.26,7.35,7.24,7.11,7.2,7.29,7.28,7.32,7.21,7.27,7.32,6.99,6.99,6.99,7.04,7.04,7.25,7.41,7.43,7.6,7.68,7.88,7.88
Boy's jumper/sweatshirt/cardigan,510350,13.38,,,,,,,,,,,,,,,,,,,,,,,,,,,,,,,,,,,,,,,,,,,,,,,,,,
Infant's trousers (0-2 yrs.),510351,8.62,,,,,,,,,,,,,,,,,,,,,,,,,,,,,,,,,,,,,,,,,,,,,,,,,,
Infant's jumper/sweatshirt/cardigan,510352,9.04,,,,,,,,,,,,,,,,,,,,,,,,,,,,,,,,,,,,,,,,,,,,,,,,,,
Child's pyjamas (3-13 yrs.),510436,,,,,,,,,,,,,,,,,,,,,,,,,,,,,,,,,,,,,,,,,,,,,,,,,,,
Child's pants (3-13 yrs.),510437,,,,,,,,,,,,,,,,,,,,,,,,,,,,,,,,,,,,,,,,,,,,,,,,,,,
Child's socks,510438,,,,,,,,,,,,,,,,,,,,,,,,,,,,,,,,,,,,,,,,,,,,,,,,,,,
Infant's dress (0-2 yrs.),510353,,,,,,,,,,,,,,,,,,,,,,,,,,,,,,,,,,,,,,,,,,,,,,,,,,,
Child's sports trainers,510528,34.19,34.02,34.25,34.22,33.95,34.12,33.74,33.84,33.91,34.05,34.08,34.39,33.16,33.03,33.19,31.37,30.91,30.37,31.6,32.13,33.49,34.88,33.03,32.43,31.7,30.72,30.66,31.83,33.44,32.94,32.59,32.78,33.19,33.0,32.56,36.3,32.49,32.17,32.04,35.81,35.91,35.97,35.26,36.2,38.7,38.31,35.03,38.57,42.34,42.51,42.49
Men's jacket/coat,510104,75.27,74.66,75.34,75.49,77.9,76.17,70.15,75.64,79.33,80.69,83.4,82.64,79.41,76.31,75.44,74.72,72.97,74.32,79.17,76.95,79.72,81.47,75.99,76.55,71.78,66.83,67.4,70.85,73.36,73.51,71.5,70.42,72.21,74.58,74.87,77.6,73.0,72.27,72.49,74.25,78.84,76.58,73.66,75.49,80.45,83.44,83.15,82.13,82.13,80.65,80.68
Men's jeans,510106,48.36,48.7,49.47,48.8,49.86,49.52,48.89,48.8,48.99,49.86,49.81,48.89,47.39,47.54,47.39,47.02,46.02,48.15,48.2,48.34,49.34,48.91,46.68,47.87,46.35,43.39,45.89,46.82,48.39,48.62,48.81,48.62,48.44,49.04,49.64,49.78,48.72,49.15,49.93,49.4,50.86,51.69,51.15,52.03,52.66,52.66,52.52,52.47,52.08,52.13,52.1
Men's knitted jumper,510108,36.2,36.74,35.95,34.57,35.55,34.93,32.4,35.48,38.81,39.57,39.42,39.17,37.1,37.1,37.74,36.88,36.18,37.1,37.36,35.21,37.59,38.66,36.66,36.44,33.39,30.59,30.72,34.36,31.99,32.19,32.19,32.66,34.36,35.33,35.3,35.57,34.46,34.15,33.88,35.05,34.98,35.5,34.57,34.53,36.77,37.43,38.46,38.91,37.91,37.87,37.85
Men's formal long sleeve shirt,510109,29.76,30.05,30.29,30.35,30.68,30.14,29.9,29.82,30.26,30.11,30.32,29.73,29.82,29.93,29.58,28.56,29.13,30.02,29.46,29.31,30.65,30.32,28.86,29.28,25.31,26.53,26.86,27.41,28.45,28.35,28.45,28.25,27.57,28.33,28.91,29.97,28.43,29.37,30.02,30.22,30.53,30.5,31.04,31.67,32.15,32.41,32.63,32.98,32.07,32.93,32.92
Men's casual short sleeve top,510113,30.37,30.86,30.37,31.16,31.34,31.44,31.38,29.92,29.89,29.7,30.28,29.37,29.16,29.71,30.27,30.35,27.53,30.35,29.54,30.12,30.67,29.19,27.99,28.92,27.15,26.71,27.12,29.21,30.02,30.05,29.7,28.83,29.05,29.43,29.18,29.48,28.72,29.12,29.93,30.5,31.28,30.96,30.56,31.13,31.22,32.22,32.11,31.94,31.62,32.32,32.32
Men's formal trousers,510117,42.28,42.87,44.31,44.31,44.01,44.31,43.13,42.45,44.39,44.27,44.61,44.06,43.38,43.68,43.9,40.82,39.52,41.17,38.52,43.12,43.86,44.2,41.04,42.29,38.22,40.55,41.12,42.61,42.8,43.3,42.46,41.92,42.54,43.19,43.15,43.26,43.22,44.17,44.78,45.08,44.95,45.17,44.61,45.43,44.91,46.81,47.2,47.03,46.77,47.98,47.97
Men's casual trousers,510118,41.38,41.55,43.29,42.75,43.0,43.2,41.76,41.05,42.33,42.42,42.13,41.01,40.8,40.97,40.76,39.5,37.99,40.23,39.99,40.44,40.11,40.64,39.09,39.78,34.85,35.3,35.44,37.39,38.09,38.37,39.03,38.64,39.13,39.69,40.0,39.27,39.41,39.81,40.71,40.83,41.3,41.11,40.99,40.63,41.82,42.45,43.51,43.63,43.43,43.95,43.93
Men's jumper or sweatshirt,510120,36.5,38.11,38.0,36.72,38.36,37.56,35.52,37.45,38.55,39.42,39.79,38.8,37.38,38.16,36.67,34.95,35.66,37.34,37.49,37.38,38.5,39.99,37.79,39.32,36.59,35.02,36.15,37.69,37.25,38.35,37.98,37.73,37.36,39.15,39.81,39.15,38.46,38.46,39.34,40.3,40.92,41.42,40.34,40.34,41.38,43.11,43.46,43.8,42.07,42.45,42.45
Men's branded sports sweatshirt,510128,43.05,42.66,43.48,43.31,43.65,44.0,45.07,44.99,44.86,44.82,45.33,45.12,42.49,42.02,42.19,41.43,41.51,41.6,40.58,40.15,40.41,45.47,45.81,45.85,50.69,48.26,47.7,48.16,47.95,47.7,46.54,46.79,44.36,43.7,41.77,44.76,45.17,45.12,61.56,63.59,64.41,64.0,57.05,56.01,60.79,60.39,59.3,64.05,62.33,61.64,61.62
Men's coat,510130,125.1,118.97,120.47,120.97,122.22,121.72,119.47,121.35,134.61,138.48,143.24,135.86,120.97,113.83,108.75,105.73,104.88,108.15,108.15,108.75,121.7,126.41,119.16,126.66,102.46,103.08,98.57,101.64,103.38,104.92,104.51,103.9,133.61,137.71,141.09,142.32,127.46,120.58,122.11,124.91,126.44,126.57,125.93,126.95,137.02,138.81,139.32,136.26,130.01,130.14,130.09
Men's casual shirt,510131,37.91,38.4,38.9,39.24,39.77,39.54,37.61,37.68,38.22,37.95,38.48,38.78,37.15,37.23,37.86,35.96,34.4,36.41,34.85,35.82,35.82,38.57,37.64,38.49,35.59,34.42,35.13,36.48,38.19,38.16,37.41,37.34,37.02,39.44,39.12,40.11,36.95,39.05,39.61,39.9,40.68,40.79,40.46,41.45,41.86,43.23,42.01,42.45,41.45,41.45,41.45
Men's short sleeved t-shirt,510132,13.88,14.22,14.33,14.44,14.38,14.12,14.01,14.22,14.43,14.2,14.43,14.19,13.83,14.04,14.31,13.68,14.15,14.01,14.28,14.24,14.31,14.04,13.59,13.93,13.37,13.33,13.2,13.32,13.71,13.73,13.63,13.51,14.01,14.11,14.21,14.07,14.08,13.69,14.66,14.98,15.26,15.29,15.15,15.07,15.69,15.77,15.73,15.9,15.63,16.11,16.12
Men's loungewear bottoms,510133,26.13,,,,,,,,,,,,,,,,,,,,,,,,,,,,,,,,,,,,,,,,,,,,,,,,,,
Men's formal jacket/blazer,510134,,,,,,,,,,,,,,,,,,,,,,,,,,,,,,,,,,,,,,,,,,,,,,,,,,,
Men's socks,510413,3.68,3.7,3.69,3.66,3.7,3.66,3.68,3.66,3.7,3.71,3.72,3.67,3.69,3.69,3.67,3.53,3.67,3.84,3.8,3.82,3.77,3.8,3.72,3.76,3.68,3.58,3.64,3.65,3.72,3.67,3.68,3.7,3.71,3.69,3.73,3.72,3.74,3.8,3.82,3.84,3.83,3.81,3.8,3.86,3.92,4.02,4.04,4.03,3.99,3.99,4.0
Men's tie,510419,15.54,15.6,15.81,15.85,16.12,16.01,15.79,15.76,16.13,16.49,16.52,16.26,15.76,15.93,15.73,15.19,15.9,15.71,15.1,15.4,15.73,15.46,15.3,15.35,14.88,15.74,15.87,16.05,16.62,16.36,15.87,16.13,16.66,16.1,16.01,16.89,16.77,16.72,16.9,17.45,17.44,17.4,17.62,17.74,18.98,19.37,19.72,19.55,19.23,19.9,19.91
Men's base layer top,510433,26.31,25.7,25.39,26.41,27.1,26.81,26.15,25.33,25.47,24.86,25.15,25.15,25.49,25.01,25.29,24.83,25.62,24.37,24.37,25.24,25.34,26.97,24.93,24.86,27.76,27.29,26.76,26.65,26.73,26.65,26.71,27.79,27.98,29.73,29.7,29.51,29.65,29.09,30.18,30.27,30.33,30.72,30.42,30.57,31.22,31.52,30.75,30.54,29.56,29.21,29.21
Men's formal shoes,510501,62.19,63.5,64.0,64.37,64.18,64.37,63.31,63.75,65.18,65.86,65.3,65.24,62.75,64.01,64.7,61.69,60.05,62.19,61.81,62.25,62.88,62.94,60.56,60.12,53.53,55.08,55.72,59.2,62.47,63.11,63.75,64.29,64.61,64.77,61.66,63.0,64.55,64.43,63.91,65.07,66.23,67.85,66.88,67.59,68.3,66.88,66.69,66.62,67.07,68.08,68.09
Men's casual shoes,510515,54.62,53.47,55.49,55.11,54.4,54.89,52.93,54.57,56.31,55.06,55.93,54.35,53.31,53.74,54.11,51.44,52.14,51.07,51.28,52.99,52.46,52.4,53.26,50.06,46.97,45.93,48.33,48.56,49.93,49.17,49.36,49.69,49.93,51.19,51.57,52.37,52.09,53.08,54.01,54.27,54.64,54.9,54.59,52.55,54.06,55.37,56.25,54.64,54.22,56.12,56.1
Men's training shoes,510516,55.44,55.55,55.16,53.0,55.44,55.66,56.05,56.66,56.1,56.38,57.6,55.82,56.38,57.51,55.7,56.15,57.22,54.57,56.77,56.83,57.51,57.73,56.83,56.66,57.34,55.73,57.62,57.91,59.11,58.94,60.83,60.72,60.55,59.06,58.6,59.06,61.35,61.78,60.86,65.71,65.15,65.95,65.89,67.24,64.79,64.66,63.93,64.66,64.42,66.67,66.64
Men's canvas fashion shoe/trainer,510535,26.58,26.4,26.85,27.14,26.88,26.85,26.56,25.92,26.77,27.12,27.62,27.01,26.72,26.61,27.2,26.02,26.58,27.09,27.17,26.61,26.77,27.63,26.66,25.86,25.52,25.36,26.49,26.92,27.38,27.58,27.0,26.82,27.4,27.02,26.77,26.51,25.57,26.03,27.31,27.97,28.1,27.74,27.2,26.79,27.2,28.0,27.77,27.54,26.74,26.93,26.92
Men's walking/hiking boot,510534,106.02,105.39,108.36,105.6,106.98,106.87,105.39,105.49,105.6,107.83,109.52,109.42,106.55,107.09,108.58,103.25,104.21,104.32,107.09,108.15,107.51,108.37,111.88,115.72,115.08,116.0,116.69,124.05,115.88,116.92,116.92,118.99,120.37,119.8,119.22,114.39,116.92,116.57,117.39,118.21,113.06,114.46,114.93,117.15,118.56,121.48,118.67,118.56,118.91,120.69,120.7
Women's blouse/shirt,510206,25.34,26.63,26.81,27.32,28.0,27.17,24.78,25.59,26.25,26.58,27.47,26.18,25.01,26.34,25.64,26.89,27.94,25.51,23.04,25.36,26.26,26.79,25.74,25.09,23.21,22.33,24.53,25.93,27.44,27.71,26.25,25.79,27.13,27.48,27.81,28.8,27.57,28.26,30.33,30.8,31.96,30.94,29.59,30.28,29.97,30.66,30.99,29.45,28.1,30.35,30.35
Women's formal jacket,510208,44.91,46.75,48.05,49.63,49.09,49.22,47.11,49.98,51.69,51.78,51.42,49.18,46.48,48.57,48.57,48.34,40.76,44.99,43.27,44.58,48.16,50.76,47.6,45.78,41.04,40.18,41.95,43.67,47.61,47.9,46.63,44.49,49.42,50.03,49.62,52.91,48.88,49.91,53.62,53.62,56.75,56.22,53.87,54.41,54.8,55.09,55.68,57.49,50.79,55.21,55.21
Women's jumper,510212,27.73,27.81,27.04,27.51,26.73,25.18,22.1,26.73,29.48,29.95,30.92,30.59,27.7,28.23,27.42,26.48,24.54,25.21,25.18,25.98,29.17,30.78,28.59,29.67,27.34,25.78,26.11,26.49,28.71,28.16,26.68,26.52,28.35,28.3,29.17,28.87,28.27,29.03,30.31,31.01,30.48,28.95,27.51,29.32,31.8,32.48,33.42,32.2,31.41,34.14,34.14
Women's basic plain t-shirt,510215,11.25,11.16,11.85,11.52,11.26,11.22,10.87,10.78,11.18,10.81,11.26,10.89,10.86,11.12,11.29,10.74,11.83,11.7,11.5,11.21,11.08,11.2,11.69,11.82,11.92,11.28,11.62,11.85,12.17,12.4,12.41,12.4,12.37,12.37,12.26,12.96,12.36,12.42,12.81,13.11,13.34,13.21,13.08,12.9,13.2,13.48,13.56,13.31,12.99,13.42,13.41
Women's casual outer jacket,510219,53.8,53.58,54.5,54.6,54.23,51.48,47.72,52.02,55.3,56.59,57.02,54.6,51.7,53.04,51.59,47.15,49.63,45.75,47.46,49.32,52.01,55.63,53.66,53.04,46.17,46.12,46.86,49.86,54.01,54.75,52.68,50.74,52.91,55.12,56.09,57.85,54.38,54.22,54.44,54.55,54.82,54.66,52.7,56.61,58.52,60.86,60.86,61.29,56.99,58.42,58.43
Women's long sleeve top,510223,18.93,19.78,20.31,21.18,21.8,22.18,20.57,22.16,22.54,21.06,20.99,20.12,18.21,19.57,19.28,20.88,19.46,19.77,18.66,19.63,20.15,20.7,20.14,19.5,17.42,16.4,17.09,17.41,19.18,19.81,19.57,18.87,18.36,18.17,18.47,18.09,17.25,18.16,18.3,18.39,19.2,18.99,18.13,18.27,18.66,18.75,19.15,18.75,17.56,18.74,18.73
Women's cardigan,510233,26.72,27.47,27.55,26.93,26.8,25.92,24.95,26.91,28.35,29.34,29.6,28.7,27.31,27.39,27.42,27.28,27.8,26.02,26.35,24.98,27.85,28.32,28.37,27.74,25.39,25.14,26.0,26.41,26.94,28.19,26.49,26.49,28.47,29.94,29.94,29.99,29.25,29.4,30.1,30.72,31.16,30.89,28.93,30.4,31.07,31.48,31.97,34.64,31.86,32.94,32.96
Women's casual trousers,510235,28.39,29.13,29.16,29.38,30.21,30.49,28.65,28.59,29.1,30.66,30.86,29.95,27.03,28.57,28.79,30.08,28.81,31.19,28.33,29.97,29.43,30.49,30.0,28.51,26.87,26.03,27.27,27.78,28.16,28.48,26.84,26.97,26.01,26.97,27.83,27.86,26.89,28.02,27.81,27.81,27.94,28.05,28.13,27.22,27.67,28.1,27.91,28.26,27.32,29.13,29.14
Women's formal trousers,510236,31.5,32.83,34.62,35.22,35.16,33.93,32.64,33.68,34.75,35.06,34.46,32.95,33.33,35.7,34.23,34.86,35.93,32.7,35.03,34.23,34.46,35.3,34.9,33.86,30.46,28.94,29.58,32.23,32.05,32.54,31.8,34.0,34.03,33.97,33.48,33.39,33.81,33.81,35.34,35.84,35.51,36.15,34.73,35.95,37.06,38.11,38.48,37.97,36.35,37.62,37.63
Women's casual skirt,510237,24.61,25.74,26.23,25.05,25.37,25.32,23.92,25.05,26.7,26.7,26.31,25.15,23.75,24.36,24.65,23.44,22.77,23.56,23.11,24.48,24.2,26.03,23.87,23.63,20.35,19.09,20.0,21.29,23.77,24.3,23.04,23.0,22.87,23.91,24.85,23.85,20.86,21.07,22.17,23.63,24.74,24.82,24.28,24.05,25.37,24.99,24.93,25.3,22.22,23.35,23.34
Women's dress,510245,34.94,37.53,39.1,39.73,38.96,39.13,35.88,36.9,39.52,40.25,41.3,39.9,37.14,38.22,38.78,34.91,35.06,36.88,34.88,35.14,37.03,38.92,35.69,34.32,31.87,29.51,29.92,32.15,35.85,36.42,34.13,34.45,36.26,37.51,38.53,37.22,34.26,36.66,37.79,39.12,39.12,38.27,36.72,37.17,40.56,41.28,39.67,38.2,35.8,40.02,40.03
Women's non-branded jeans,510248,25.14,27.79,28.56,27.84,28.19,27.56,26.98,27.41,28.89,29.52,29.42,28.89,28.44,29.52,28.5,27.84,28.44,28.3,28.78,28.64,29.09,30.29,29.75,29.66,26.08,24.49,26.89,27.17,27.9,29.21,29.55,29.42,29.57,29.6,30.23,30.8,29.76,31.42,32.28,32.52,32.58,32.11,32.7,33.0,33.18,33.95,33.24,33.18,33.39,34.02,34.01
Women's coat,510250,64.27,58.93,60.22,61.31,61.5,60.6,58.03,60.6,71.4,75.0,76.99,73.26,66.45,63.73,60.4,59.27,60.94,60.87,59.47,59.74,69.57,72.43,69.04,68.64,62.86,59.22,57.9,61.35,64.62,65.19,63.37,63.55,68.83,72.04,72.73,75.18,66.76,63.89,63.82,65.16,66.36,66.03,64.89,66.03,68.96,71.83,69.9,68.7,65.36,66.53,66.52
Women's casual blouse/shirt,510257,28.47,29.75,30.12,30.75,30.52,29.64,27.56,29.3,31.12,30.78,31.77,30.98,28.3,29.94,28.7,28.39,24.85,27.25,26.97,28.02,28.87,28.67,27.45,29.32,26.07,25.18,26.27,27.24,28.57,28.75,27.6,27.92,30.65,30.31,32.03,31.83,30.65,31.08,32.77,34.06,34.48,32.92,31.54,32.22,33.01,32.98,34.52,33.38,29.4,32.01,32.0
Women's full length leggings,510258,13.12,13.32,13.25,13.44,13.66,13.28,13.24,12.94,13.44,13.42,13.54,13.11,13.2,13.35,13.74,13.85,13.61,13.54,13.24,13.13,13.4,13.87,13.33,13.44,13.91,13.82,14.02,14.16,13.98,14.01,13.76,13.66,13.5,13.65,13.66,13.48,13.5,13.89,13.62,13.96,14.36,14.27,14.43,14.7,15.01,15.25,15.36,15.37,15.13,15.86,15.85
Women's short-sleeve/sleeveless formal top,510259,20.23,20.51,20.97,22.33,22.09,20.77,20.43,21.72,22.67,22.13,23.56,22.98,19.78,21.09,23.06,22.31,23.28,22.12,20.33,19.35,20.02,21.64,20.26,19.13,17.55,16.95,17.83,19.63,19.05,20.28,20.28,20.05,19.05,19.3,20.98,19.86,17.39,18.33,20.43,21.33,21.51,21.2,20.64,20.55,21.61,21.21,22.27,21.68,18.87,19.7,19.69
Women's nightdress/pyjamas,510405,17.72,18.93,18.4,18.86,18.49,18.33,16.5,16.66,17.56,17.92,18.4,18.25,17.92,17.79,17.7,18.06,17.77,17.4,18.38,17.88,18.22,18.63,18.33,17.9,17.52,17.52,18.68,18.22,18.26,18.07,17.45,17.51,18.07,18.93,19.33,19.01,18.33,18.99,18.81,19.74,19.41,18.97,18.38,18.38,19.59,19.85,20.35,20.03,18.82,20.09,20.09
Women's pants,510406,5.11,5.13,5.07,5.12,5.17,5.2,5.09,5.1,5.24,5.18,5.27,5.33,5.22,5.28,5.25,5.28,5.32,5.25,5.35,5.36,5.35,5.35,5.47,5.42,5.52,5.49,5.43,5.42,5.48,5.5,5.41,5.42,5.44,5.54,5.56,5.53,5.62,5.63,5.7,5.67,5.69,5.7,5.69,5.72,5.82,5.83,5.91,5.96,5.89,6.07,6.07
Bra,510407,13.75,13.92,13.78,13.78,13.95,13.89,13.44,13.59,13.9,13.75,14.08,13.96,13.89,13.88,13.77,14.27,13.6,14.71,14.74,14.54,14.74,14.67,14.4,14.42,14.22,14.28,14.11,14.41,14.18,14.55,14.44,14.21,14.28,14.55,14.81,14.58,14.82,14.88,14.76,14.97,14.87,14.94,14.76,14.57,15.03,15.31,15.12,15.07,15.07,15.6,15.6
Women's sandals,510506,,,,,,,,,,,,,,,,,,,,,,,,,,,,,,,,,,,,,,,,,,,,,,,,,,,
Women's boots,510529,57.21,54.3,52.64,53.21,51.26,50.46,49.89,55.44,57.5,60.19,59.16,58.64,52.12,49.78,50.61,51.13,53.53,52.07,53.01,53.58,56.4,57.96,54.99,55.15,47.54,44.73,44.59,46.01,45.3,46.01,44.49,46.68,48.53,48.63,49.82,50.53,48.87,44.13,44.08,44.76,46.52,47.3,48.13,49.89,51.26,52.24,51.11,49.65,48.62,47.6,47.62
Women's flat shoes,510530,41.19,41.6,42.43,42.59,43.0,41.81,41.81,42.47,43.0,42.8,43.13,42.76,41.73,42.69,42.77,41.52,41.81,40.89,42.14,42.56,43.23,42.94,42.35,42.1,39.47,39.08,41.57,42.32,43.97,44.17,42.95,42.63,43.34,43.5,43.58,43.11,41.96,42.67,43.05,43.39,43.81,42.42,41.71,42.21,43.89,44.02,44.6,43.14,43.01,43.87,43.86
Draught bitter,310102,3.6,3.6,3.61,3.63,3.64,3.63,3.64,3.64,3.66,3.67,3.67,3.68,3.68,3.69,3.69,3.68,3.68,3.68,3.78,3.71,3.72,3.71,3.7,3.69,3.68,3.68,3.7,3.71,3.73,3.75,3.75,3.75,3.77,3.82,3.77,3.77,3.75,3.75,3.84,3.89,3.89,3.89,3.91,3.92,3.89,3.92,3.98,3.99,3.9,4.07,
Draught lager (3.4-4.2%),310109,4.07,4.07,4.09,4.11,4.11,4.11,4.11,4.13,4.14,4.14,4.14,4.15,4.15,4.16,4.16,4.14,4.14,4.15,4.23,4.22,4.22,4.22,4.21,4.25,4.24,4.25,4.26,4.28,4.31,4.32,4.31,4.32,4.32,4.38,4.4,4.42,4.42,4.43,4.5,4.56,4.56,4.57,4.54,4.56,4.57,4.59,4.65,4.68,4.62,4.77,
Draught premium lager (4.3-7.5%),310110,4.72,4.73,4.73,4.75,4.75,4.76,4.77,4.77,4.78,4.79,4.8,4.8,4.8,4.81,4.79,4.77,4.77,4.77,4.84,4.82,4.83,4.83,4.82,4.75,4.74,4.75,4.76,4.79,4.84,4.85,4.86,4.86,4.87,4.92,4.94,4.96,4.97,4.98,5.04,5.12,5.14,5.14,5.15,5.2,5.22,5.23,5.31,5.35,5.36,5.46,
Bottled premium lager (4.3-7.5%),310111,4.01,4.02,4.04,4.05,4.05,4.06,4.06,4.06,4.07,4.08,4.09,4.09,4.09,4.08,4.11,4.09,4.09,4.1,4.16,4.18,4.19,4.18,4.18,4.2,4.19,4.2,4.21,4.23,4.3,4.29,4.28,4.29,4.3,4.36,4.31,4.36,4.34,4.35,4.43,4.5,4.51,4.52,4.52,4.56,4.57,4.6,4.66,4.69,4.68,4.79,
Cider (4.5-5.5%),310114,4.29,4.3,4.33,4.35,4.35,4.36,4.36,4.37,4.38,4.38,4.39,4.4,4.39,4.41,4.41,4.39,4.4,4.4,4.49,4.5,4.49,4.49,4.49,4.48,4.47,4.48,4.49,4.51,4.55,4.53,4.52,4.53,4.53,4.61,4.62,4.63,4.58,4.59,4.65,4.73,4.72,4.73,4.74,4.76,4.78,4.78,4.83,4.87,4.75,4.93,
Whiskey,310301,3.54,3.55,3.58,3.59,3.6,3.61,3.62,3.62,3.63,3.65,3.66,3.66,3.67,3.67,3.69,3.67,3.68,3.68,3.77,3.75,3.67,3.66,3.65,3.64,3.64,3.64,3.65,3.67,3.64,3.67,3.76,3.8,3.81,3.87,3.23,3.21,3.17,3.19,3.47,3.53,3.53,3.55,3.57,3.57,3.39,3.4,3.66,3.7,3.46,3.73,
Vodka,310302,3.74,3.75,3.76,3.79,3.8,3.8,3.81,3.82,3.83,3.86,3.87,3.85,3.86,3.88,3.89,3.88,3.88,3.88,3.96,3.96,3.84,3.83,3.83,3.75,3.74,3.74,3.75,3.77,3.8,3.82,3.94,3.97,4.0,4.05,4.08,4.1,4.13,4.15,4.19,4.28,4.29,4.3,4.32,4.36,4.37,4.4,4.45,4.49,4.48,4.57,
Bottle of mixer,310306,1.68,1.68,1.69,1.69,1.69,1.7,1.7,1.7,1.7,1.71,1.71,1.71,1.71,1.71,1.72,1.71,1.71,1.71,1.74,1.52,1.73,1.74,1.74,1.75,1.74,1.75,1.75,1.76,1.78,1.8,1.8,1.8,1.8,1.76,1.77,1.78,1.78,1.78,1.79,1.8,1.8,1.81,1.8,1.81,1.81,1.82,1.82,1.83,1.83,1.87,
Liqueur,310307,3.41,3.42,3.43,3.45,3.46,3.46,3.47,3.47,3.48,3.49,3.5,3.5,3.5,3.51,3.53,3.51,3.51,3.52,3.59,3.57,3.42,3.39,3.38,3.26,3.25,3.26,3.26,3.28,3.32,3.32,3.5,3.54,3.57,3.63,3.62,3.66,3.68,3.7,3.75,3.83,3.84,3.85,3.87,3.92,3.93,3.95,4.01,4.04,4.04,4.11,
Bottle of wine,310315,20.94,20.96,20.98,21.04,21.11,21.15,21.19,21.25,21.21,21.25,21.28,21.32,21.32,21.32,21.42,21.34,21.34,21.36,21.59,21.51,21.74,21.74,21.7,23.19,23.17,23.19,23.26,23.38,23.82,23.91,23.96,23.98,24.08,24.12,24.12,24.24,24.24,24.26,24.36,24.65,24.77,24.94,24.99,25.11,25.43,25.55,25.57,25.81,25.91,26.04,
Gin,310316,,,,,,,,,,,,,,,,,,,,,,,,,,,,,,,,,,,,,,,,,,,,,,,,,,,
Takeaway fish and chips,220301,8.82,8.88,8.89,8.96,9.0,9.03,9.06,9.1,9.15,9.16,9.2,9.24,9.28,9.3,9.31,9.24,9.18,9.4,9.55,9.52,9.56,9.59,9.63,9.66,9.68,9.71,9.72,9.75,9.76,9.82,9.82,9.86,9.92,10.05,10.15,10.28,10.36,10.44,10.58,11.04,11.37,11.54,11.69,11.8,11.89,12.08,12.12,12.27,12.34,12.47,
Takeaway cold sandwich,220303,2.62,2.63,2.62,2.64,2.64,2.66,2.65,2.66,2.65,2.65,2.7,2.7,2.72,2.75,2.77,2.81,2.81,2.81,2.8,2.78,2.78,2.8,2.84,2.82,2.82,2.82,2.84,2.84,2.85,2.83,2.82,2.8,2.81,2.83,2.86,2.88,2.94,2.95,2.97,3.0,3.02,3.08,3.11,3.12,3.13,3.18,3.2,3.21,3.23,3.26,
Takeaway or delivery pizza,220316,9.53,9.45,9.46,9.47,9.52,9.5,9.52,9.51,9.55,9.54,9.61,9.64,9.62,9.66,9.67,10.37,10.37,10.33,10.43,9.85,9.86,9.89,10.08,10.11,10.2,10.21,10.23,10.24,10.26,10.17,10.18,10.17,10.21,10.24,10.22,10.26,10.22,10.2,10.17,10.33,10.49,10.57,10.75,10.77,10.79,11.04,11.12,11.18,11.25,11.31,
"Indian takeaway, main-course",220318,8.99,9.01,9.02,9.04,9.04,9.05,9.07,9.12,9.13,9.17,9.2,9.24,9.27,9.29,9.29,9.6,9.54,9.52,9.53,9.29,9.43,9.48,9.52,9.55,9.63,9.64,9.63,9.66,9.56,9.61,9.65,9.68,9.73,9.77,9.88,9.89,9.92,9.95,9.97,10.06,10.22,10.37,10.39,10.45,10.58,10.62,10.67,10.82,10.86,10.89,
"Chinese takeaway, main-course",220319,6.71,6.72,6.73,6.74,6.78,6.79,6.8,6.8,6.83,6.86,6.88,6.88,6.92,6.96,6.97,7.08,6.97,7.07,7.08,7.04,7.07,7.05,7.19,7.19,7.2,7.19,7.21,7.19,7.14,7.19,7.22,7.25,7.29,7.34,7.35,7.42,7.5,7.53,7.56,7.67,7.74,7.8,7.89,7.98,7.99,8.06,8.16,8.22,8.25,8.27,
Takeaway soft drink,220320,1.61,1.63,1.63,1.63,1.64,1.65,1.64,1.63,1.64,1.65,1.67,1.65,1.68,1.71,1.71,1.72,1.71,1.76,1.75,1.7,1.7,1.71,1.72,1.72,1.72,1.73,1.73,1.71,1.7,1.71,1.7,1.7,1.71,1.71,1.72,1.75,1.76,1.8,1.79,1.81,1.83,1.84,1.85,1.85,1.88,1.92,1.95,1.94,1.95,1.96,
Takeaway kebab,220323,6.72,6.75,6.76,6.78,6.81,6.84,6.87,6.89,6.92,6.94,6.97,6.98,6.98,7.01,7.03,7.17,7.15,7.15,7.18,7.18,7.27,7.3,7.34,7.37,7.43,7.47,7.48,7.5,7.41,7.48,7.5,7.51,7.55,7.63,7.64,7.71,7.76,7.83,7.9,8.1,8.22,8.36,8.42,8.52,8.54,8.65,8.71,8.75,8.8,8.93,
Takeaway chicken & chips,220326,6.05,6.06,6.08,6.12,6.17,6.19,6.21,6.24,6.27,6.27,6.34,6.36,6.36,6.34,6.36,6.45,6.55,6.62,6.66,6.44,6.44,6.46,6.57,6.62,6.6,6.63,6.64,6.62,6.62,6.64,6.63,6.7,6.72,6.77,6.8,6.82,6.86,6.88,6.95,7.1,7.33,7.43,7.51,7.58,7.6,7.74,7.81,7.92,7.94,8.03,
Takeaway cooked pastry,220327,1.47,1.48,1.48,1.48,1.48,1.49,1.49,1.52,1.52,1.52,1.53,1.53,1.53,1.52,1.53,1.53,1.51,1.54,1.57,1.55,1.56,1.55,1.54,1.54,1.55,1.55,1.54,1.55,1.56,1.56,1.58,1.58,1.58,1.58,1.59,1.59,1.63,1.63,1.64,1.65,1.66,1.71,1.71,1.73,1.74,1.79,1.8,1.81,1.86,1.87,
Takeaway or eat in burger,220328,,,,,,,,,,,,,,,,,,,,,,,,,,,,,,,,,,,,,,,,,,,,,,,,,,,
Pub hot meal,220107,10.72,10.73,10.75,10.84,10.86,10.89,10.9,10.96,10.97,11.02,11.04,11.04,11.08,11.1,11.15,11.42,11.41,11.13,11.12,9.29,11.0,11.15,11.13,11.23,11.22,11.23,11.26,11.32,11.28,11.31,11.14,11.16,11.16,11.46,11.47,11.51,11.46,11.5,11.62,11.98,12.05,12.14,12.23,12.45,12.42,12.56,12.7,12.73,12.72,13.05,
Lemonade/Cola on tap,220116,2.19,2.21,2.21,2.22,2.22,2.23,2.23,2.23,2.24,2.24,2.25,2.25,2.24,2.26,2.27,2.26,2.26,2.26,2.28,1.92,2.16,2.19,2.19,2.23,2.23,2.23,2.24,2.25,2.23,2.25,2.25,2.25,2.25,2.29,2.29,2.31,2.31,2.31,2.33,2.38,2.39,2.4,2.4,2.41,2.41,2.42,2.44,2.46,2.26,2.46,
Bottled mineral water,220117,2.06,2.06,2.07,2.08,2.07,2.08,2.09,2.09,2.1,2.09,2.1,2.1,2.1,2.11,2.12,2.11,2.11,2.11,2.12,1.73,1.96,1.99,1.99,1.99,1.99,1.99,2.0,2.01,2.01,2.0,2.01,2.01,2.01,2.05,2.06,2.07,2.08,2.09,2.09,2.13,2.14,2.14,2.14,2.18,2.18,2.18,2.24,2.25,2.25,2.29,
In store cafeteria meal,220120,8.76,8.75,8.75,8.8,8.76,8.75,8.75,8.76,8.78,8.86,8.99,9.01,9.01,8.99,9.01,8.97,8.97,8.98,9.11,7.49,8.65,8.77,8.76,9.09,9.08,9.09,9.12,9.16,9.14,9.77,9.8,9.8,9.78,9.97,10.02,10.06,10.18,10.13,10.17,10.47,10.72,10.78,10.84,11.05,11.02,11.26,11.21,11.23,11.27,11.29,
Restaurant cup of coffee,220121,2.87,2.87,2.87,2.88,2.89,2.89,2.9,2.9,2.9,2.91,2.95,2.96,2.96,2.99,2.97,2.96,2.96,2.96,2.98,2.51,2.92,2.94,2.93,2.95,2.95,2.95,2.96,2.97,2.99,3.07,3.07,3.06,3.09,3.1,3.14,3.15,3.12,3.15,3.17,3.23,3.24,3.27,3.26,3.29,3.31,3.34,3.36,3.41,3.44,3.47,
Restaurant sweet course,220122,6.36,6.39,6.4,6.41,6.44,6.43,6.46,6.48,6.5,6.52,6.52,6.52,6.51,6.55,6.54,6.7,6.69,6.53,6.49,5.58,6.4,6.41,6.39,6.48,6.46,6.47,6.49,6.52,6.75,6.77,6.74,6.72,6.74,6.83,6.9,6.96,6.94,6.94,6.97,7.15,7.18,7.22,7.3,7.33,7.35,7.38,7.43,7.53,7.53,7.61,
Muffin/individual cake,220124,2.5,2.5,2.5,2.51,2.52,2.52,2.53,2.53,2.55,2.55,2.57,2.55,2.56,2.57,2.57,2.56,2.61,2.55,2.59,2.25,2.5,2.52,2.52,2.55,2.55,2.55,2.56,2.57,2.64,2.65,2.65,2.65,2.67,2.7,2.72,2.73,2.75,2.76,2.8,2.85,2.86,2.9,2.9,2.97,3.0,3.05,3.08,3.09,3.13,3.15,
Fruit juice,220125,2.6,2.6,2.62,2.63,2.63,2.63,2.63,2.64,2.65,2.65,2.66,2.66,2.66,2.67,2.67,2.66,2.66,2.66,2.68,2.25,2.54,2.59,2.58,2.61,2.61,2.61,2.62,2.63,2.64,2.63,2.63,2.64,2.64,2.68,2.69,2.71,2.72,2.73,2.73,2.76,2.77,2.77,2.77,2.8,2.81,2.82,2.86,2.88,2.88,2.95,
Restaurant main course,220128,14.21,14.25,14.28,14.32,14.33,14.39,14.43,14.45,14.45,14.48,14.5,14.53,14.53,14.62,14.56,14.91,14.9,14.53,14.74,12.66,14.39,14.42,14.39,14.72,14.69,14.71,14.75,14.82,15.37,15.32,15.32,15.41,15.32,15.53,15.62,15.75,15.77,15.88,15.94,16.32,16.54,16.57,16.73,16.82,16.95,17.06,17.22,17.4,17.58,17.67,
Crisps (eating out),220310,1.11,1.11,1.11,1.11,1.11,1.12,1.12,1.13,1.13,1.14,1.14,1.14,1.14,1.14,1.14,1.13,1.13,1.13,1.14,0.99,1.14,1.15,1.15,1.15,1.14,1.14,1.15,1.15,1.17,1.17,1.17,1.18,1.18,1.18,1.18,1.18,1.19,1.19,1.19,1.2,1.21,1.21,1.21,1.21,1.21,1.23,1.25,1.26,1.27,1.28,
Primary school meal (fixed charges),220209,2.38,2.38,2.38,2.38,2.41,2.41,2.41,2.41,2.43,2.43,2.43,2.43,2.44,2.44,2.44,2.4,2.41,2.42,2.44,2.44,2.46,2.46,2.46,2.46,2.45,2.44,2.45,2.45,2.46,2.46,2.46,2.46,2.48,2.48,2.48,2.48,2.5,2.5,2.5,2.5,2.51,2.51,2.51,2.51,2.54,2.54,2.54,2.54,2.57,2.57,
Secondary school (cafeteria),220210,2.52,2.52,2.52,2.52,2.55,2.55,2.55,2.55,2.56,2.56,2.56,2.56,2.57,2.57,2.57,2.53,2.55,2.56,2.6,2.6,2.57,2.57,2.57,2.57,2.58,2.58,2.59,2.59,2.59,2.59,2.59,2.59,2.61,2.61,2.61,2.61,2.61,2.61,2.61,2.61,2.65,2.65,2.65,2.65,2.69,2.69,2.69,2.69,2.73,2.73,
Spectacle frames with lens,520138,81.73,81.65,81.9,82.14,82.31,82.47,82.55,81.73,81.9,82.31,82.22,82.39,81.98,81.9,82.06,81.57,82.47,82.8,83.21,82.14,82.22,82.55,82.47,83.21,82.63,82.3,82.47,82.47,83.05,82.8,82.47,82.55,82.3,81.97,82.22,82.55,81.97,82.14,82.05,82.14,82.3,81.97,82.05,83.28,83.12,83.53,83.53,84.27,84.51,84.51,84.49
Daily disposable soft lenses,520139,30.7,30.73,30.73,30.73,30.73,30.76,30.76,30.79,30.76,30.79,30.79,30.82,30.82,30.88,30.95,29.34,26.35,29.43,29.56,30.54,30.7,30.7,30.33,30.11,30.11,29.81,29.66,29.93,30.26,30.53,30.59,30.75,30.65,30.59,30.72,30.65,30.69,30.78,30.75,30.78,30.75,30.65,30.87,30.96,31.02,31.11,31.15,31.24,31.36,31.36,31.35
Sunscreen,520235,6.73,6.12,6.06,5.91,5.71,5.68,5.71,5.7,5.79,6.39,6.61,6.72,6.65,6.75,6.21,5.96,6.02,5.96,5.83,5.98,5.98,6.27,6.4,6.43,6.42,6.44,6.28,6.15,6.08,6.0,5.96,5.97,6.01,6.02,6.24,6.33,5.97,6.03,6.06,6.05,5.56,5.53,5.41,5.84,5.94,6.25,6.35,6.46,6.4,6.54,6.54
Cold/flu drink powder sachets,520242,5.01,5.03,5.1,5.12,5.11,5.12,5.1,5.14,5.08,5.04,5.09,5.09,5.1,5.19,5.36,5.42,5.36,5.42,5.44,5.41,5.31,5.27,5.46,5.3,5.3,5.21,5.35,5.42,5.54,5.55,5.55,5.57,5.55,5.45,5.43,5.44,5.39,5.39,5.44,5.56,5.5,5.51,5.55,5.71,5.86,5.85,5.86,6.06,6.48,6.48,6.48
Cough syrup,520251,5.5,5.58,5.87,5.97,5.98,6.0,5.95,6.06,6.06,5.84,5.87,5.67,5.52,5.8,6.1,6.01,6.03,6.34,6.28,6.13,6.06,5.96,5.98,5.49,5.6,5.64,5.82,5.97,5.93,6.02,6.02,6.02,5.86,5.85,5.73,5.71,5.84,5.84,6.01,6.09,6.16,6.23,6.24,6.39,6.38,6.15,6.27,6.26,6.39,6.78,6.78
Tissues,520213,1.57,1.58,1.58,1.58,1.58,1.6,1.56,1.61,1.59,1.61,1.62,1.77,1.63,1.62,1.64,1.64,1.65,1.64,1.65,1.65,1.67,1.67,1.67,1.65,1.61,1.6,1.59,1.61,1.59,1.59,1.56,1.58,1.57,1.57,1.56,1.56,1.56,1.57,1.6,1.63,1.65,1.68,1.7,1.78,1.81,1.81,1.86,1.88,1.9,1.89,1.89
Deodorant/anti perspirant,520216,2.08,2.0,1.97,1.96,1.98,1.98,1.95,2.0,2.05,1.96,1.99,1.82,1.96,2.04,1.98,2.03,2.0,1.97,2.0,1.91,1.75,1.75,1.74,1.82,1.8,1.83,1.74,1.75,1.74,1.82,1.73,1.82,1.71,1.75,1.8,1.79,1.83,1.82,1.88,1.84,1.87,1.9,1.93,1.93,1.93,1.95,1.89,1.97,1.94,1.95,1.95
Mascara,520223,8.91,8.86,9.0,9.0,9.02,9.1,8.64,9.03,8.98,9.12,9.21,9.31,9.35,9.24,9.4,9.13,9.51,9.48,9.36,9.41,9.51,9.68,9.61,9.75,9.86,9.76,9.82,9.77,9.74,9.83,9.84,9.73,9.83,9.83,9.87,9.83,8.55,8.42,8.53,10.3,10.35,10.62,10.45,10.53,10.84,10.94,10.92,11.19,11.13,11.23,11.23
Shampoo,520226,3.68,3.71,3.62,3.76,3.73,3.58,3.76,3.71,3.8,3.74,3.71,3.22,3.74,3.56,3.79,3.86,3.86,3.59,3.62,3.56,3.48,3.65,3.68,3.32,3.66,3.56,3.72,3.49,3.68,3.51,3.75,3.54,3.53,3.8,3.55,3.77,3.7,3.75,3.89,3.73,3.64,3.75,3.79,3.76,4.03,4.07,3.86,4.04,4.19,4.13,4.13
Women's permanent hair colourant,520236,6.8,6.9,6.84,6.8,6.81,6.82,6.77,6.82,6.92,6.84,6.9,6.87,6.97,6.85,6.92,6.95,7.09,7.03,6.99,7.0,7.04,7.04,6.97,6.97,6.98,7.02,6.95,6.96,6.98,6.95,6.95,6.85,6.99,7.09,7.12,6.92,6.95,7.27,7.23,7.27,7.24,7.33,7.37,7.3,7.34,7.48,7.47,7.43,7.59,7.55,7.56
Hair gel,520237,3.53,3.59,3.49,3.53,3.61,3.56,3.58,3.59,3.55,3.55,3.54,3.56,3.58,3.64,3.6,3.56,3.62,3.58,3.51,3.58,3.63,3.57,3.71,3.63,3.61,3.64,3.59,3.63,3.61,3.59,3.55,3.61,3.59,3.66,3.63,3.63,3.59,3.66,3.68,3.73,3.7,3.82,3.77,3.77,3.89,3.89,3.89,3.99,4.02,4.0,4.0
Razor cartridge blades,520241,10.98,10.95,10.87,10.89,10.89,10.8,10.88,10.93,10.94,11.01,10.98,11.01,11.03,10.98,10.9,11.05,10.94,10.87,11.13,10.95,11.09,11.14,10.99,11.02,11.3,11.35,11.47,11.58,11.52,11.52,11.42,11.33,11.28,11.59,11.42,11.48,11.51,11.56,11.63,11.43,11.42,11.6,11.53,11.53,11.58,11.64,11.5,11.63,11.66,11.76,11.76
Liquid foundation,520243,,,,,,,,,,,,,,,,,,,,,,,,,,,,,,,,,,,,,,,,,,,,,,,,,,,
Liquid soap,520247,1.23,1.27,1.18,1.24,1.21,1.22,1.19,1.27,1.2,1.23,1.23,1.19,1.25,1.24,1.23,1.26,1.26,1.27,1.37,1.34,1.25,1.3,1.26,1.13,1.15,1.19,1.15,1.13,1.15,1.16,1.17,1.16,1.14,1.13,1.15,1.11,1.16,1.08,1.15,1.16,1.14,1.17,1.15,1.18,1.14,1.23,1.22,1.26,1.24,1.3,1.3
Nail varnish,520250,4.39,4.33,4.32,4.28,4.23,4.3,4.39,4.45,4.32,4.56,4.65,4.72,4.78,4.79,4.75,4.64,4.73,4.8,4.7,4.8,4.81,4.74,4.74,4.78,4.82,4.7,4.69,4.81,4.73,4.78,4.78,4.74,4.79,4.83,4.72,4.79,4.77,4.71,4.8,4.75,4.85,5.05,5.07,5.08,5.09,5.11,5.13,5.18,5.17,5.17,5.17
Mouthwash,520255,,,,,,,,,,,,,,,,,,,,,,,,,,,,,,,,,,,,,,,,,,,,,,,,,,,
Double duvet,430211,30.94,32.03,32.34,31.53,32.15,31.97,31.35,31.66,32.12,31.78,32.52,32.96,30.85,32.39,32.15,31.93,33.54,32.49,32.92,32.64,32.8,32.52,33.17,32.27,32.09,33.21,33.02,32.98,33.02,32.5,33.5,34.01,34.56,35.13,34.85,35.17,34.52,35.39,35.28,34.46,35.49,36.08,35.87,35.8,36.15,36.73,37.53,37.8,36.25,37.85,37.84
Duvet cover,430216,24.49,25.64,26.08,24.78,25.34,25.27,24.02,25.15,26.22,24.58,25.61,25.66,24.44,24.97,24.66,23.66,25.24,24.75,24.44,25.0,24.61,24.56,24.8,24.31,23.61,24.22,24.31,24.34,24.5,24.41,23.7,24.17,24.36,24.95,24.98,25.0,24.05,25.4,25.5,25.81,26.2,25.81,25.74,26.03,26.2,26.72,27.01,27.18,26.0,26.68,26.69
Fitted bed sheet,430224,10.9,10.99,11.26,11.13,11.42,11.39,11.04,11.2,11.3,10.95,11.45,11.42,10.71,11.02,11.0,10.12,10.54,10.62,10.73,11.16,10.71,10.7,11.18,10.81,10.99,11.23,11.14,11.09,11.03,11.2,10.96,11.19,11.2,11.34,11.5,11.5,11.09,11.65,11.83,11.77,11.83,11.84,11.94,12.13,11.84,11.97,12.32,12.28,11.92,12.24,12.24
Tufted carpet (synthetic),430233,24.32,24.3,24.57,24.86,24.79,24.74,24.91,24.76,25.18,24.96,24.91,25.1,24.86,24.73,24.98,25.88,25.93,25.23,25.26,25.03,25.65,25.33,26.0,26.38,26.23,27.35,27.41,26.65,27.9,28.51,29.06,28.51,29.5,28.61,29.32,29.64,30.58,31.07,29.57,30.92,30.4,32.05,31.07,32.05,31.83,31.53,32.38,33.09,34.22,35.01,35.01
Tufted carpet (wool),430234,38.68,37.9,39.06,39.03,38.99,39.33,39.06,38.21,39.49,38.68,39.68,39.99,39.68,39.09,39.64,39.44,40.28,41.23,39.4,40.04,39.52,39.64,39.84,40.83,41.63,41.92,42.75,41.71,42.33,43.13,42.42,43.38,43.87,42.63,42.96,43.63,43.33,44.37,45.5,45.37,45.15,46.97,45.76,46.54,47.06,46.24,47.84,47.54,49.62,50.31,50.32
Rug,430235,71.37,71.8,72.44,70.8,70.8,71.52,70.23,71.44,72.73,70.94,72.3,71.09,71.23,71.8,72.01,71.16,72.87,72.73,71.66,71.09,72.58,72.16,71.37,72.94,72.01,72.73,72.37,72.73,71.65,72.52,71.87,72.3,73.31,73.02,73.17,73.67,71.8,73.23,74.02,71.8,73.59,72.52,71.87,73.38,74.96,75.82,76.18,79.19,78.91,79.38,79.35
Luxury vinyl tile,430237,37.14,,,,,,,,,,,,,,,,,,,,,,,,,,,,,,,,,,,,,,,,,,,,,,,,,,
Dinner plate,430425,,,,,,,,,,,,,,,,,,,,,,,,,,,,,,,,,,,,,,,,,,,,,,,,,,,
Plain glass tumbler,430422,1.42,1.43,1.43,1.43,1.45,1.45,1.4,1.39,1.39,1.39,1.4,1.39,1.33,1.34,1.35,1.29,1.29,1.29,1.32,1.34,1.33,1.34,1.37,1.34,1.31,1.33,1.33,1.31,1.32,1.31,1.32,1.33,1.33,1.35,1.38,1.37,1.42,1.46,1.47,1.46,1.46,1.46,1.49,1.47,1.51,1.57,1.56,1.55,1.56,1.63,1.63
Flower vase,520118,8.65,8.74,8.69,8.72,8.71,8.7,8.5,8.49,8.58,8.28,8.44,8.48,8.13,8.35,8.18,7.92,8.08,8.3,8.08,8.09,8.22,7.93,7.82,7.87,7.87,7.87,8.03,8.03,8.0,8.04,8.07,8.31,8.33,8.45,8.76,8.87,8.95,8.85,9.14,9.17,9.26,9.23,9.1,9.23,9.19,9.18,9.35,8.84,8.39,8.44,8.44
Household cleaner liquid,430509,1.24,1.19,1.24,1.24,1.17,1.23,1.23,1.16,1.23,1.18,1.17,1.16,1.22,1.22,1.22,1.22,1.25,1.25,1.25,1.23,1.21,1.26,1.2,1.15,1.15,1.18,1.12,1.15,1.14,1.17,1.13,1.16,1.11,1.1,1.15,1.14,1.17,1.17,1.17,1.31,1.32,1.27,1.3,1.33,1.4,1.44,1.44,1.47,1.41,1.46,1.46
Bleach,430529,0.98,1.0,1.0,1.01,1.01,1.02,1.01,1.01,1.01,1.01,1.01,1.02,1.03,1.07,1.02,1.01,1.0,1.0,1.0,1.01,0.98,0.98,0.97,0.97,0.97,0.97,0.97,0.97,0.97,0.97,0.97,0.98,0.98,0.98,0.99,1.01,1.02,1.04,1.05,1.06,1.04,1.03,1.06,1.08,1.09,1.16,1.17,1.17,1.19,1.19,1.19
Kitchen roll,430533,3.0,2.91,3.03,2.98,2.97,2.99,3.06,2.91,3.06,3.14,3.08,3.07,3.07,3.1,3.05,3.18,3.19,3.04,2.91,3.0,3.05,3.18,3.12,3.19,3.23,3.28,3.23,3.21,3.23,3.23,3.29,3.34,3.37,3.29,3.34,3.31,3.33,3.29,3.4,3.43,3.79,3.82,3.99,3.97,4.16,4.23,4.4,4.41,4.34,4.47,4.47
Washing detergent,430540,,,,,,,,,,,,,,,,,,,,,,,,,,,,,,,,,,,,,,,,,,,,,,,,,,,
Antibacterial surface wipes,430542,,,,,,,,,,,,,,,,,,,,,,,,,,,,,,,,,,,,,,,,,,,,,,,,,,,
Bin liners for kitchen use,430543,,,,,,,,,,,,,,,,,,,,,,,,,,,,,,,,,,,,,,,,,,,,,,,,,,,
Washing up liquid,430507,1.09,1.11,1.13,1.12,1.1,1.12,1.12,1.1,1.09,1.11,1.13,1.12,1.1,1.12,1.12,1.09,1.09,1.09,1.09,1.1,1.06,1.04,1.06,1.0,1.0,0.99,1.03,1.02,0.99,1.0,1.01,1.02,1.02,0.99,1.02,1.02,1.06,1.06,1.1,1.1,1.12,1.14,1.15,1.21,1.2,1.19,1.21,1.18,1.2,1.2,1.2
Fabric conditioner,430531,2.1,2.21,2.22,2.13,2.15,2.19,2.18,2.2,2.13,2.11,2.16,2.12,2.18,2.15,2.12,2.04,2.08,2.09,1.99,2.15,2.05,2.14,2.24,2.11,2.2,2.17,2.3,2.26,2.18,2.3,2.17,2.22,2.24,2.29,2.2,2.25,2.25,2.33,2.29,2.34,2.25,2.36,2.47,2.44,2.39,2.4,2.38,2.44,2.32,2.45,2.45
Gas cooker,430414,396.93,406.06,397.73,398.92,407.65,398.12,404.87,404.87,405.27,385.42,393.36,387.41,353.27,358.57,356.45,353.27,358.92,355.39,350.8,359.63,355.74,352.21,360.69,358.92,353.98,357.52,363.18,362.83,367.07,370.97,369.91,373.09,374.86,374.15,379.11,380.53,384.77,392.08,397.86,389.78,405.55,396.32,398.63,423.64,414.79,425.56,414.02,426.33,417.48,437.1,437.08
Electric cooker,430304,457.3,465.53,474.68,466.45,474.68,474.22,472.39,474.22,480.62,475.59,471.48,483.37,464.62,485.99,478.56,479.48,476.7,486.92,490.64,485.99,485.52,475.3,487.38,488.31,478.56,474.25,478.08,496.26,501.05,498.65,496.26,499.61,494.35,502.0,506.79,512.53,505.83,539.72,528.09,522.02,544.28,543.77,540.74,551.86,547.82,564.0,558.44,565.02,544.78,580.74,581.0
Small milk pan,430407,7.24,7.74,7.82,7.54,7.78,7.85,7.42,7.52,7.36,7.41,7.4,7.6,7.28,7.64,7.46,7.36,7.42,7.14,7.29,7.6,7.23,7.17,7.18,7.31,6.98,6.99,7.13,7.26,7.07,7.14,7.22,7.38,7.03,7.7,7.81,7.78,8.46,8.52,8.64,8.72,8.8,8.97,9.06,8.99,9.04,8.95,8.97,8.97,8.78,8.95,8.95
Frying pan (non-stick),430423,18.73,19.78,20.23,19.71,19.89,19.89,19.39,19.35,18.79,19.48,19.41,19.67,18.69,19.74,20.02,19.35,19.82,20.54,20.75,19.89,19.16,19.4,19.55,20.0,18.39,19.42,19.9,19.02,18.73,18.89,19.3,18.91,18.34,19.04,19.96,19.74,19.87,20.24,21.02,20.76,21.34,21.5,21.18,21.42,21.28,20.9,21.12,22.11,21.65,21.52,21.52
Stainless steel cutlery set,430419,23.22,23.19,23.17,22.94,23.05,23.08,23.49,23.22,23.73,22.89,23.05,23.42,22.31,22.53,22.76,22.58,22.93,23.36,23.18,22.89,22.4,22.69,22.56,23.05,22.69,22.85,22.26,22.39,22.05,22.08,21.71,22.44,22.17,22.33,22.98,23.35,23.19,23.54,23.58,24.16,24.16,24.07,24.58,24.93,24.35,25.07,25.23,24.95,25.11,25.19,25.2
Aluminium cooking foil,430505,2.58,2.64,2.64,2.63,2.65,2.68,2.69,2.71,2.68,2.68,2.68,2.7,2.75,2.73,2.73,2.82,2.82,2.84,2.87,2.76,2.71,2.74,2.62,2.63,2.72,2.76,2.76,2.73,2.77,2.76,2.75,2.74,2.79,2.78,2.79,2.81,2.87,2.91,3.06,3.16,3.29,3.38,3.41,3.52,3.58,3.67,3.72,3.78,3.75,3.75,3.75
Electric kettle,430307,30.73,30.02,29.13,29.13,29.53,30.51,29.62,30.63,28.39,29.1,27.38,27.84,28.58,28.72,28.86,28.63,27.35,26.06,27.26,27.98,29.15,29.69,28.83,26.66,29.23,28.47,29.99,28.56,29.76,30.43,29.06,30.08,28.94,32.92,29.55,31.25,32.01,32.81,31.72,31.02,33.39,31.85,30.51,31.82,31.85,31.63,31.53,30.03,30.54,32.46,32.45
Electric iron,430317,34.53,37.67,34.77,34.91,34.46,33.49,34.18,34.84,34.04,35.84,34.6,34.7,34.67,35.74,35.6,35.46,37.02,38.9,38.24,36.75,36.71,35.64,36.78,34.25,34.63,34.6,34.46,34.63,35.29,33.56,35.81,37.44,37.47,38.72,38.79,41.56,40.73,41.01,40.77,40.93,40.2,40.97,41.09,42.15,41.42,41.26,41.95,41.99,41.34,43.11,43.11
Electric hair styling appliance,430351,,,,,,,,,,,,,,,,,,,,,,,,,,,,,,,,,,,,,,,,,,,,,,,,,,,
Dish washer,430356,388.36,411.66,403.5,394.57,412.43,394.18,386.02,410.49,402.72,396.12,379.81,400.01,384.86,385.24,395.64,389.09,396.79,392.94,401.79,391.4,407.18,396.41,381.01,394.1,408.34,406.7,414.87,421.4,420.59,420.59,435.69,425.89,435.69,425.08,422.63,413.64,424.26,438.69,439.11,428.5,431.47,448.02,446.32,444.2,458.2,457.78,455.23,467.11,458.63,471.93,472.06
Electric heater,430358,44.76,41.72,41.22,40.64,41.0,40.64,39.97,40.46,40.91,46.19,43.19,42.52,40.24,39.07,38.27,38.23,38.19,38.11,38.51,38.51,39.07,43.78,40.32,37.5,38.83,39.53,38.91,38.13,39.18,39.34,39.37,40.19,39.37,42.17,46.13,47.72,47.14,43.37,48.88,48.55,48.7,48.6,48.55,49.5,50.16,49.07,45.16,47.75,46.95,48.74,48.74
Fridge/freezer,430362,477.85,480.24,478.81,465.9,472.12,481.2,467.34,472.59,476.42,484.54,488.84,482.63,475.94,478.32,485.46,480.7,474.51,476.42,482.6,484.03,505.92,502.12,498.78,494.98,485.93,506.83,520.92,502.46,513.63,520.44,520.44,548.13,545.22,562.71,550.56,569.52,550.56,574.79,569.28,574.79,579.74,589.1,589.1,610.02,623.24,631.5,607.82,621.59,636.45,666.36,666.43
Light bulb,430524,3.33,3.31,3.32,3.28,3.27,3.29,3.27,3.27,3.26,3.28,3.21,3.18,3.09,3.04,2.89,2.85,2.83,2.76,2.69,2.7,2.57,2.43,2.39,2.49,2.42,2.45,2.44,2.44,2.44,2.51,2.5,2.51,2.5,2.49,2.5,2.53,2.58,2.5,2.59,2.51,2.56,2.57,2.63,2.43,2.39,2.42,2.52,2.53,2.57,2.43,2.43
Smart Wi-Fi light bulb,430541,18.08,,,,,,,,,,,,,,,,,,,,,,,,,,,,,,,,,,,,,,,,,,,,,,,,,,
Soundbar,630166,,,,,,,,,,,,,,,,,,,,,,,,,,,,,,,,,,,,,,,,,,,,,,,,,,,
Fabric roller blind,430229,22.37,22.46,22.33,22.44,22.42,22.1,22.39,22.19,21.79,21.3,21.92,22.19,21.54,22.04,22.02,22.02,21.78,22.34,22.49,21.93,22.53,21.8,21.56,22.19,22.04,21.91,22.37,22.59,22.41,22.74,22.41,21.82,22.46,22.63,22.79,22.9,22.96,23.08,23.15,22.94,22.73,22.85,22.92,22.85,23.06,22.94,23.26,22.73,23.06,22.94,22.94
Curtains (ready made),430236,44.94,45.17,46.2,44.18,45.26,46.34,45.3,45.35,46.2,45.44,47.24,48.45,47.73,48.97,49.26,48.06,48.21,46.3,45.77,47.68,49.88,49.31,49.11,48.3,47.44,48.16,47.44,47.49,47.87,48.16,46.92,48.06,48.87,49.48,47.97,47.68,49.2,51.22,54.66,48.46,51.32,50.13,46.64,49.1,46.15,51.91,52.3,52.15,47.63,52.01,52.02
Photo frame,520136,10.95,11.26,11.22,11.22,11.36,10.95,11.0,11.03,10.98,11.06,11.2,10.95,11.1,11.43,11.4,10.94,10.28,11.01,11.06,11.1,11.24,11.4,11.81,11.47,10.51,10.88,10.9,10.7,10.92,10.93,10.81,10.88,10.77,10.88,10.92,10.97,10.8,11.13,11.66,11.68,11.53,11.7,11.49,11.57,11.37,11.47,11.27,10.93,10.83,11.03,11.03
Double wardrobe,430101,621.64,647.74,633.45,621.01,632.2,640.28,617.91,634.69,644.64,631.58,650.85,662.04,609.82,621.41,629.34,620.19,618.97,640.92,640.92,644.58,639.71,633.61,643.36,673.25,644.58,677.46,689.06,676.81,700.02,716.13,698.08,708.4,749.65,720.64,747.72,779.95,739.34,754.86,789.61,779.26,787.39,810.31,778.52,797.01,818.45,816.97,847.28,880.55,825.1,835.0,834.75
Armchair,430104,630.82,675.61,671.19,635.23,644.06,649.74,630.19,645.33,653.53,639.02,648.48,672.45,628.92,644.02,629.55,638.99,630.18,631.44,634.58,633.96,640.87,637.1,645.91,652.82,632.07,634.6,656.09,646.61,649.77,659.88,649.77,656.72,686.43,671.89,686.43,702.23,687.69,700.76,725.51,718.64,728.95,747.52,726.89,736.52,761.96,738.58,746.83,788.09,765.4,775.35,775.36
Kitchen base unit,430119,213.8,214.44,214.44,215.08,215.94,215.94,216.79,217.43,220.21,218.72,219.57,221.07,220.43,222.41,223.73,225.94,224.39,222.85,222.85,223.29,222.19,224.17,225.94,228.36,229.24,229.24,232.22,232.45,237.27,239.1,241.16,244.14,242.77,253.31,254.23,256.52,268.9,278.31,278.85,282.62,282.62,289.61,292.83,296.6,299.83,307.35,306.55,311.93,338.82,336.78,336.66
Coffee table,430120,284.47,296.41,299.26,288.16,292.72,302.96,291.86,292.72,300.11,292.43,295.28,302.39,279.91,288.31,291.39,286.91,265.36,291.95,286.91,291.39,299.51,292.79,291.39,301.47,294.75,295.63,302.71,304.77,305.66,311.26,303.59,308.6,327.17,318.33,323.34,331.59,320.39,330.65,341.54,334.81,337.69,356.92,351.47,357.88,365.25,359.16,362.36,372.3,355.32,363.84,363.9
Chest of drawers,430127,365.4,385.87,376.73,367.6,376.73,380.75,366.14,382.21,390.98,381.48,386.6,402.31,371.25,374.22,377.93,364.94,364.2,382.39,382.76,385.73,383.13,375.71,379.05,389.07,382.02,395.39,400.35,393.1,405.32,419.46,407.99,416.78,430.53,419.46,430.15,442.38,422.89,432.62,449.96,448.69,457.15,464.76,450.38,455.03,467.72,466.87,474.49,483.79,470.26,474.96,475.01
Bookcase/freestanding shelve unit,430133,369.5,379.85,377.63,367.28,374.3,383.91,364.33,372.46,377.63,371.35,372.09,389.45,366.54,374.61,376.81,368.74,366.91,371.68,361.05,373.51,376.81,373.14,366.18,385.97,373.14,373.89,382.84,381.35,385.83,397.4,394.04,396.28,418.67,411.58,416.05,428.74,411.95,433.78,445.32,431.72,436.67,446.14,436.25,445.32,457.67,452.32,456.85,466.74,449.02,457.11,457.2
Table lamp,430134,53.47,55.18,55.71,55.07,55.55,54.64,53.74,54.7,55.93,55.23,56.36,56.3,54.11,55.3,54.81,53.73,53.68,53.14,53.68,53.95,55.08,54.98,56.11,56.49,54.81,55.74,55.85,55.36,56.24,56.07,56.46,56.46,57.39,57.5,57.22,58.76,57.94,61.82,62.75,62.28,62.17,62.4,60.95,61.24,61.7,61.82,61.12,64.37,62.4,63.21,63.24
Leather settee,430137,1771.83,1982.68,1906.49,1812.58,1855.1,1963.19,1851.56,1892.31,1961.41,1844.47,1869.28,2011.02,1791.32,1880.88,1871.93,1905.96,1927.46,1922.08,1823.56,1825.35,1914.92,1862.97,1870.14,1986.57,1859.39,1911.45,1917.03,1915.17,1969.09,2056.48,1980.25,2041.61,2188.5,2117.84,2149.45,2367.0,2218.25,2249.31,2375.75,2324.73,2360.22,2455.6,2366.87,2393.49,2464.48,2382.4,2400.15,2497.75,2353.56,2405.34,2404.59
Home office desk,430138,319.14,324.56,329.35,320.73,323.92,330.62,317.22,317.22,324.88,322.65,324.56,328.39,306.05,317.99,317.99,313.09,330.84,320.74,313.09,309.72,315.23,314.62,315.23,322.27,315.84,321.85,331.32,325.32,326.9,331.0,328.16,332.58,340.16,326.27,338.58,340.8,350.27,354.47,362.88,360.43,367.78,364.98,357.28,364.28,375.84,375.14,385.3,386.35,377.94,381.34,381.3
Kitchen wall unit,430139,179.19,181.88,182.06,180.99,182.06,182.06,181.7,186.0,185.82,184.21,184.39,185.64,184.57,185.49,186.6,185.68,186.97,184.94,184.39,187.71,183.65,184.57,188.08,190.66,189.37,188.04,186.91,188.61,190.13,193.53,189.75,194.67,188.04,199.22,199.41,202.06,218.15,224.04,226.22,226.22,227.53,235.6,238.66,243.68,245.42,248.91,248.48,252.62,275.96,275.69,275.66
Dinning table with 2-6 chairs,430141,925.04,942.62,940.77,915.79,929.67,971.3,934.29,945.39,978.7,962.05,946.32,982.4,943.54,971.85,986.95,976.57,1008.65,1053.0,1032.24,1056.77,1062.43,1061.49,1053.0,1074.7,1058.66,1073.48,1080.89,1077.71,1097.83,1131.7,1124.29,1129.59,1133.82,1146.53,1165.58,1206.87,1163.46,1192.55,1236.76,1221.64,1215.82,1263.52,1239.09,1261.2,1270.5,1283.3,1284.46,1299.59,1261.2,1278.85,1278.61
High chair,430142,88.81,85.08,86.23,85.7,84.99,85.43,84.19,84.99,89.25,86.14,85.43,84.72,84.54,83.78,85.22,91.31,89.36,87.93,87.25,87.33,89.45,87.0,86.32,87.42,84.71,85.73,85.05,85.56,85.14,85.56,83.7,84.2,89.8,91.4,91.15,93.44,97.0,96.7,96.7,96.32,100.58,100.97,97.87,100.49,99.61,99.91,99.03,99.13,97.87,97.87,97.83
Non leather settee,430143,,,,,,,,,,,,,,,,,,,,,,,,,,,,,,,,,,,,,,,,,,,,,,,,,,,
Adult bed,430144,,,,,,,,,,,,,,,,,,,,,,,,,,,,,,,,,,,,,,,,,,,,,,,,,,,
Wall hanging mirror,520132,59.69,63.1,63.81,62.26,63.45,62.98,61.96,63.21,64.05,62.08,64.35,65.42,58.5,63.47,63.65,63.0,64.0,65.46,64.88,65.23,66.4,67.51,69.85,72.71,68.62,70.82,71.43,74.11,73.97,75.89,75.07,76.72,78.36,77.95,78.16,80.49,76.58,80.41,82.09,81.79,82.55,82.02,82.09,83.17,84.47,82.48,82.55,84.93,82.86,85.01,85.0
Ready mixed filler,410602,6.87,6.89,6.92,7.09,7.09,7.04,7.07,7.14,7.13,7.15,7.15,7.17,7.18,7.18,7.15,7.25,7.33,7.31,7.28,7.22,7.27,7.23,7.24,7.23,7.3,7.32,7.33,7.36,7.41,7.36,7.36,7.38,7.7,7.68,7.82,7.91,7.93,8.02,8.07,8.19,8.25,8.23,8.35,8.35,8.51,8.61,8.65,8.73,8.69,8.77,8.77
Paint brush,410607,4.38,4.38,4.38,4.4,4.42,4.45,4.45,4.48,4.51,4.52,4.52,4.47,4.42,4.43,4.44,4.43,4.39,4.37,4.39,4.45,4.43,4.48,4.48,4.5,4.49,4.51,4.53,4.54,4.57,4.67,4.54,4.53,4.53,4.53,4.58,4.64,4.6,4.65,4.68,4.71,4.71,4.96,4.97,5.21,5.3,5.3,5.21,5.37,5.43,5.6,5.6
Door handle,410611,15.42,15.44,15.64,15.57,15.57,15.7,15.64,15.71,15.65,15.64,15.67,15.73,15.68,15.71,15.71,15.82,15.62,15.87,15.81,15.81,15.92,15.9,15.85,15.7,15.74,15.73,15.73,15.79,15.87,15.93,15.92,16.36,15.93,16.0,15.43,15.51,15.62,16.13,16.37,16.42,16.15,15.73,15.46,15.49,15.87,16.68,16.99,17.07,17.38,17.44,17.43
Power drill,410614,54.64,54.42,52.07,51.52,56.88,57.53,56.33,55.84,55.68,56.0,56.77,56.06,55.73,56.29,56.29,57.07,58.24,58.52,58.18,57.35,53.84,53.61,54.17,53.39,52.0,50.91,50.7,51.53,52.57,53.14,53.51,54.29,52.99,53.45,52.88,53.97,53.92,55.59,56.19,56.24,56.35,55.59,55.32,55.05,57.21,57.59,57.64,58.18,57.26,59.04,59.04
Varnish clear gloss,410621,17.66,17.73,17.89,17.94,18.12,18.19,18.08,18.12,18.65,18.72,18.54,18.58,18.47,18.34,18.52,18.45,18.38,18.52,18.58,18.62,18.6,18.64,18.6,18.6,18.41,18.43,18.45,18.36,18.34,18.87,18.91,19.02,18.87,19.11,19.32,19.02,18.82,19.33,19.84,20.04,20.1,20.29,20.42,20.53,20.83,21.08,21.0,21.19,21.08,21.2,21.2
Screwdriver,410625,4.7,4.67,4.65,4.71,4.73,4.71,4.69,4.74,4.74,4.74,4.72,4.72,4.75,4.71,4.74,4.71,4.69,4.53,4.73,4.69,4.72,4.65,4.72,4.71,4.72,4.76,4.78,4.78,4.85,4.89,4.92,4.96,4.96,5.1,5.14,5.08,5.16,5.27,5.38,5.39,5.42,5.46,5.43,5.47,5.58,5.53,5.56,5.54,5.55,5.53,5.53
Wallpaper,410629,12.52,10.98,11.05,10.92,11.52,11.5,11.32,12.29,12.71,12.07,12.64,12.54,12.18,11.86,12.21,12.2,12.33,12.03,11.99,12.29,12.48,12.12,12.17,12.16,12.01,12.15,12.03,12.03,12.07,12.12,12.37,12.35,12.54,12.55,12.55,12.65,12.33,11.98,12.76,12.83,12.91,12.97,13.19,13.6,13.66,13.71,13.97,14.25,13.66,13.89,13.89
Shower head,410631,13.35,13.99,14.02,14.22,14.43,14.38,14.41,14.27,14.29,14.1,14.45,14.62,14.78,14.84,14.85,14.29,14.96,14.4,14.4,14.75,14.97,14.79,15.1,15.21,14.93,14.76,14.79,14.82,14.79,14.72,14.72,14.63,14.93,15.02,15.2,15.33,15.36,15.3,15.21,15.62,15.76,15.44,15.7,15.93,16.47,16.42,16.4,16.8,16.24,16.22,16.22
Carpet cleaner hire,410632,25.28,25.23,25.1,25.08,24.82,24.82,24.8,24.8,24.8,24.6,24.57,24.37,24.14,24.19,24.33,24.26,23.95,23.61,23.61,23.97,24.29,24.19,24.14,24.29,23.97,24.07,24.07,24.19,24.14,24.31,24.59,24.59,24.67,24.59,24.95,25.19,25.72,25.67,25.67,25.7,25.82,25.34,25.0,24.92,24.9,25.0,24.82,24.92,24.8,24.89,24.9
Medium density fireboard (MDF),410633,32.48,32.12,32.12,32.22,32.38,32.06,31.73,31.6,31.7,31.86,31.83,31.86,31.9,31.99,32.15,32.12,33.01,32.09,32.02,31.55,31.19,31.99,31.83,32.6,32.85,34.1,34.2,35.58,37.68,40.18,43.89,47.44,49.54,53.49,54.96,54.77,55.39,54.5,55.67,56.33,56.55,56.78,57.11,56.66,56.83,55.39,55.39,55.83,55.89,55.83,55.81
Ceramic tiles,410637,18.09,18.13,18.18,18.23,18.29,18.04,18.05,18.2,18.29,18.36,18.23,18.25,18.47,18.38,18.78,18.8,18.86,18.54,18.16,18.69,18.71,17.88,17.93,18.36,18.49,18.9,19.15,19.08,19.02,19.21,19.17,19.32,19.51,19.52,19.54,20.08,19.89,20.73,21.19,21.7,22.66,22.82,22.9,24.61,27.15,28.39,29.28,29.26,29.18,28.83,28.85
Coal,420103,35.21,35.42,35.42,35.03,35.28,35.31,35.38,35.1,35.35,35.42,36.19,36.47,36.4,36.84,36.84,36.66,36.66,36.55,36.88,36.26,36.8,36.88,36.99,36.95,37.02,37.06,37.06,37.25,37.25,37.47,37.39,37.1,37.39,37.69,37.76,38.58,38.61,39.31,40.7,41.51,42.67,44.87,46.57,47.57,48.5,50.78,50.74,50.62,51.32,51.73,51.75
Kerosene,420405,853.9,873.54,878.67,882.94,897.45,861.59,856.47,870.13,870.13,901.72,874.4,875.25,905.14,803.76,661.66,514.12,480.63,562.09,566.62,564.81,541.27,564.81,534.94,630.88,678.85,729.77,750.81,718.23,751.49,774.57,778.65,769.14,804.44,955.15,991.13,959.9,997.91,1115.67,1606.64,1535.79,1672.51,1773.29,1666.52,1432.01,1626.6,1624.61,1551.76,1412.05,1399.08,1333.32,1333.5
Bath towel,430228,14.83,16.07,16.24,15.5,16.22,16.43,15.67,16.34,16.53,16.27,16.43,16.33,15.55,16.35,16.07,14.08,14.47,14.9,15.57,16.04,15.93,16.11,16.04,16.05,15.24,15.81,15.88,15.69,15.9,15.99,15.55,15.82,15.7,16.11,16.02,16.11,15.37,16.15,16.66,16.53,16.53,16.55,16.86,17.38,17.39,17.52,17.84,17.98,17.3,17.94,17.94
Gas fire,430413,598.0,598.6,598.0,599.2,602.19,601.59,605.78,605.78,604.58,604.58,603.98,606.97,606.97,606.97,606.37,590.58,592.41,607.58,612.44,614.86,610.61,615.47,613.65,609.4,608.79,606.36,612.45,621.58,624.01,626.45,630.1,625.23,630.71,635.58,647.15,646.54,648.97,654.17,657.41,671.04,677.53,684.02,699.59,698.95,717.12,723.61,730.1,734.64,735.94,735.94,735.71
AA battery,430539,4.83,4.86,4.66,4.67,4.58,4.64,4.64,4.64,4.55,4.44,4.54,4.44,4.51,4.37,4.56,4.46,4.45,4.39,4.22,4.5,4.41,4.34,4.2,4.07,4.14,4.11,4.0,4.01,3.88,3.73,3.74,3.84,3.86,3.98,4.0,4.02,4.05,4.04,4.17,4.12,4.23,4.22,4.31,4.34,4.33,4.37,4.39,4.37,4.37,4.39,4.39
Clear sticky tape,430525,1.91,1.95,1.92,1.95,1.93,1.97,1.95,1.88,1.89,1.88,1.86,1.82,1.93,1.92,1.96,1.94,1.95,1.94,1.92,1.84,1.87,1.91,1.72,1.72,1.81,1.79,1.81,1.82,1.93,1.94,1.94,1.95,1.98,1.98,1.94,1.96,1.98,2.03,2.03,2.03,2.05,2.08,2.11,2.07,2.07,2.15,2.16,2.21,2.23,2.24,2.24
Greetings card,430526,2.08,2.08,2.1,2.09,2.09,2.09,2.1,2.1,2.1,2.09,2.1,2.11,2.11,2.11,2.11,2.24,2.23,2.06,2.21,2.15,2.13,2.13,2.13,2.17,2.16,2.2,2.2,2.2,2.19,2.18,2.17,2.17,2.18,2.2,2.19,2.2,2.22,2.22,2.23,2.22,2.23,2.25,2.26,2.25,2.27,2.28,2.29,2.28,2.28,2.28,2.28
A4 printer paper,430527,7.17,7.39,7.38,7.39,7.37,7.41,7.4,7.29,7.29,7.37,7.37,7.38,7.3,7.35,7.35,7.26,7.31,7.33,7.29,7.24,7.23,7.28,7.32,7.34,7.23,7.34,7.37,7.38,7.38,7.46,7.45,7.45,7.4,7.44,7.53,7.58,7.5,7.77,7.94,8.34,8.85,9.19,9.27,9.76,9.95,10.23,10.45,10.39,10.4,10.53,10.53
Black inkjet cartridge,430530,22.45,22.67,22.61,22.61,22.54,22.49,22.23,22.61,22.63,22.74,22.9,23.1,22.72,22.79,22.74,23.06,22.97,23.83,23.7,23.67,23.83,23.99,23.63,23.86,23.88,23.73,24.07,23.97,24.93,24.9,25.07,24.57,24.88,25.31,24.9,24.64,25.48,25.5,26.04,26.14,26.34,26.06,26.29,26.27,26.17,27.08,28.08,28.13,27.62,27.89,27.91
Wrapping paper,430535,0.76,0.76,0.76,0.76,0.76,0.76,0.76,0.77,0.76,0.77,0.77,0.78,0.78,0.79,0.79,0.79,0.78,0.78,0.78,0.79,0.79,0.79,0.78,0.78,0.78,0.78,0.78,0.78,0.76,0.75,0.75,0.76,0.76,0.76,0.76,0.76,0.76,0.75,0.77,0.77,0.77,0.77,0.77,0.78,0.78,0.78,0.77,0.78,0.77,0.78,0.78
Scissors,430409,3.89,3.91,3.93,3.86,3.87,3.88,3.9,3.99,3.93,4.0,3.93,3.89,3.84,3.88,3.91,3.9,3.82,3.82,3.74,3.87,3.6,3.76,3.53,3.32,3.29,3.37,3.43,3.45,3.53,3.55,3.55,3.6,3.52,3.54,3.53,3.61,3.88,3.97,4.01,3.99,3.99,3.97,3.96,3.96,4.13,4.08,4.09,4.11,4.02,4.07,4.07
Ballpoint pen,430503,0.53,0.55,0.56,0.52,0.53,0.57,0.56,0.52,0.52,0.54,0.57,0.58,0.56,0.57,0.58,0.57,0.58,0.58,0.55,0.51,0.52,0.56,0.57,0.58,0.54,0.56,0.56,0.53,0.55,0.59,0.59,0.55,0.54,0.59,0.59,0.6,0.57,0.61,0.61,0.61,0.61,0.62,0.6,0.58,0.58,0.58,0.6,0.62,0.61,0.63,0.63
Luggage trolley case,520134,90.25,92.24,92.51,93.77,96.84,96.3,98.37,96.12,98.74,96.12,95.4,94.58,92.42,101.57,98.61,90.66,90.94,91.68,88.07,89.37,91.12,89.55,84.19,91.59,82.44,84.17,87.88,87.05,86.89,87.96,86.97,84.0,90.02,89.69,91.59,93.81,91.92,92.28,95.13,99.64,102.86,102.67,101.57,96.51,100.65,100.1,104.51,101.84,98.99,96.92,96.88
Headphones,630156,,,,,,,,,,,,,,,,,,,,,,,,,,,,,,,,,,,,,,,,,,,,,,,,,,,
Television (small),630159,196.88,198.85,194.72,189.8,189.2,184.48,184.87,182.71,180.15,181.53,180.74,175.62,177.59,174.04,173.15,167.47,171.73,180.61,180.79,183.09,181.5,182.74,176.7,178.65,178.48,181.51,184.72,178.48,180.98,195.61,191.33,189.18,196.5,194.9,194.0,189.9,196.68,190.98,191.57,181.54,173.67,175.83,172.88,175.24,178.98,173.28,168.95,177.41,170.13,171.49,171.41
Television (large),630160,,,,,,,,,,,,,,,,,,,,,,,,,,,,,,,,,,,,,,,,,,,,,,,,,,,
DVD/Blu-ray player,630164,,,,,,,,,,,,,,,,,,,,,,,,,,,,,,,,,,,,,,,,,,,,,,,,,,,
Book illustrated for under 5s,630434,6.12,6.09,6.07,6.1,6.09,6.11,6.12,6.13,6.15,6.13,6.15,6.18,6.2,6.2,6.21,5.76,5.63,5.79,5.79,6.1,6.14,6.13,5.66,5.79,5.79,5.82,5.79,5.78,6.16,6.18,6.19,6.23,6.24,6.3,6.27,6.25,6.29,6.34,6.33,6.34,6.36,6.39,6.42,6.43,6.44,6.44,6.48,6.49,6.54,6.58,6.57
Teenage fiction book,630437,8.61,8.56,8.55,8.59,8.77,8.78,8.86,8.83,8.89,8.69,8.73,8.73,8.6,8.77,8.98,8.12,7.88,8.13,8.76,9.09,9.18,9.01,8.3,8.34,8.34,8.62,8.21,8.09,8.84,8.8,8.82,9.0,8.81,8.84,9.45,8.86,8.73,8.73,8.77,8.38,8.7,8.53,8.63,8.56,8.61,8.72,8.99,9.09,9.07,9.07,9.07
"Fiction book (paper back, bestseller)",630439,7.28,7.37,7.36,7.46,7.37,7.42,7.53,7.34,7.36,7.29,7.52,7.48,7.67,7.52,7.62,6.63,6.17,6.99,6.09,7.59,7.54,7.6,6.48,6.58,6.61,6.77,6.49,6.78,7.37,7.17,7.13,7.33,7.23,7.44,7.46,7.66,7.44,7.48,7.5,7.53,7.5,7.68,7.55,7.65,7.7,7.69,7.68,7.66,7.65,7.68,7.67
Child's fiction book (6-12 yrs.),630440,,,,,,,,,,,,,,,,,,,,,,,,,,,,,,,,,,,,,,,,,,,,,,,,,,,
Recordable CD,630226,0.36,0.36,0.36,0.36,0.37,0.37,0.34,0.34,0.35,0.36,0.34,0.35,0.35,0.35,0.35,0.36,0.35,0.37,0.34,0.34,0.32,0.33,0.33,0.33,0.32,0.33,0.33,0.35,0.35,0.33,0.36,0.37,0.4,0.4,0.4,0.4,0.36,0.36,0.36,0.37,0.37,0.37,0.37,0.36,0.37,0.36,0.37,0.39,0.39,0.4,0.4
Childs's sit and ride toys (under 5s),630376,44.19,45.16,45.52,44.15,43.79,45.61,42.91,43.22,43.4,44.24,43.09,43.31,44.15,42.69,42.87,47.9,45.78,43.49,45.03,45.16,45.65,45.21,44.77,47.06,48.56,47.3,47.3,46.43,45.89,46.09,45.55,46.62,48.85,47.64,47.79,47.49,49.53,52.01,49.73,50.03,51.12,51.17,50.08,51.22,50.52,49.83,51.37,49.83,51.91,52.59,52.6
Construction toy,630314,14.49,14.45,14.32,13.73,14.03,13.93,13.93,13.91,13.74,13.77,13.65,13.65,14.28,13.85,13.89,14.42,14.96,14.18,13.89,14.03,14.31,13.88,14.12,14.23,14.62,14.49,14.37,14.37,14.12,14.12,14.01,14.05,14.2,13.99,13.86,14.05,14.31,14.3,13.95,13.75,13.8,13.81,13.88,13.65,13.95,13.95,14.14,13.47,13.91,14.29,14.29
Adult sleeping bag,630317,50.85,52.57,54.41,53.03,51.96,49.88,50.29,50.08,50.59,51.46,51.61,51.51,53.13,54.67,53.35,49.84,51.38,52.28,52.02,52.23,51.91,52.34,50.58,50.32,51.7,57.85,55.58,56.2,55.32,51.29,54.18,54.03,56.4,54.39,55.37,54.44,53.41,55.01,56.56,56.29,58.11,55.76,55.7,51.91,55.06,55.76,57.3,56.93,57.78,59.46,59.47
Beginner's acoustic guitar,630342,119.34,120.54,119.58,119.22,119.7,120.78,121.13,121.61,120.3,120.18,120.54,120.42,121.37,121.86,123.8,123.8,123.8,122.59,121.62,123.68,123.8,124.41,124.65,125.5,128.66,127.5,128.53,128.66,129.17,126.21,127.75,125.82,126.6,125.95,126.47,127.11,128.66,128.78,128.91,131.49,131.23,132.9,132.39,133.67,134.7,135.47,137.79,137.66,137.15,137.42,137.43
Digital development,630359,0.69,0.7,0.7,0.71,0.72,0.72,0.72,0.72,0.73,0.72,0.73,0.73,0.72,0.73,0.73,0.73,0.71,0.71,0.73,0.73,0.74,0.74,0.73,0.74,0.73,0.73,0.73,0.73,0.77,0.77,0.77,0.77,0.76,0.77,0.77,0.77,0.77,0.78,0.78,0.78,0.79,0.79,0.79,0.79,0.79,0.81,0.83,0.83,0.84,0.84,0.84
Electronic educational toy,630368,22.56,21.93,22.05,22.05,23.04,23.04,22.79,22.79,22.72,22.88,22.63,22.36,23.11,22.37,22.76,22.23,22.87,22.3,22.55,22.39,22.53,22.39,21.95,21.7,20.49,21.11,21.19,20.23,21.25,20.56,21.09,21.5,21.83,21.85,21.6,21.81,21.48,22.32,23.02,22.7,22.68,22.98,23.52,23.67,23.69,24.06,24.44,23.86,23.48,24.63,24.63
Jigsaw,630373,11.93,12.13,12.24,12.11,12.05,11.88,12.17,11.69,11.8,11.85,11.8,11.78,12.23,12.22,12.18,12.94,12.67,13.33,12.93,12.34,12.47,12.46,13.78,13.89,14.2,13.18,11.88,11.93,12.34,12.17,12.21,12.21,12.14,12.01,11.81,12.01,12.17,13.0,12.09,11.99,11.95,12.01,12.24,12.39,11.86,12.09,12.29,11.8,12.55,12.47,12.47
Adult craft hobby kit,630382,,,,,,,,,,,,,,,,,,,,,,,,,,,,,,,,,,,,,,,,,,,,,,,,,,,
Garden spade,630505,21.25,21.23,21.08,20.87,21.02,21.31,21.29,21.23,21.29,21.46,21.61,21.55,21.08,20.34,20.38,20.24,20.13,19.58,19.94,20.43,20.66,20.85,20.91,21.27,21.4,21.78,21.97,21.95,22.25,21.97,22.14,22.21,22.89,23.02,22.7,23.34,23.73,24.01,24.06,24.25,25.08,25.29,25.29,25.2,24.89,26.12,26.48,26.38,26.1,26.39,26.4
Houseplant,630507,7.36,7.34,7.33,7.33,7.33,7.37,7.06,7.05,7.11,7.13,7.22,7.26,7.34,7.33,7.33,7.38,7.34,7.58,7.58,7.22,7.26,7.19,7.22,7.72,7.57,7.83,8.0,7.93,7.8,7.78,7.76,7.81,7.58,7.5,7.62,7.58,7.41,7.51,7.67,7.69,7.62,7.83,7.44,7.62,7.48,7.46,7.6,7.73,7.75,7.77,7.78
Potting compost,630510,5.81,5.73,5.73,5.66,5.62,5.77,5.79,5.74,5.77,5.8,5.83,5.78,5.79,5.76,5.81,6.08,5.94,5.69,5.7,5.9,5.86,5.74,5.54,5.63,5.8,5.92,5.95,5.88,6.09,6.13,6.22,6.31,6.23,6.54,6.61,6.7,6.73,6.83,6.92,6.89,6.96,7.07,7.04,7.22,7.27,7.34,7.38,7.59,7.68,7.75,7.75
Cut flower carnation stem,630518,0.48,0.49,0.48,0.48,0.48,0.48,0.48,0.47,0.47,0.48,0.48,0.48,0.49,0.49,0.48,0.47,0.46,0.45,0.48,0.48,0.49,0.48,0.46,0.48,0.48,0.48,0.48,0.48,0.48,0.48,0.48,0.48,0.49,0.48,0.48,0.5,0.5,0.52,0.51,0.51,0.51,0.52,0.53,0.53,0.54,0.54,0.54,0.54,0.54,0.56,0.55
Potted shrub,630519,9.1,9.35,9.4,9.63,9.47,9.11,9.19,9.51,9.4,9.35,9.84,9.95,10.11,10.02,10.03,10.58,10.67,10.73,9.17,8.98,9.82,10.19,10.55,10.59,10.85,10.91,10.97,10.85,10.65,10.68,11.11,11.07,10.77,10.58,10.86,11.8,12.16,12.31,12.35,12.13,12.42,12.3,11.75,12.01,12.41,12.35,12.63,12.69,12.76,12.76,12.76
Plant food,630525,5.84,5.88,5.93,5.78,5.7,5.75,5.84,5.9,5.9,5.94,5.96,5.98,5.86,5.84,5.95,5.6,6.1,5.96,6.11,6.01,6.03,6.07,6.14,6.23,6.26,6.32,6.3,6.02,6.3,6.02,5.97,6.11,6.39,6.28,6.46,6.62,6.66,6.91,6.97,6.93,6.93,7.07,7.02,7.06,7.17,7.35,7.47,7.54,7.99,8.11,8.11
Plant seeds,630526,,,,,,,,,,,,,,,,,,,,,,,,,,,,,,,,,,,,,,,,,,,,,,,,,,,
Theatre ticket,640212,32.49,32.65,32.2,32.91,32.91,32.43,30.87,31.32,34.41,34.44,33.11,32.39,33.04,34.46,33.47,33.34,33.34,33.37,33.41,33.31,33.44,33.44,33.37,33.41,33.34,33.37,33.47,33.64,33.81,33.97,35.11,36.04,38.47,37.94,38.31,36.47,39.14,39.65,39.57,40.98,40.2,42.08,40.9,39.88,41.1,41.61,40.32,39.57,39.53,40.56,40.58
Cinema popcorn,220324,5.54,5.55,5.54,5.55,5.56,5.56,5.58,5.58,5.61,5.64,5.65,5.7,5.74,5.75,5.75,5.73,5.73,5.74,5.82,5.89,5.8,5.83,5.82,5.86,5.85,5.86,5.87,5.9,5.93,5.96,6.03,6.02,6.03,6.06,6.07,6.08,6.13,6.13,6.14,6.15,6.16,6.19,6.21,6.24,6.26,6.28,6.31,6.35,6.39,6.4,
Hotel stay,640406,94.63,94.44,97.38,98.13,106.08,102.49,111.57,106.46,114.69,108.64,102.86,95.11,91.41,95.8,94.61,98.64,106.22,102.93,96.99,97.9,92.51,85.56,103.02,77.61,91.78,95.91,94.99,99.95,108.3,105.36,110.14,125.83,115.28,114.82,118.21,109.4,99.95,106.45,115.24,118.34,121.74,128.33,131.73,129.73,134.43,135.93,126.93,130.73,119.84,124.63,124.67
Can of dog food,430613,0.94,0.98,0.98,0.98,0.99,0.99,0.99,0.96,0.97,0.98,0.99,1.01,1.01,1.01,1.01,0.93,0.93,0.96,0.96,0.97,0.96,0.96,0.95,0.95,0.95,0.95,0.95,0.95,0.95,0.96,0.96,0.99,0.97,0.99,1.0,1.01,1.03,1.14,1.16,1.17,1.18,1.23,1.3,1.33,1.35,1.37,1.37,1.37,1.39,1.47,1.47
Pet cage for a small mammal,430617,33.05,32.85,32.98,32.91,32.91,32.88,33.01,33.31,33.11,33.21,33.34,33.05,33.41,33.24,33.21,37.35,37.52,34.41,34.35,33.51,33.41,34.41,34.28,34.48,34.78,34.29,34.57,34.05,34.68,33.98,33.53,34.54,33.67,34.22,34.4,34.5,34.71,34.81,35.06,35.13,35.51,35.47,35.23,36.52,35.89,35.93,36.17,36.06,35.89,36.03,36.04
Annual booster injection (medium dog),430621,52.1,52.31,52.52,52.68,53.04,53.3,53.62,53.98,54.03,54.34,54.66,54.76,54.92,55.25,55.41,55.19,55.41,55.25,55.36,55.47,56.07,56.35,56.24,56.67,57.28,57.62,57.57,57.91,58.02,58.14,58.31,58.71,58.65,59.17,59.86,60.2,60.6,60.84,61.51,62.06,62.6,63.27,64.48,64.96,65.45,66.12,66.78,67.33,67.63,68.51,68.5
Dog kennel fees,430622,19.36,19.53,19.61,19.78,19.86,19.96,20.03,19.98,20.11,20.15,20.15,20.17,20.25,20.35,20.43,20.45,20.51,20.51,20.55,20.57,20.63,20.67,20.71,20.73,20.77,20.77,20.84,20.92,21.08,21.19,21.23,21.25,21.31,21.29,21.25,21.29,21.33,21.57,21.85,22.19,22.46,22.57,22.85,22.96,23.32,23.6,23.77,23.96,24.02,24.31,24.31
Dog treats,430626,,,,,,,,,,,,,,,,,,,,,,,,,,,,,,,,,,,,,,,,,,,,,,,,,,,
Pet collar,430627,,,,,,,,,,,,,,,,,,,,,,,,,,,,,,,,,,,,,,,,,,,,,,,,,,,
Carbon fibre fishing rod,630340,49.28,49.28,49.33,48.98,49.23,49.28,49.43,49.53,49.72,48.84,48.98,48.69,48.74,48.74,48.35,48.84,49.03,48.15,48.45,48.35,49.42,48.84,50.15,50.25,49.57,49.62,48.82,49.76,49.76,50.41,50.46,50.26,50.31,50.41,50.9,50.06,50.21,50.46,50.41,50.81,50.56,50.86,51.57,51.42,51.67,52.02,51.97,52.07,51.32,51.78,51.78
Men's football boots,630343,76.26,74.81,75.12,72.91,72.22,72.22,72.37,73.36,73.67,75.5,74.89,74.43,74.58,73.02,72.05,71.0,69.81,68.84,70.41,70.85,71.53,72.94,72.64,72.12,71.38,70.88,71.09,71.73,72.52,72.66,72.52,73.02,74.37,71.59,71.23,72.52,69.38,71.46,72.08,72.43,72.15,72.36,72.08,72.36,72.08,59.94,60.43,59.8,59.8,59.92,59.89
Golf ball,630345,1.54,1.54,1.54,1.53,1.53,1.53,1.54,1.54,1.54,1.54,1.54,1.54,1.54,1.56,1.57,1.57,1.57,1.56,1.57,1.58,1.58,1.6,1.61,1.74,1.74,1.77,1.77,1.77,1.77,1.78,1.78,1.78,1.78,1.8,1.85,1.85,1.85,2.0,1.92,2.0,2.0,2.01,1.96,1.97,1.96,1.96,1.95,2.02,2.03,2.06,2.06
Squash/tennis racket,630357,34.11,33.94,32.78,32.98,33.05,33.22,33.08,32.98,32.44,32.27,32.37,31.35,31.52,31.77,31.8,32.9,32.46,32.46,32.52,32.59,32.46,31.89,30.79,31.58,32.02,32.08,35.45,35.48,36.05,36.12,36.63,37.5,37.75,36.98,38.46,41.63,42.36,46.81,46.94,46.73,47.45,48.67,49.14,48.67,48.67,48.17,48.12,47.57,48.21,48.16,48.15
Swimming pool/leisure centre admission,640219,5.19,5.21,5.24,5.25,5.28,5.31,5.34,5.35,5.35,5.34,5.36,5.36,5.37,5.37,5.39,5.27,5.29,5.34,5.38,5.47,5.47,5.48,5.36,5.5,5.39,5.38,5.41,5.34,5.34,5.35,5.43,5.44,5.44,5.41,5.4,5.4,5.42,5.46,5.48,5.51,5.53,5.56,5.58,5.6,5.6,5.63,5.65,5.68,5.72,5.73,5.73
Exercise class,640222,7.03,7.08,7.1,7.09,7.14,7.15,7.16,7.16,7.16,7.16,7.16,7.18,7.18,7.2,7.21,7.18,7.21,7.16,7.13,7.14,7.17,7.24,7.23,7.26,7.25,7.26,7.28,7.31,7.31,7.49,7.5,7.53,7.52,7.54,7.53,7.57,7.61,7.63,7.67,7.65,7.69,7.73,7.73,7.76,7.76,7.79,7.81,7.86,7.87,7.9,7.9
Ten-pin bowling,640224,7.34,7.37,7.4,7.42,7.46,7.48,7.48,7.51,7.52,7.55,7.59,7.55,7.58,7.56,7.62,7.59,7.59,7.6,7.6,7.58,7.72,7.72,7.7,7.75,7.73,7.74,7.76,7.8,7.84,7.88,7.93,7.87,7.85,7.89,7.92,7.92,7.96,7.97,8.0,8.0,8.04,8.09,8.1,8.11,8.12,8.12,8.14,8.15,8.16,8.2,8.2
Private health club/gym,640226,419.02,419.44,421.12,423.63,424.89,425.73,424.89,425.73,425.73,426.57,427.82,428.24,429.5,428.64,427.35,425.63,425.63,426.06,426.49,435.94,432.93,433.36,432.51,432.08,431.22,431.65,432.94,435.1,445.02,446.74,448.03,449.33,450.62,453.64,454.5,456.23,457.52,459.35,461.64,463.01,464.38,464.84,465.76,468.96,471.7,472.62,475.82,477.65,479.02,479.98,479.95
Soft play session,640243,6.81,6.81,6.84,6.88,6.9,6.91,6.94,6.93,6.96,6.94,6.94,6.98,6.97,6.98,6.99,6.96,6.96,6.97,6.97,6.97,7.24,7.2,7.19,7.22,7.21,7.21,7.24,7.27,7.31,7.34,7.41,7.42,7.45,7.46,7.49,7.52,7.52,7.63,7.64,7.7,7.74,7.82,7.85,7.89,7.94,7.97,8.04,8.07,8.13,8.18,8.18
Climbing wall session,640244,,,,,,,,,,,,,,,,,,,,,,,,,,,,,,,,,,,,,,,,,,,,,,,,,,,
Child minder,440120,5.24,5.26,5.26,5.27,5.28,5.28,5.3,5.3,5.3,5.32,5.34,5.33,5.33,5.34,5.35,5.33,5.35,5.34,5.35,5.35,5.37,5.38,5.38,5.4,5.41,5.42,5.44,5.46,5.46,5.47,5.48,5.48,5.49,5.53,5.56,5.57,5.57,5.58,5.58,5.63,5.68,5.68,5.71,5.72,5.73,5.75,5.76,5.77,5.77,5.78,5.78
Nanny fees,440126,570.01,570.01,572.29,572.29,572.86,575.71,575.71,577.42,583.69,584.26,584.26,584.26,584.26,587.77,587.77,585.43,585.43,586.01,586.6,590.1,592.44,592.44,590.69,590.69,591.27,592.45,592.45,592.45,592.45,592.45,592.45,592.45,593.05,593.05,593.05,592.45,592.45,596.6,596.6,600.75,600.75,600.75,604.9,604.9,609.04,623.26,625.04,625.04,625.63,634.39,634.32
Home care assistant,440128,22.74,22.78,22.85,23.03,23.1,23.53,23.4,23.53,23.62,23.71,23.71,23.76,23.76,23.76,23.76,23.81,23.97,24.14,24.14,23.86,23.88,24.0,24.19,24.26,24.26,24.4,24.43,24.7,24.74,25.21,25.3,25.47,25.47,25.54,25.57,25.59,25.59,25.67,25.72,26.0,26.18,26.62,26.77,26.92,26.98,27.18,27.26,27.36,27.41,27.6,27.59
Playgroup fees,440129,8.65,8.69,8.71,8.73,8.77,8.81,8.83,8.83,8.84,8.81,8.83,8.86,8.9,8.95,9.0,8.77,8.78,8.85,9.34,9.17,9.12,9.2,9.25,9.26,9.32,9.32,9.32,9.34,9.34,9.37,9.41,9.48,9.49,9.58,9.6,9.62,9.63,9.67,9.65,9.66,9.67,9.71,9.84,9.87,9.94,9.92,9.86,9.88,9.91,9.94,9.95
Nursery fees (0-4 yrs.),440232,45.24,45.29,45.38,45.6,45.97,46.15,46.33,46.37,46.51,46.74,46.92,46.96,47.05,47.15,47.24,47.05,47.38,47.52,47.43,47.66,48.04,48.09,48.28,48.46,48.7,48.8,48.99,49.19,49.28,49.43,49.53,49.72,49.77,49.77,49.97,50.01,50.21,50.36,50.46,50.71,50.91,51.21,51.41,51.82,52.12,52.52,52.82,53.12,53.27,53.54,53.54
Residential home,520324,962.61,963.58,966.46,970.31,978.98,985.72,991.49,993.42,995.34,999.19,999.19,1003.04,1004.01,1004.01,1007.02,1012.04,1012.04,1013.04,1015.05,1017.06,1021.07,1025.09,1040.15,1042.16,1044.17,1048.34,1049.39,1054.61,1067.14,1077.58,1080.71,1082.8,1088.02,1089.07,1090.11,1092.2,1094.29,1095.38,1096.48,1103.04,1113.98,1120.55,1133.68,1135.87,1147.91,1166.51,1175.26,1184.02,1186.21,1196.88,1197.39
Nursing home,520325,,,,,,,,,,,,,,,,,,,,,,,,,,,,,,,,,,,,,,,,,,,,,,,,,,,
Men's haircut,520301,16.89,16.87,16.92,17.0,17.04,17.05,17.07,17.09,17.16,17.14,17.22,17.24,17.34,17.39,17.43,17.34,17.36,17.38,18.43,18.54,18.75,18.85,18.81,18.81,18.8,18.82,18.87,18.97,19.21,19.23,19.27,19.36,19.36,19.36,19.44,19.49,19.61,19.72,19.82,20.04,20.21,20.35,20.31,20.43,20.53,20.55,20.78,20.84,21.04,21.16,21.17
Women's hairdressing (cut & blow dry),520303,40.67,40.79,40.88,41.12,41.16,41.32,41.16,41.4,41.4,41.4,41.44,41.49,41.53,41.61,41.78,41.61,41.61,41.65,43.52,43.52,43.81,43.98,43.89,44.02,43.98,44.02,44.15,44.37,44.77,44.9,45.08,45.25,45.38,45.52,45.69,45.87,46.26,46.49,46.59,47.14,47.51,47.65,47.84,48.11,48.3,48.39,48.81,48.99,49.22,49.42,49.41
Women's highlighting,520311,76.28,76.51,76.89,77.65,77.88,77.81,77.96,78.03,78.19,78.26,78.26,78.72,78.8,79.27,79.35,79.03,79.03,79.11,82.19,82.5,82.34,82.42,82.26,82.58,82.42,82.5,82.75,83.16,83.99,84.32,84.73,84.81,85.14,85.06,85.39,85.72,86.46,86.63,86.89,87.67,88.62,88.8,89.05,89.57,89.75,89.75,91.04,91.39,91.65,92.47,92.5
Physiotherapy (private),520313,52.78,52.99,53.04,52.99,53.15,53.2,53.26,53.36,53.89,54.05,54.26,54.31,54.42,54.63,54.74,54.53,54.53,54.58,56.87,56.1,55.89,56.27,56.05,56.0,56.05,56.05,56.05,56.05,56.33,56.33,56.61,56.83,56.95,56.72,56.83,56.89,56.95,57.4,57.8,57.97,58.2,58.48,58.54,58.65,58.77,58.77,59.11,59.22,59.28,59.58,59.58
Private dental examination,520326,48.2,48.35,48.4,48.64,48.69,48.69,48.83,48.98,49.22,49.27,49.31,49.51,50.28,50.58,50.83,50.58,50.63,50.68,55.15,52.14,51.28,51.69,51.59,51.64,52.19,52.34,52.14,52.24,52.29,52.29,52.71,52.87,53.18,53.18,53.34,53.44,53.55,53.97,54.35,54.88,55.04,55.26,55.58,56.44,56.92,57.13,57.24,57.45,57.56,58.02,58.01
Chiropractor (private),520332,58.72,58.84,58.9,58.96,58.96,59.08,59.19,59.43,59.61,59.61,59.72,59.66,59.61,59.67,59.73,59.49,59.49,59.55,59.25,59.67,59.9,60.2,60.62,60.68,61.04,61.34,61.34,61.34,61.46,61.83,61.95,62.01,62.14,62.2,62.44,62.5,62.62,63.0,63.25,63.56,63.69,64.0,64.25,64.5,64.82,65.07,65.32,65.38,65.5,65.7,65.69
Plumber,410508,54.27,54.27,54.38,54.49,54.54,54.6,54.6,54.6,54.6,54.6,54.65,54.6,54.54,54.71,54.71,54.49,54.76,54.76,54.82,54.93,54.82,54.71,54.6,54.76,54.65,54.65,54.65,54.65,54.65,54.82,54.87,54.98,55.04,55.15,55.15,55.31,55.58,55.58,55.69,55.69,55.69,55.69,55.75,55.75,56.08,56.14,56.25,56.25,56.31,56.19,56.19
Electrician,410509,42.97,42.97,42.97,42.97,43.05,43.01,43.05,42.97,42.97,43.09,43.14,43.14,43.27,43.31,43.35,43.18,43.22,43.31,43.18,43.35,43.4,43.4,43.31,43.44,43.35,43.35,43.35,43.35,43.35,43.35,43.35,43.4,43.61,43.61,43.66,43.66,43.66,43.66,43.83,44.01,44.01,44.05,44.05,44.09,44.14,44.14,44.18,44.18,44.22,44.22,44.22
Decorator,410517,146.88,146.88,146.88,147.03,147.18,147.32,148.06,148.21,148.35,148.79,148.79,148.94,148.94,148.79,148.79,148.2,148.79,149.24,149.24,148.94,148.94,148.94,148.64,148.64,149.39,149.39,149.39,149.54,149.69,149.69,149.98,150.28,151.33,151.63,151.78,151.78,151.78,151.78,152.23,152.84,152.99,154.05,154.21,154.21,154.51,154.51,154.81,154.81,154.81,154.81,154.86
Carpenter,410518,26.09,26.17,26.2,26.25,26.4,26.43,26.43,26.4,26.48,26.56,26.53,26.59,26.69,26.74,26.8,26.69,26.85,26.8,26.8,26.93,26.9,26.96,26.9,26.85,26.85,26.85,26.85,26.88,26.88,26.93,27.07,27.28,27.39,27.52,27.55,27.58,27.6,27.74,27.74,28.13,28.18,28.18,28.21,28.24,28.4,28.46,28.49,28.49,28.49,28.54,28.53
Domestic cleaner,440101,15.2,15.23,15.25,15.31,15.4,15.46,15.51,15.57,15.6,15.61,15.69,15.72,15.77,15.78,15.81,15.85,15.89,15.91,15.91,15.92,16.0,15.99,16.07,16.05,15.96,15.99,16.02,16.04,16.08,16.1,16.13,16.18,16.21,16.26,16.35,16.39,16.4,16.55,16.6,16.75,16.83,16.89,16.98,17.03,17.16,17.21,17.21,17.3,17.34,17.35,17.36
Window cleaning,440113,16.66,16.7,16.72,16.79,16.84,16.89,16.9,16.92,16.94,16.99,17.1,17.17,17.22,17.29,17.38,17.45,17.45,17.5,17.53,17.69,17.74,17.74,17.74,17.84,17.91,18.0,17.98,18.05,18.16,18.25,18.21,18.2,18.14,18.18,18.25,18.29,18.57,18.65,18.78,18.87,18.98,19.06,19.17,19.28,19.33,19.33,19.39,19.39,19.5,19.54,19.54
Washing machine repair,440116,62.33,62.51,62.51,62.76,62.76,62.7,62.7,62.76,62.89,63.01,63.2,63.14,63.2,63.2,63.14,62.88,63.14,63.51,63.51,63.7,63.96,64.21,64.27,64.4,64.65,64.85,64.85,65.3,65.43,65.75,65.82,66.07,66.14,66.01,66.2,66.27,66.33,66.6,67.0,67.33,67.66,67.99,67.79,68.32,68.65,68.85,68.85,69.12,69.25,69.53,69.53
PC repair,440118,55.37,55.37,55.42,55.31,55.31,55.54,55.65,55.7,55.7,55.7,55.7,55.7,55.7,55.87,55.92,55.98,55.98,55.81,55.81,55.92,55.81,56.2,55.98,55.98,55.98,56.2,55.98,56.04,55.98,56.15,56.26,56.26,56.26,56.37,56.48,56.54,56.6,56.71,56.88,56.94,56.77,56.94,57.05,57.05,57.16,57.33,57.39,57.44,57.56,57.56,57.56
Dry cleaning mans suit,440104,14.66,14.72,14.72,14.74,14.75,14.78,14.81,14.86,14.87,14.9,14.9,14.93,15.02,15.03,15.05,15.15,14.82,15.0,15.12,15.06,15.12,15.14,15.14,15.18,15.18,15.2,15.24,15.3,15.35,15.39,15.49,15.5,15.61,15.62,15.74,15.85,15.94,16.05,16.18,16.44,16.58,16.72,16.8,16.82,16.95,17.09,17.25,17.38,17.46,17.63,17.63
Driving lesson,440105,33.75,33.92,33.95,34.05,34.19,34.29,34.36,34.46,34.59,34.63,34.69,34.73,34.93,35.0,35.04,35.1,35.1,35.14,35.24,35.35,35.56,35.84,35.91,36.08,36.01,36.05,36.16,36.34,36.77,36.84,36.95,37.17,37.45,37.71,37.85,37.99,38.21,38.52,38.63,38.9,39.51,39.93,40.31,40.69,41.04,41.42,41.53,41.73,41.84,42.17,42.15
Event catering,440121,9.16,9.17,9.19,9.25,9.27,9.28,9.29,9.29,9.29,9.33,9.34,9.35,9.35,9.36,9.37,9.33,9.33,9.34,9.35,9.32,9.36,9.35,9.34,9.35,9.34,9.35,9.38,9.42,9.47,9.52,9.51,9.54,9.68,9.68,9.68,9.7,9.75,9.77,9.8,9.84,9.98,10.04,10.15,10.25,10.24,10.29,10.32,10.4,10.44,10.5,10.5
Home removal van,440123,507.43,508.95,509.46,508.95,508.44,508.44,509.46,512.5,513.01,512.5,514.02,513.52,516.05,516.57,517.09,515.02,515.02,518.63,519.67,522.76,522.25,525.34,526.37,535.66,534.63,538.37,539.98,541.58,543.72,543.72,545.32,545.86,553.34,554.95,558.15,557.62,559.22,562.02,563.14,567.61,574.32,577.68,578.8,586.07,593.34,600.05,601.73,606.76,614.59,616.43,616.54
Self-storage fee,440127,115.28,115.51,114.47,114.24,114.93,116.09,117.12,117.24,117.93,117.59,117.36,118.51,119.08,120.28,120.99,121.11,120.87,120.63,121.47,122.06,122.54,124.68,125.28,126.71,127.18,127.18,127.56,128.84,130.87,132.52,134.81,135.7,135.83,137.99,138.63,140.03,138.88,139.99,140.55,140.41,141.38,142.77,143.88,144.85,146.52,147.91,147.22,146.24,145.41,144.97,144.98
Standard funeral cremation service,440227,3022.32,3019.29,3025.34,3031.38,3037.43,3043.47,3040.45,3043.47,3043.47,3049.52,3055.56,3055.56,3061.61,3061.61,3073.85,3076.91,3086.1,3095.28,3101.41,3101.41,3113.65,3110.59,3113.65,3122.84,3122.84,3132.21,3135.33,3141.58,3157.19,3163.44,3172.8,3172.8,3182.17,3194.66,3216.52,3232.14,3244.63,3251.12,3251.12,3254.36,3264.1,3267.34,3273.83,3286.81,3299.79,3309.52,3322.5,3351.7,3390.64,3434.72,3434.04
Standard will for a single person,440240,271.0,271.81,273.71,275.06,281.57,283.2,283.2,284.55,285.09,287.53,288.89,288.62,293.49,296.13,297.9,296.72,296.72,301.71,304.94,305.53,310.52,311.1,315.21,319.32,321.37,322.02,322.02,322.98,323.3,324.27,326.52,329.41,333.27,334.23,336.16,338.09,339.69,340.03,339.35,341.73,344.79,348.53,351.58,353.28,356.0,359.4,363.13,365.85,367.89,371.93,371.83
Solicitor,440254,274.36,274.91,274.91,275.18,277.65,278.2,278.2,278.75,278.2,277.92,278.2,278.47,279.57,279.29,279.57,278.45,278.45,279.57,279.29,281.25,281.81,281.25,280.41,280.97,281.25,281.25,281.25,284.06,284.9,287.15,288.56,288.84,289.68,289.12,289.4,289.97,291.65,292.24,293.11,293.4,294.28,296.9,298.94,300.99,303.9,304.49,304.19,304.78,304.49,303.57,303.69
Basic manicure,520331,21.3,21.45,21.37,21.41,21.43,21.45,21.47,21.52,21.64,21.64,21.64,21.73,21.75,21.73,21.77,21.69,21.69,21.71,22.64,22.43,22.62,22.75,22.71,22.71,22.66,22.69,22.76,22.87,23.03,22.94,22.94,22.89,22.94,22.96,22.91,23.05,23.12,23.12,23.4,23.42,23.56,23.53,23.58,23.65,23.79,24.07,24.39,24.78,24.83,25.1,25.11
Adult bike,620318,447.15,467.28,469.51,463.25,464.15,463.25,455.2,449.39,458.33,461.91,455.2,453.86,456.1,472.06,474.34,468.87,481.18,475.71,483.46,492.58,499.43,494.87,495.78,497.15,491.67,508.88,525.6,528.55,538.38,546.74,551.17,559.52,568.87,571.82,570.34,569.36,569.36,573.91,577.33,579.61,580.17,584.73,581.31,584.16,587.01,588.72,588.15,581.88,581.31,585.96,586.23
Adult cycle helmet,620319,36.0,35.93,36.83,36.26,36.62,36.11,36.29,35.93,35.79,36.22,35.35,35.71,35.46,34.9,36.03,36.14,35.32,35.92,35.75,37.59,38.8,38.3,38.62,39.15,39.12,39.0,39.08,39.31,39.08,39.55,38.41,39.7,39.98,40.02,40.02,40.41,40.48,41.09,40.97,39.59,41.21,40.77,40.48,40.12,40.81,41.17,40.4,40.24,40.89,41.87,41.88
Adult electric bike,610115,,,,,,,,,,,,,,,,,,,,,,,,,,,,,,,,,,,,,,,,,,,,,,,,,,,
Car MOT test fee,610227,46.55,46.55,46.55,46.51,46.6,46.6,46.69,47.02,46.97,46.97,46.97,46.78,46.83,46.92,46.92,46.92,46.88,46.78,46.83,46.88,46.97,47.11,47.11,47.07,47.11,47.21,47.35,47.44,47.39,47.49,47.44,47.49,47.54,47.58,47.63,47.72,47.87,48.01,48.15,48.3,48.63,48.82,48.92,48.97,49.06,49.06,49.16,49.35,49.49,49.54,49.55
Car service (local garage),610231,188.29,188.48,188.48,189.23,190.18,190.18,190.55,190.74,191.49,191.49,191.87,192.06,194.51,195.87,195.48,195.87,196.45,195.87,197.42,199.37,200.73,199.56,198.4,198.59,203.06,203.88,203.27,203.27,204.08,205.5,207.53,206.92,207.94,210.58,211.39,214.03,212.2,214.75,215.6,217.51,219.42,221.96,222.18,224.09,225.57,224.72,230.03,232.15,234.48,234.72,234.75
Car service (main dealer),610232,291.23,290.94,291.52,290.65,291.23,291.52,292.68,293.27,294.72,296.47,297.05,298.22,303.75,304.66,302.84,301.93,302.54,300.11,300.41,304.97,304.97,306.48,304.97,299.5,309.52,310.45,310.45,310.76,310.45,315.09,316.33,312.93,316.33,315.09,317.88,319.12,325.93,328.21,329.84,331.79,335.38,336.68,334.07,340.27,341.57,343.85,344.18,346.79,354.93,356.71,356.77
Car repairs (main dealer),610235,130.11,130.37,131.02,131.55,131.94,132.33,132.59,132.59,132.72,132.46,132.59,133.11,133.63,134.03,134.3,134.56,134.16,133.63,133.36,134.03,134.56,134.56,134.16,134.56,137.1,136.96,136.96,137.38,137.24,137.92,138.34,137.79,138.61,138.47,139.71,140.39,143.68,143.97,144.4,145.12,145.84,146.56,146.41,147.85,148.57,149.0,149.86,149.72,152.73,152.73,152.72
Car repairs (local garage),610236,68.11,68.39,68.46,68.52,68.46,68.66,68.11,68.59,68.59,68.73,68.93,68.86,70.02,70.16,70.3,70.51,70.72,70.86,69.6,69.39,69.74,70.02,70.02,69.95,70.23,70.09,70.51,70.44,70.44,70.72,70.51,70.72,71.92,72.34,72.48,72.62,72.69,72.76,72.76,73.2,73.71,74.94,74.8,75.53,75.96,76.62,76.98,77.42,78.0,78.07,78.04
Car wash (hand or automatic),610238,5.94,5.98,6.0,6.1,6.12,6.15,6.17,6.17,6.21,6.23,6.24,6.29,6.24,6.24,6.26,6.3,6.29,6.36,6.2,6.19,6.26,6.31,6.38,6.36,6.35,6.35,6.35,6.36,6.39,6.45,6.46,6.46,6.48,6.5,6.53,6.5,6.6,6.6,6.58,6.62,6.64,6.73,6.75,6.8,6.84,6.88,6.89,6.93,7.08,7.15,7.15
Exhaust fitting,610242,,,,,,,,,,,,,,,,,,,,,,,,,,,,,,,,,,,,,,,,,,,,,,,,,,,
Minicab fare,620308,7.37,7.39,7.37,7.36,7.36,7.37,7.37,7.38,7.47,7.47,7.5,7.55,7.58,7.61,7.66,7.71,7.74,7.8,7.83,7.86,7.94,8.05,8.05,8.08,8.18,8.23,8.26,8.26,8.27,8.26,8.31,8.25,8.34,8.35,8.34,8.33,8.4,8.4,8.47,8.57,8.7,8.79,8.82,8.93,9.03,9.12,9.11,9.09,9.12,9.17,9.17
Car park charges,620315,2.55,2.56,2.55,2.56,2.57,2.58,2.58,2.58,2.59,2.6,2.61,2.62,2.63,2.63,2.63,2.63,2.64,2.63,2.65,2.66,2.66,2.66,2.64,2.64,2.65,2.65,2.65,2.65,2.65,2.67,2.69,2.69,2.69,2.69,2.7,2.71,2.72,2.72,2.72,2.74,2.75,2.75,2.78,2.8,2.8,2.81,2.8,2.81,2.83,2.84,2.84
Car tyre,610204,82.96,83.21,83.21,83.37,83.37,83.37,83.96,83.46,83.62,83.46,83.54,84.2,84.2,83.7,83.78,83.7,83.95,84.88,86.14,86.9,88.41,88.92,88.5,89.0,88.67,88.67,89.29,90.09,91.68,92.48,93.54,93.99,94.08,95.49,96.2,97.27,99.93,99.93,100.03,100.93,101.73,102.33,102.93,104.03,104.03,103.93,104.42,105.12,109.12,110.1,110.08
Multigrade oil,610303,13.76,13.78,13.76,13.86,13.42,14.15,14.11,14.12,14.22,13.63,14.05,13.76,14.27,14.23,14.35,14.26,13.95,14.66,15.06,14.47,14.5,14.32,14.39,14.27,14.22,13.89,13.63,13.68,14.37,14.8,15.0,15.03,14.69,14.76,15.06,15.04,15.1,15.36,15.49,15.66,16.02,16.0,16.06,16.0,16.32,16.77,16.71,16.8,17.26,17.15,17.16
Self drive van hire,620303,68.51,68.3,68.37,68.16,67.82,67.96,68.23,68.03,68.23,68.44,68.37,69.19,69.4,69.33,70.09,70.3,70.85,71.34,71.48,72.38,73.14,73.7,74.53,75.16,75.78,76.92,76.92,76.92,77.15,77.45,77.9,78.28,79.34,79.65,80.78,81.31,81.69,82.1,81.86,82.02,83.0,83.0,83.57,83.65,83.41,84.31,84.39,84.63,85.04,85.47,85.47
Self drive car hire,620307,75.08,74.86,76.28,76.66,77.34,76.66,75.91,74.93,74.71,74.86,74.63,75.08,75.38,73.95,73.2,71.54,69.35,71.24,71.99,75.68,78.7,82.02,84.2,85.71,88.12,87.24,88.21,86.8,88.92,92.53,96.23,104.6,108.39,114.74,119.05,123.9,127.25,125.6,125.09,129.16,131.45,136.79,143.16,141.5,138.83,135.65,130.56,122.8,117.32,114.63,114.62
"Dried rice, basmati/jasmine",CP0111101,,,,,,,,,,,,,,,,,,,,,,,,,,,,,,,,,,,,,,,,,,,,,,,,,,,
"Rice, microwave",CP0111101,,,,,,,,,,,,,,,,,,,,,,,,,,,,,,,,,,,,,,,,,,,,,,,,,,,
Rice cakes,CP0111101,,,,,,,,,,,,,,,,,,,,,,,,,,,,,,,,,,,,,,,,,,,,,,,,,,,
"Bread, sliced, white",CP0111301,,,,,,,,,,,,,,,,,,,,,,,,,,,,,,,,,,,,,,,,,,,,,,,,,,,
"Bread, unsliced, white",CP0111301,,,,,,,,,,,,,,,,,,,,,,,,,,,,,,,,,,,,,,,,,,,,,,,,,,,
"Bread, sliced, wholemeal/brown",CP0111302,,,,,,,,,,,,,,,,,,,,,,,,,,,,,,,,,,,,,,,,,,,,,,,,,,,
"Bread, premium e.g. rye, sourdough",CP0111303,,,,,,,,,,,,,,,,,,,,,,,,,,,,,,,,,,,,,,,,,,,,,,,,,,,
Rolls/baps/buns,CP0111303,,,,,,,,,,,,,,,,,,,,,,,,,,,,,,,,,,,,,,,,,,,,,,,,,,,
Wrap/tortillas (not with filling),CP0111304,,,,,,,,,,,,,,,,,,,,,,,,,,,,,,,,,,,,,,,,,,,,,,,,,,,
Cigarettes,CP0230101,,,,,,,,,,,,,,,,,,,,,,,,,,,,,,,,,,,,,,,,,,,,,,,,,,,
Cigars,CP0230201,,,,,,,,,,,,,,,,,,,,,,,,,,,,,,,,,,,,,,,,,,,,,,,,,,,
"Tobacco, loose",CP0230901,,,,,,,,,,,,,,,,,,,,,,,,,,,,,,,,,,,,,,,,,,,,,,,,,,,
