ITEM_ID,2020-01-01,2020-02-01,2020-03-01,2020-04-01,2020-05-01,2020-06-01,2020-07-01,2020-08-01,2020-09-01,2020-10-01,2020-11-01,2020-12-01,2021-01-01,2021-02-01,2021-03-01,2021-04-01,2021-05-01,2021-06-01,2021-07-01,2021-08-01,2021-09-01,2021-10-01,2021-11-01,2021-12-01,2022-01-01,2022-02-01,2022-03-01,2022-04-01,2022-05-01,2022-06-01,2022-07-01,2022-08-01,2022-09-01,2022-10-01,2022-11-01,2022-12-01,2023-01-01,2023-02-01,2023-03-01,2023-04-01,2023-05-01,2023-06-01,2023-07-01,2023-08-01,2023-09-01,2023-10-01,2023-11-01,2023-12-01,2024-01-01,2024-02-01,2024-03-01,2024-04-01,2024-05-01,2024-06-01,2024-07-01,2024-08-01,2024-09-01,2024-10-01,2024-11-01,2024-12-01,2025-01-01,2025-02-01,2025-03-01,2025-04-01,2025-05-01,2025-06-01
220107,,0,0,2,-0,-2,-0,-16,18,1,-0,1,-0,0,0,0,-0,0,-1,0,0,3,0,0,-1,0,1,3,1,1,1,2,-0,1,1,0,-0,3,0,1,1,1,0,1,0,0,1,0,0,1,0,1,0,1,0,0,1,0,-0,0,0,1,0,1,0,0
220116,,1,0,-0,0,0,1,-16,13,1,-0,2,-0,0,0,0,-1,1,0,-0,0,2,0,1,0,0,1,2,1,0,0,0,-0,0,1,1,-8,9,1,0,1,0,-0,1,1,1,0,0,-2,3,0,1,1,0,0,0,0,0,0,0,-2,4,1,1,0,0
220117,,1,0,-0,0,0,0,-18,14,2,-0,0,-0,0,0,0,0,-1,0,0,0,2,0,1,1,0,0,2,1,0,0,2,-0,0,2,0,0,2,1,1,0,0,0,1,1,1,0,0,0,1,0,1,0,0,0,0,0,0,0,0,1,2,1,1,0,0
220121,,1,-0,-0,0,0,0,-16,16,1,-0,1,-0,0,0,0,0,3,-0,-0,1,1,1,0,-1,1,1,2,0,1,-0,1,0,1,1,1,1,1,0,1,0,1,0,1,0,2,0,0,0,1,1,1,1,-0,0,0,0,1,0,0,-0,1,1,1,0,0
220122,,1,-0,2,-0,-2,-1,-14,15,0,-0,1,-0,0,0,0,4,0,-1,-0,0,1,1,1,-0,-0,0,3,0,0,1,0,0,0,1,1,-0,1,1,2,1,-0,1,0,1,1,0,0,0,1,1,1,0,-0,1,0,0,0,-0,0,-0,0,0,1,0,0
220123,,0,0,-0,0,0,2,0,0,-0,-0,0,-0,0,0,0,1,0,-0,0,0,2,0,0,1,0,0,1,0,0,1,0,0,1,0,0,2,0,0,1,0,0,3,0,0,1,0,0,1,0,0,4,0,0,1,0,0,2,0,0,1,0,0,0,0,0
220124,,1,-0,-0,2,-2,1,-13,11,1,-0,1,-0,0,0,0,3,0,0,-0,1,1,1,0,1,0,2,2,0,1,0,2,1,1,1,0,1,1,1,1,2,-0,1,0,1,-0,2,1,1,0,0,1,1,0,1,0,0,-0,0,0,1,0,0,1,1,1
220125,,0,0,-0,0,0,1,-16,13,2,-0,1,-0,0,0,0,0,-0,-0,0,0,2,0,1,0,0,0,1,0,0,0,1,0,0,2,1,0,2,1,1,1,1,-0,1,0,1,1,-0,0,1,0,1,1,0,0,0,0,0,0,0,0,1,0,1,0,0
220128,,1,-0,2,-0,-2,1,-14,14,0,-0,2,-0,0,0,0,4,-0,0,1,-1,1,1,1,0,1,0,2,1,0,1,1,1,1,1,1,1,0,1,2,1,1,1,1,0,1,0,0,-0,0,1,1,0,0,1,0,-0,1,0,0,0,0,0,1,0,1
220208,,0,0,2,-0,0,0,-14,12,-2,-10,9,0,0,0,0,0,1,-3,-0,2,7,-0,-2,-0,-0,1,2,2,-0,-0,0,1,1,-2,-1,1,0,2,1,-1,2,1,1,1,0,-0,-0,0,1,0,1,-0,-0,-0,1,0,1,-1,0,0,0,1,2,0,1
220209,,0,0,-2,0,0,1,0,1,0,0,0,-0,-0,0,-0,1,0,0,0,1,-0,0,0,1,0,0,0,1,0,0,0,1,0,0,0,1,0,0,0,1,0,0,0,-28,1,0,0,0,0,0,0,-4,0,0,0,-11,0,0,0,-2,0,0,0,-2,0
220210,,0,0,-2,1,0,2,0,-1,0,-0,0,0,-0,0,-0,0,0,0,0,1,-0,0,0,-0,0,0,0,2,-0,0,0,2,0,0,0,1,0,0,0,0,0,0,0,3,-0,0,0,-6,0,0,0,2,-0,0,0,2,0,0,0,1,0,0,0,1,0
220214,,0,-0,2,-0,0,0,-11,7,-0,-9,8,0,0,0,0,0,3,1,1,0,2,-0,0,2,-0,2,10,-3,-2,-1,2,7,-3,0,8,-1,-0,-2,0,1,1,-1,-0,1,-1,-0,0,-1,-1,1,2,0,1,-1,1,2,2,-1,0,1,2,-3,3,-0,1
220301,,0,0,-1,-1,2,2,-0,0,0,0,0,0,0,0,0,0,1,0,0,1,1,1,1,1,1,1,4,3,1,1,1,1,2,0,1,1,1,1,1,1,1,2,0,0,1,0,0,0,0,1,1,0,0,0,1,0,0,0,0,1,1,1,1,2,1
220303,,1,1,2,-0,-0,-0,-1,0,1,2,-1,0,0,1,0,0,-1,-0,-0,0,1,1,1,2,0,1,1,0,2,1,0,0,2,0,0,1,1,1,1,1,0,-1,1,-0,1,1,0,-0,-0,0,-0,0,0,1,0,-0,0,0,0,-1,0,0,1,1,1
220310,,0,0,-0,0,0,1,-13,15,1,-0,-0,-0,0,0,0,1,1,0,0,0,0,0,0,1,0,0,1,0,0,0,-0,0,1,2,1,0,1,1,0,0,0,0,1,1,1,0,0,0,0,0,1,0,0,1,0,0,0,0,-0,0,0,0,1,0,0
220316,,0,0,7,-0,-0,1,-6,0,0,2,0,1,0,0,0,0,-1,0,-0,0,0,-0,0,-0,-0,-0,2,1,1,2,0,0,2,1,1,1,1,2,2,-0,1,1,0,0,-0,2,1,-3,0,1,1,0,1,-0,0,0,0,1,0,-1,0,1,-0,0,-1
220318,,0,-0,3,-1,-0,0,-3,1,1,0,0,1,0,-0,0,-1,1,0,0,0,0,1,0,0,0,0,1,2,1,0,1,1,0,0,1,0,0,0,1,1,1,-0,1,0,1,1,0,0,1,0,0,0,1,0,0,-0,0,0,0,0,0,0,0,0,0
220319,,1,0,2,-1,1,0,-0,0,-0,2,0,0,-0,0,-0,-1,1,0,0,0,1,0,1,1,0,1,1,1,1,1,1,0,1,1,1,0,0,1,1,0,0,0,0,1,0,1,0,0,0,0,1,0,0,-0,0,1,0,-0,0,0,0,0,0,0,0
220320,,2,0,1,-0,3,-1,-2,-0,1,0,0,-0,1,-0,-2,-1,0,-0,0,0,0,0,2,1,3,-0,1,1,1,1,0,1,2,2,-0,0,0,1,0,0,3,1,2,0,0,0,0,-0,0,0,0,0,-0,0,1,1,0,0,0,1,0,-0,2,1,1
220323,,0,0,2,-0,0,0,-0,1,1,0,0,1,1,0,0,-1,1,0,0,1,1,0,1,1,1,1,3,1,2,1,1,0,1,1,0,1,1,0,1,1,1,1,1,-0,1,0,1,-0,2,0,1,1,1,0,0,0,1,-0,0,-1,3,1,-0,0,1
220324,,0,0,-0,0,0,1,1,-2,1,-0,1,-0,0,0,0,1,0,1,-0,0,0,0,0,1,0,0,0,0,0,0,1,0,0,1,1,1,0,0,1,0,1,0,0,0,0,2,1,2,0,0,0,0,0,0,1,1,0,0,0,1,0,0,0,1,0
220326,,-0,0,1,2,1,1,-3,0,0,2,1,-0,1,0,-0,-0,0,-0,1,0,1,0,0,1,0,1,2,3,1,1,1,0,2,1,1,0,1,1,1,1,1,-0,2,0,0,1,-0,1,-0,0,1,1,1,-0,-0,0,0,0,-0,0,0,0,0,1,0
220327,,-0,0,0,-1,2,2,-1,0,-0,-1,-0,1,0,-1,0,0,0,1,-0,0,-0,0,0,3,0,1,1,1,3,0,1,0,3,1,0,3,1,0,1,0,0,1,-0,0,0,0,0,0,0,0,1,0,0,1,0,0,-0,0,1,2,0,0,1,0,1
220328,,0,0,5,1,-1,-2,-5,4,0,0,0,-0,1,0,0,0,1,0,1,0,1,0,1,1,1,1,3,2,1,1,3,2,1,0,2,0,1,1,1,0,1,2,0,0,0,1,0,1,0,0,1,1,0,0,0,0,0,0,-0,0,1,1,1,1,0
220329,,,,,,,,,,,,,,,,,,,,,,,,,,,,,,,,,,,,,,,,,,,,,,,,,,1,1,1,0,0,1,0,0,0,0,0,1,0,1,1,1,0
310102,,0,0,-0,0,0,3,-2,0,-0,-0,-0,-0,0,0,0,1,0,0,0,0,2,-1,-0,-0,0,2,1,0,-0,1,0,-1,1,2,0,-2,5,1,1,0,0,-0,1,-0,1,1,0,-1,1,0,1,0,0,0,0,-0,-0,0,0,-9,11,0,0,0,1
310109,,0,0,-0,0,0,2,-0,0,0,-0,1,-0,0,0,0,1,0,-0,0,0,1,1,0,0,0,1,1,0,0,-0,0,0,0,1,1,-1,3,1,1,0,0,0,1,-0,1,0,0,-0,1,0,1,0,0,0,0,-1,0,0,-0,0,0,0,1,0,0
310110,,0,-1,-0,0,0,1,-0,0,-0,-0,-1,-0,0,0,0,1,0,0,0,0,1,0,0,0,0,1,2,0,-0,0,1,0,0,1,1,0,2,1,1,1,0,0,1,-0,1,0,0,-0,1,0,1,0,0,0,0,0,0,0,0,0,0,1,0,0,-0
310111,,-0,1,-0,0,0,2,1,0,-0,-0,1,-0,0,0,0,2,-0,-0,0,0,1,-1,1,-0,0,2,2,0,0,-0,1,0,0,1,1,-0,2,1,0,0,-0,-0,1,1,1,0,0,0,1,0,1,0,0,0,0,0,0,0,0,0,1,1,0,-0,0
310114,,0,0,-0,0,0,2,0,-0,0,-0,-0,-0,0,0,0,1,-1,-0,0,-0,2,0,0,-1,0,1,2,-0,0,0,0,0,0,1,1,-2,4,1,1,1,0,0,0,0,0,0,0,-1,2,0,1,-0,-0,0,0,-0,-1,0,0,0,1,0,1,0,0
310301,,0,1,-0,0,0,2,-0,-2,-0,-0,-0,-0,0,0,0,-1,1,3,1,0,1,-16,-0,-1,1,9,2,0,0,0,0,-5,0,8,1,-7,8,1,1,1,0,0,1,1,1,0,0,0,1,0,1,0,0,0,0,0,-0,0,0,1,0,0,-0,-1,-0
310302,,0,0,-0,0,0,2,-0,-3,-0,-0,-2,-0,0,0,0,1,0,3,1,1,1,1,1,0,1,1,2,0,0,0,1,0,1,1,1,-0,2,1,1,1,0,0,1,1,1,1,0,0,1,0,1,0,0,0,0,0,0,0,0,1,0,0,1,0,1
310306,,0,0,-0,0,0,2,-13,14,1,-0,0,-0,0,0,0,1,1,0,-0,0,-2,0,1,-0,0,0,1,0,0,-0,0,0,0,0,0,0,2,0,0,0,-0,0,1,0,0,-0,0,0,-2,0,1,0,0,0,-0,-0,1,0,0,-0,0,0,1,0,0
310307,,0,0,-0,0,0,2,-1,-4,-1,-0,-4,-0,0,0,0,1,0,5,1,1,2,-0,1,1,0,1,2,0,0,0,1,0,1,1,1,-0,2,1,1,0,0,0,1,1,1,1,0,0,1,0,1,1,0,0,0,1,0,0,0,1,1,0,1,0,0
310310,,0,0,-0,0,0,2,-0,0,1,-0,1,-0,0,0,0,2,-1,0,0,1,1,-10,-0,-1,-0,4,1,0,1,1,2,0,1,2,0,-0,2,0,1,2,1,0,2,1,0,0,0,0,1,0,1,0,1,0,0,0,0,0,-0,-1,2,0,1,1,0
310315,,-0,0,-0,0,0,1,-0,1,0,-0,7,-0,0,0,0,2,0,0,0,0,0,0,0,-0,0,0,1,1,1,0,0,1,0,0,1,0,1,0,1,1,1,0,1,1,1,0,1,0,0,1,1,0,0,0,0,0,1,0,0,0,0,0,0,0,1
310316,,0,0,-0,0,0,2,0,-4,0,-0,-4,-0,0,0,0,1,1,3,1,1,2,-7,-0,-1,0,10,2,-0,1,0,1,0,1,1,1,-6,8,1,1,0,0,0,1,1,1,0,0,0,1,-0,1,0,0,-0,0,0,0,0,0,1,1,0,1,0,0
410107,,0,0,0,0,0,0,0,0,1,0,0,0,0,0,0,0,0,0,0,0,2,0,0,0,0,0,0,0,0,0,0,0,4,0,0,0,0,0,0,0,0,0,0,0,8,0,0,0,0,0,0,0,0,0,0,0,5,0,0,0,0,0,0,0,0
410401,,0,0,-5,0,0,0,0,0,0,0,0,0,0,0,1,0,0,0,0,0,0,0,0,0,0,0,3,0,0,0,0,0,0,0,0,0,0,0,8,0,0,0,0,0,0,0,0,0,0,0,9,0,0,0,0,0,0,0,0,0,0,0,28,0,0
410402,,0,0,-2,0,0,0,0,0,0,0,0,0,0,0,3,0,0,0,0,0,0,0,0,0,0,0,4,0,0,0,0,0,0,0,0,0,0,0,9,0,0,0,0,0,0,0,0,0,0,0,7,0,0,0,0,0,0,0,0,0,0,0,28,0,0
410403,,0,0,1,0,0,0,0,0,0,0,0,0,0,0,2,0,0,0,0,0,0,0,0,0,0,0,4,0,0,0,0,0,0,0,0,0,0,0,5,0,0,0,0,0,0,0,0,0,0,0,9,0,0,0,0,0,0,0,0,0,0,0,10,0,0
410405,,0,0,1,0,0,0,0,0,0,0,0,0,0,0,2,0,0,0,0,0,0,0,0,0,0,0,4,0,0,0,0,0,0,0,0,0,0,0,5,0,0,0,0,0,0,0,0,0,0,0,9,0,0,0,0,0,0,0,0,0,0,0,10,0,0
410508,,0,0,-0,1,-0,0,0,-0,-0,-0,0,-0,0,0,0,0,0,0,0,0,0,0,0,1,0,0,0,0,0,0,0,1,0,0,0,0,-0,0,0,0,0,0,0,0,0,0,0,0,0,0,0,0,0,0,0,0,0,0,0,0,0,0,0,0,0
410509,,0,0,-0,0,0,-0,0,0,-0,-0,0,-0,0,0,0,0,0,0,0,0,0,0,0,0,0,0,0,0,0,0,0,0,0,0,0,0,0,0,0,0,0,0,0,-0,-0,0,0,0,0,0,0,0,0,0,0,0,0,0,0,0,0,0,0,0,0
410517,,-0,0,-0,0,0,0,-0,0,-0,-0,0,0,0,0,0,0,0,0,0,1,0,0,0,0,0,0,0,0,1,0,0,0,0,0,0,0,0,-0,0,0,0,0,0,0,1,-0,0,0,0,-0,0,0,0,0,0,0,0,0,0,0,0,0,0,0,0
410518,,0,0,-0,1,-0,-0,1,-0,0,-0,-0,0,0,0,0,0,0,0,1,0,0,0,0,0,1,0,1,0,0,0,0,1,0,0,0,0,0,0,0,0,0,0,0,0,0,0,0,0,0,1,0,0,0,0,0,0,0,0,0,1,0,0,0,0,-0
410602,,0,-0,1,1,-0,-0,-1,1,-0,0,-0,1,0,0,1,1,-1,-0,0,4,-0,2,1,0,1,1,1,1,-0,1,0,2,1,1,1,-0,1,-1,3,0,1,0,1,-0,0,0,-0,0,0,-1,-0,0,-0,1,1,0,0,0,0,0,-1,0,-0,1,0
410607,,0,0,-0,-1,-0,0,1,-0,1,-0,0,-0,1,0,0,1,2,-3,-0,0,0,1,1,-1,1,1,1,-0,5,0,5,2,0,-2,3,1,3,0,-0,3,-4,-0,2,-1,1,-1,-0,-1,0,0,-1,-0,-0,1,-1,-0,-0,-0,0,0,-4,-1,-0,1,2
410611,,0,0,1,-1,2,-0,-0,1,-0,-0,-1,0,-0,-0,0,0,0,-0,3,-3,0,-4,1,1,3,1,0,-2,-3,-2,0,2,5,2,0,2,0,1,-1,2,-1,-0,1,0,-0,3,0,-1,0,1,0,0,-1,-0,-0,-1,0,0,0,-0,0,1,-1,1,0
410614,,1,-0,1,2,0,-1,-1,-6,-0,1,-1,-3,-2,-0,2,2,1,1,1,-2,1,-1,2,-0,3,1,0,0,-1,-0,-0,4,1,0,1,-2,3,-1,1,0,0,1,1,-1,3,0,0,-2,3,0,-0,0,-0,-1,2,1,0,-1,1,-1,1,-1,-1,0,0
410621,,-1,1,-0,-0,1,0,0,-0,0,-0,-0,-1,0,0,-1,-0,3,0,1,-1,1,1,-2,-1,3,3,1,0,1,1,1,1,1,-0,1,-1,1,2,0,-1,1,0,0,0,-2,2,0,-0,0,0,-1,-1,2,0,0,0,0,0,-0,-0,-2,-0,1,1,0
410625,,-1,1,-1,-0,-3,4,-1,1,-1,2,-0,0,1,0,0,1,1,1,1,-0,3,1,-1,1,2,2,0,0,1,-1,1,2,-1,1,-0,0,-0,2,-0,0,-0,0,0,-1,1,-1,-1,0,0,1,-0,-2,2,2,1,-0,0,0,-0,0,0,-0,-1,1,-2
410631,,0,0,-4,5,-4,-0,2,1,-1,2,1,-2,-1,0,0,-0,-0,0,-1,2,1,1,1,0,-0,-1,3,1,-2,2,2,3,-0,-0,2,-3,-0,-0,-0,0,0,-1,0,2,-1,0,1,0,-0,-1,2,-2,1,-1,-1,-0,-0,0,-1,2,-0,-2,0,2,-1
410632,,0,1,-0,-1,-1,-0,2,1,-0,-0,1,-1,0,0,0,-0,1,1,0,0,-0,1,1,2,-0,-0,0,0,-2,-1,-0,-0,0,-1,0,-1,0,-0,0,1,-1,1,-0,-0,-0,-0,-0,1,0,0,0,0,-0,0,-0,1,1,1,2,0,0,1,0,-0,-0
410633,,0,0,-0,3,-3,-0,-1,-1,3,-1,2,1,4,0,4,6,7,9,8,4,8,3,-0,1,-2,2,1,0,0,1,-1,0,-3,0,1,0,-0,0,-1,0,-2,-0,-2,-1,-4,-1,0,-1,0,-2,2,-2,0,0,-0,-1,0,-2,0,-1,1,-4,3,0,-2
410637,,-1,2,0,0,-2,-2,3,0,-4,0,2,1,2,1,-0,-0,1,-0,1,1,0,0,3,-1,4,2,2,4,1,0,7,10,5,3,-0,-0,-1,1,1,-1,1,0,0,1,-1,1,-2,0,-0,1,2,-6,-2,-1,-1,-1,-2,-1,4,-3,1,-0,-1,-0,1
410638,,0,0,0,-1,2,-0,-1,0,-0,-0,0,1,0,1,0,1,3,0,1,0,1,1,-0,-0,2,1,0,4,0,1,0,5,0,1,1,1,0,0,1,-1,-1,1,1,-0,0,0,-1,2,0,0,-0,1,-0,-0,1,0,-0,1,-0,0,0,-0,-0,1,0
410639,,2,-0,-1,1,2,-3,-0,2,-2,1,1,0,-2,3,-4,4,1,-0,-2,3,1,-2,3,1,1,4,-1,3,1,2,-3,3,-0,2,3,1,-4,5,-3,5,-4,5,-3,4,-4,3,1,-0,-2,3,-2,-2,3,1,-2,2,-2,2,2,-1,-5,6,-5,5,0
410640,,,,,,,,,,,,,,,,,,,,,,,,,,,,,,,,,,,,,,,,,,,,,,,,,,,,,,,,,,,,,,3,-3,-4,7,-1
420103,,1,-0,-0,-0,-0,1,-2,2,0,0,-0,0,0,0,1,0,1,-0,-1,1,1,0,2,0,2,4,2,3,5,4,2,2,5,-0,-0,1,1,-2,-0,-0,-0,-0,0,-0,-2,-1,0,-1,0,0,1,-0,-0,-0,-0,0,-0,-1,-0,-0,0,-0,0,-0,-0
420201,,0,0,0,0,0,-0,0,0,-3,0,0,0,0,0,9,0,0,0,0,0,9,0,0,0,0,0,41,0,0,0,0,0,17,-0,0,1,0,0,-1,0,0,-9,0,0,-7,0,0,4,0,0,-10,0,0,-7,0,0,8,0,0,1,0,0,4,0,0
420202,,,,,,,,,,,,,,,,,,,,,,,,,,,,,,,,,,,,,,,,,,,,,,,,,,,,,,,,,,,,,,-0,-0,-0,-0,-0
420301,,0,0,-4,0,0,0,0,0,-13,0,0,0,0,0,9,0,0,0,0,0,18,0,0,0,0,0,69,0,0,0,0,0,38,0,0,0,0,0,-1,0,0,-26,0,0,-7,0,0,7,0,0,-16,0,0,-8,0,0,12,0,0,1,0,0,9,0,0
420302,,,,,,,,,,,,,,,,,,,,,,,,,,,,,,,,,,,,,,,,,,,,,,,,,,,,,,,,,,,,,,0,0,0,0,0
420404,,0,0,-0,1,0,-0,0,0,0,0,0,0,0,0,7,0,0,1,0,0,0,0,0,3,0,0,1,0,0,6,0,0,5,0,0,1,0,0,0,0,0,0,0,0,1,0,0,2,0,0,1,0,0,1,0,0,1,0,0,-1,0,0,2,0,0
420405,,-11,-18,-22,-6,17,1,-0,-4,4,-5,18,8,8,3,-4,5,3,0,-1,5,19,4,-3,4,12,44,-4,9,6,-6,-14,14,-0,-4,-9,-1,-5,-7,-10,-9,-5,7,18,8,2,-6,-5,-3,5,-6,1,-6,-5,6,-7,-4,3,-3,2,8,-0,-8,-8,-5,-2
430101,,2,1,-1,-0,3,0,1,-1,-1,1,5,-4,5,2,-2,3,2,-3,2,6,-4,4,4,-5,2,5,-1,1,3,-4,2,3,-0,4,4,-6,1,5,-3,-0,1,-4,2,2,-3,3,-0,-4,0,3,-2,1,1,-2,1,-2,2,0,3,-5,2,1,-2,2,1
430104,,2,-2,2,-1,0,0,-0,1,-1,1,1,-3,0,3,-1,1,2,-2,1,4,-2,2,2,-2,2,4,-1,1,3,-3,1,3,-3,1,6,-3,1,2,-1,1,2,-4,0,5,-3,1,3,-5,3,0,-1,3,-1,-3,3,-0,-0,1,1,-5,2,3,-2,3,0
430119,,1,1,1,-1,-1,-0,0,-0,1,1,1,0,-0,1,0,2,1,1,1,-1,4,0,1,5,3,0,1,-0,2,1,1,1,3,-0,2,9,-1,-0,1,-1,-1,1,-1,-1,-1,-1,0,2,-0,-2,2,1,-0,0,1,4,-0,-5,6,1,-1,1,1,0,-1
430120,,3,1,-2,-7,10,-2,2,3,-2,-0,3,-2,0,2,1,0,2,-2,2,6,-3,2,3,-3,3,3,-2,1,6,-1,2,2,-2,1,3,-5,2,3,-2,-0,1,-3,1,3,-3,1,4,-8,2,1,-2,-0,2,-6,3,1,-0,0,2,-7,6,1,-3,3,0
430127,,1,1,-3,-0,5,0,1,-1,-2,1,3,-2,4,1,-2,3,3,-3,2,3,-3,3,3,-4,2,4,-0,2,2,-3,1,3,-0,2,2,-3,1,2,-1,-1,2,-4,2,2,-4,2,0,-5,-0,3,-2,1,1,-3,2,1,-1,-1,2,-3,1,1,-1,1,1
430132,,5,1,-5,5,-0,-1,1,2,-1,-2,5,-7,6,-0,2,2,1,-3,0,7,-1,-0,2,-3,3,2,-0,3,2,-4,3,3,-1,1,3,-4,3,2,-1,2,1,-4,3,-1,-2,1,3,-5,4,1,-2,0,3,-6,4,2,-1,0,2,-8,1,2,-4,6,2
430133,,2,1,-2,-1,1,-3,3,1,-1,-2,5,-3,0,2,-0,1,3,-1,1,6,-2,1,3,-4,5,3,-3,1,2,-2,2,3,-1,1,2,-4,2,2,-2,1,1,-3,1,1,-4,2,-0,-5,1,2,-2,1,1,-2,3,2,-2,1,1,-5,3,1,-4,3,1
430134,,2,-1,-2,-0,-1,1,0,2,-0,2,1,-3,2,0,-1,2,-0,1,0,2,0,-0,3,-1,7,2,-1,-0,0,-2,1,1,0,-1,5,-3,1,0,1,-3,1,-3,4,1,-2,2,1,-2,-0,1,-0,-1,1,-2,-1,-0,1,-1,-1,-2,1,1,-1,2,0
430136,,4,0,0,4,-3,5,-16,2,-1,1,4,-3,3,1,-1,4,-3,-4,1,5,-1,1,4,-2,3,4,19,-2,-3,-7,-3,3,-1,1,3,-3,2,3,13,-2,-4,-10,3,2,-2,1,2,-5,2,2,-13,-1,-1,-9,9,2,-1,0,3,-5,2,2,-3,1,-3
430137,,5,-1,2,1,-0,-5,0,5,-3,0,6,-6,3,0,-0,3,4,-4,3,7,-3,1,10,-6,1,6,-2,1,4,-4,1,3,-3,1,4,-6,2,3,-2,2,2,-6,-1,2,-1,2,4,-9,2,3,-5,2,4,-6,2,4,-3,1,3,-7,3,3,-6,3,3
430138,,4,0,-2,6,-3,-2,-1,2,-0,0,2,-2,2,3,-2,1,1,-1,1,2,-4,4,1,3,1,2,-1,2,-1,-2,2,3,-0,3,0,-2,1,1,0,0,2,-3,-1,2,-4,3,1,-5,-0,2,-2,-1,1,-6,5,3,-2,-1,2,-11,11,1,-3,3,1
430139,,0,1,-1,1,-1,-0,2,-2,0,2,1,-1,-1,-1,1,1,2,-2,3,-3,6,0,1,8,3,1,-0,1,4,1,2,1,1,-0,2,9,-0,-1,1,-1,-1,1,-1,-1,0,-0,-1,1,1,0,-1,2,0,-1,2,1,-1,-0,1,-1,0,0,-1,2,-0
430141,,3,2,-1,3,4,-2,2,1,-0,-1,2,-2,1,1,-0,2,3,-1,0,0,1,2,4,-4,3,4,-1,-0,4,-2,2,1,1,0,1,-3,1,2,-1,3,-1,-2,-1,3,-2,1,1,-7,-2,2,2,-0,1,-4,1,2,-1,1,1,-4,3,2,-2,1,0
430142,,-1,2,7,-2,-2,-1,0,2,-3,-1,1,-3,1,-1,1,-1,1,-2,1,7,2,-0,3,4,-0,-0,-0,4,0,-3,3,-1,0,-1,0,-1,-0,0,1,3,-2,-3,2,-2,-2,-4,1,-1,3,-3,3,0,-2,-2,4,-2,-1,-2,4,-5,2,-3,-1,1,-1
430143,,5,0,-3,4,4,-6,1,1,-3,2,5,-5,2,2,-0,-0,2,-1,1,4,-1,2,4,-4,3,3,-1,1,3,-3,3,2,-0,1,3,-5,3,3,-2,0,1,-3,1,2,-1,0,1,-6,2,2,-3,1,0,-5,2,2,-1,0,3,-5,3,2,-3,3,1
430144,,,,,,,,,,,,,,,,,,,,,,,,,,2,2,2,2,2,-5,3,3,-0,1,3,-4,3,3,-3,1,-0,-3,1,2,-2,0,2,-6,3,2,-2,1,1,-2,0,1,1,1,2,-5,2,1,-3,4,-1
430211,,5,-1,-1,5,-3,1,-1,1,-1,2,-3,-1,4,-1,-0,0,-2,3,2,2,2,-1,1,-2,2,-0,-2,3,2,-1,-0,1,2,2,1,-4,4,1,-0,-0,-1,-0,1,-1,-0,0,-0,-4,2,1,-2,-0,-1,1,1,-0,2,-1,1,-3,3,0,-1,2,-1
430216,,2,-1,-4,7,-2,-1,2,-2,-0,1,-2,-3,3,0,0,1,-0,-3,2,1,2,0,0,-4,6,0,1,1,-1,-0,1,1,2,1,1,-4,3,-1,1,-1,-0,0,-0,1,3,0,0,-4,3,-1,0,1,-3,1,0,0,2,1,1,-3,1,-1,0,1,-2
430224,,3,-0,-8,4,1,1,4,-4,-0,4,-3,2,2,-1,-0,-1,2,-2,2,0,1,1,-0,-4,5,2,-1,0,0,1,2,-2,1,3,-0,-3,3,-2,1,1,-1,2,0,0,-1,1,-1,-1,2,0,-1,1,-3,2,1,-3,2,1,1,-2,3,-1,-1,-0,-2
430228,,5,-2,-12,3,3,4,3,-1,1,-1,0,-5,4,1,-1,1,1,-3,2,-1,3,-1,1,-5,5,3,-1,0,0,2,3,0,1,2,1,-4,4,1,1,-2,-2,2,0,-1,2,3,-2,-4,6,-1,-0,1,-2,-3,3,-1,1,2,-1,-5,6,-2,-1,3,-4
430229,,2,-0,0,-1,3,1,-3,3,-3,-1,3,-1,-1,2,1,-1,2,-2,-3,3,1,1,0,0,1,0,-1,-1,0,0,-0,1,-0,1,-2,1,-0,0,1,-0,1,-0,-0,-2,-5,7,1,-0,1,-1,-1,-0,-1,0,0,-1,3,-1,1,-1,1,0,-2,2,-1
430233,,-0,1,4,0,-3,0,-1,3,-1,3,1,-1,4,0,-3,5,2,2,-2,3,-3,2,1,3,2,-5,4,-2,5,-3,3,-1,-1,3,2,3,2,-3,-2,3,1,-4,1,2,-2,2,2,-4,4,1,-3,3,-0,-1,-1,-2,1,0,0,-1,0,1,0,1,1
430234,,-2,1,-1,2,2,-4,2,-1,0,0,3,2,1,2,-2,1,2,-2,2,1,-3,1,2,-1,2,3,-0,-1,4,-3,2,1,-2,3,-1,4,1,-1,-2,4,-1,-1,1,2,-2,1,-1,-0,1,2,-1,-1,1,1,0,0,-0,0,0,0,0,0,0,-0,1
430235,,1,0,-1,2,-0,-2,-1,2,-1,-1,2,-1,1,-0,1,-1,1,-1,1,1,-0,0,1,-3,2,1,-3,2,-1,-1,2,2,1,0,4,-0,1,1,-3,3,2,1,-2,4,-2,-1,4,-8,6,-1,-3,-2,1,-2,2,-0,-2,1,-1,0,2,0,-2,1,-0
430236,,3,1,-2,0,-4,-1,4,5,-1,-0,-2,-2,1,-1,0,1,1,-3,2,2,1,-3,-1,3,4,7,-11,6,-2,-7,5,-6,12,1,-0,-9,9,1,1,1,-2,-3,5,1,6,-3,4,-4,2,-2,-0,1,2,-2,1,1,2,-2,3,-5,7,0,-3,2,-0
430237,,,,,,,,,,,,,,7,4,-4,1,5,2,-0,0,1,4,1,-4,8,2,-5,7,-2,3,-1,-1,4,-1,6,-3,-1,3,0,-2,2,0,-3,-0,1,-3,1,-1,1,1,-2,1,-0,1,-1,2,-1,-1,0,-1,-1,1,-2,-0,0
430238,,,,,,,,,,,,,,,,,,,,,,,,,,,,,,,,,,,,,,,,,,,,,,,,,,,,,,,,,,,,,,2,0,-2,2,0
430304,,5,-2,0,-1,2,1,-1,-0,-2,3,0,-2,-1,1,4,1,-0,-1,1,-1,2,1,1,-1,7,-2,-1,4,-0,-1,2,-1,3,-1,1,-4,7,2,-2,4,-0,-1,4,-4,3,-4,4,-3,-1,1,0,-3,4,-2,1,-1,-0,-6,9,-4,1,1,-3,3,-5
430307,,0,0,-1,-4,-5,5,3,4,2,-3,-8,10,-3,5,-5,4,2,-4,3,-4,14,-10,6,2,3,-3,-2,8,-5,-4,4,0,-1,-0,-5,2,6,2,-0,1,-1,-2,2,-3,1,-3,3,0,6,-6,5,-6,5,-7,-1,3,-0,-0,1,-4,2,-1,1,-2,5
430317,,3,-0,-0,4,5,-2,-4,-0,-3,3,-7,1,-0,-0,1,2,-5,7,4,0,3,0,7,-2,1,-1,0,-2,2,0,3,-2,-0,2,0,-2,4,1,5,-3,2,-3,-1,0,0,1,1,2,-6,-2,1,-2,-1,1,-5,4,-6,3,-1,3,-1,-0,-4,4,-4
430321,,-0,-3,7,2,-5,6,3,-4,12,-15,-4,8,-4,7,2,-0,-5,-3,2,-8,14,-13,-3,13,-2,-2,2,2,-5,1,14,-2,7,3,-23,29,-4,2,-0,11,-20,-1,-5,22,10,-2,-17,10,5,-11,16,-16,10,-2,-1,5,0,-7,8,-6,-7,6,-6,8,-9
430323,,3,6,5,4,-4,-3,0,1,0,3,-3,-2,-0,-4,3,6,-2,1,-1,-6,4,4,1,1,1,1,-3,-4,-0,2,2,1,-1,0,5,-2,2,-6,9,1,-3,-3,7,-1,1,1,-4,6,-3,-3,2,-3,-1,-4,6,-1,-0,-5,8,-3,1,3,-2,2,-1
430351,,8,2,6,-3,0,-4,-0,-3,4,0,-8,4,9,3,-9,1,5,-2,3,-3,4,1,-7,9,-5,7,2,-4,2,7,-2,-4,13,-3,-8,8,5,-6,4,-1,-2,-3,-4,3,2,-8,0,4,5,-5,6,-0,-9,11,-4,6,-2,-5,0,2,2,2,-1,2,-4
430355,,-1,-0,-1,2,1,-1,4,2,-4,1,1,-1,3,-1,-2,-3,7,0,3,-2,-1,-2,2,1,1,6,-5,-4,1,-1,3,1,0,-1,-2,3,1,-1,-1,4,-3,-3,-4,-5,6,-4,7,-10,7,-3,2,-1,-4,2,-1,3,-2,-8,12,-8,10,-2,-10,10,-3
430356,,0,3,-2,2,-1,2,-3,4,-3,-4,3,4,-0,2,2,-0,0,4,-2,2,-3,-1,-2,3,3,0,-2,1,4,-0,-1,3,-0,-1,3,-2,3,2,-2,1,-1,2,-2,-2,2,-9,10,-3,2,1,-4,-1,2,-2,-1,-1,1,-1,3,-1,1,2,-4,0,1
430357,,-2,-3,-6,-1,4,-0,-0,-1,1,-8,-2,4,-3,2,-3,6,-3,0,-1,-3,-1,-4,-2,2,-3,1,-2,-4,-2,-0,-0,-1,4,-4,1,1,-3,2,3,-2,-2,-5,4,-9,-2,-5,-3,-0,-4,-0,-3,-1,-3,-4,3,-2,-1,-2,4,-4,-0,-2,-2,-2,1
430358,,-3,-2,-0,-0,-0,1,0,1,12,-8,-7,4,2,-2,-2,3,0,0,2,-2,7,9,3,-1,-8,13,-1,0,-0,-0,2,1,-2,-8,6,-2,4,-1,-0,2,-2,-1,-1,-2,2,-4,-1,-1,-14,-0,1,-4,-0,-1,-1,1,18,2,4,-1,-9,-1,-4,2,1
430359,,2,0,-3,2,-1,-1,-5,11,-0,-2,-1,2,3,1,3,10,-3,1,-0,-2,3,-1,2,-0,3,1,1,5,-2,4,1,12,2,-2,-1,1,4,0,4,10,1,-3,-9,-5,2,-4,3,-2,3,-3,21,-11,1,-9,-8,-5,-1,-3,4,-2,-1,1,-4,-12,-4
430361,,3,1,1,1,-4,1,-1,-1,-2,1,8,-6,4,1,-3,3,1,2,-0,0,-2,1,5,-5,6,-1,0,3,-0,-0,-2,4,-0,-0,0,-2,4,0,-1,4,-5,-0,-2,-0,2,-6,8,-4,2,-3,3,-3,2,-0,2,3,-2,-1,1,-1,-2,-1,1,-1,1
430362,,0,2,-1,-1,0,1,0,5,-1,-1,-1,-2,4,3,-4,2,1,-0,5,-0,3,-2,3,-3,4,-1,1,1,2,0,4,2,1,-4,2,2,5,1,-6,1,0,-1,1,0,3,-2,2,-2,1,-2,3,-3,-1,0,-0,0,-0,-5,7,1,-6,5,-8,2,6
430363,,-2,11,-5,0,3,1,1,-2,2,5,-9,1,3,-2,8,-8,7,-7,3,-5,14,2,-5,6,-4,5,2,-2,9,-12,3,-2,1,5,-13,9,6,-3,18,-6,-6,6,2,-9,0,6,6,-2,4,-7,5,-2,2,-5,1,-5,-3,-3,-12,24,-18,11,-8,8,-5
430364,,,,,,,,,,,,,,,,,,,,,,,,,,,,,,,,,,,,,,-4,6,-4,3,-3,6,-3,9,-4,-18,13,3,9,4,-6,3,2,6,-7,4,-5,-1,-6,9,0,-7,-12,16,1
430365,,,,,,,,,,,,,,,,,,,,,,,,,,,,,,,,,,,,,,,,,,,,,,,,,,13,-10,-5,1,0,5,-12,8,-6,-5,4,-1,-4,3,-3,3,-5
430407,,5,-2,-1,1,-4,2,4,-5,-1,0,2,-4,0,2,2,-3,1,1,2,-5,9,1,-0,9,1,1,1,1,2,1,-1,1,-1,0,-0,-2,2,-1,-3,0,-1,-3,3,-1,3,-2,4,-4,-0,3,-0,-1,-0,-2,2,-1,2,1,-1,0,-1,-0,1,2,-3
430409,,1,1,-0,-2,0,-2,4,-7,4,-6,-6,-1,2,2,1,2,0,0,1,-2,1,-0,3,7,2,1,-0,-0,-1,-0,0,4,-1,0,0,-2,1,-0,3,0,-0,4,-2,-1,2,2,-1,-2,2,-1,-0,-1,0,1,0,-3,3,0,-1,0,-1,-3,-1,1,2
430413,,0,-0,-3,0,3,1,0,-1,1,-0,-1,-0,-0,1,1,0,0,1,-1,1,1,2,-0,0,1,1,2,1,1,2,-0,3,1,1,1,0,-0,0,1,0,-0,0,0,-0,0,-0,-0,1,0,1,0,1,-0,1,-0,-0,0,0,0,-1,-0,1,-0,-1,0
430414,,2,-1,-1,2,-1,-1,3,-1,-1,2,-1,-1,1,2,-0,1,1,-0,1,0,-0,1,0,1,2,2,-2,4,-2,1,6,-2,3,-3,3,-2,5,2,-3,2,0,1,0,-0,2,-4,4,-5,3,0,1,-2,-1,-2,3,1,1,-5,3,0,2,0,-4,2,4
430418,,3,1,-3,3,2,1,-0,-9,8,1,-6,-3,5,6,1,-1,6,-4,2,-1,6,1,3,-1,1,1,1,0,-1,1,2,-4,5,1,-1,-4,0,2,-1,2,-3,1,1,2,-1,-3,2,-1,-2,1,-1,0,-1,0,0,-1,1,-0,0,-2,2,-0,-1,1,-2
430419,,1,1,-1,2,2,-1,-1,-2,1,-1,2,-2,1,-3,1,-2,0,-2,3,-1,1,3,2,-1,2,0,3,-0,-0,2,1,-2,3,1,-1,1,0,-1,-1,1,0,3,-2,-5,5,-1,1,-3,1,1,0,-1,-1,2,-1,-3,2,2,-1,-2,1,-0,-4,3,1
430422,,0,1,-5,0,-0,3,1,-1,1,2,-3,-2,1,0,-2,1,-1,1,0,1,1,2,-1,4,3,1,-1,0,0,2,-2,3,3,-0,-1,0,4,-2,2,1,-2,-1,-1,1,2,-0,1,-2,-1,-1,0,-1,1,0,-2,1,-1,2,-1,2,-1,2,-1,-0,1
430423,,6,1,-3,2,4,1,-4,-4,1,1,2,-8,6,2,-4,-1,1,2,-2,-3,4,5,-1,1,2,4,-1,3,1,-1,1,-1,-2,1,5,-2,-1,3,-2,0,-0,1,5,-8,7,-4,2,-7,1,3,1,-1,1,-4,1,-1,3,0,-1,-2,3,1,-1,-1,-1
430425,,1,1,-6,2,4,2,-1,-1,1,1,-1,1,1,-1,-5,4,1,-1,0,-0,-2,5,3,-1,3,-1,-0,4,-0,1,1,0,1,-2,-2,-3,3,1,1,1,-1,1,-2,-1,4,-2,-2,-1,3,-0,-1,2,-0,-0,1,-3,3,1,-3,2,1,-3,0,4,-2
430503,,2,1,-2,3,-1,-5,-7,2,8,2,1,-7,5,-0,-5,4,6,-0,-6,-2,9,0,0,-4,7,-0,0,0,2,-4,-3,1,-0,3,4,-3,5,7,-4,2,3,-4,-6,3,4,1,-2,-0,1,1,-1,1,-0,-0,-7,4,5,1,-0,-2,3,1,-2,1,-0
430505,,-1,0,3,-0,1,1,-4,-2,1,-5,1,3,1,-0,-1,1,-0,-0,-0,2,-0,0,1,2,1,5,3,4,3,1,3,1,3,1,2,-1,-0,-1,-2,2,1,-3,-2,-0,-1,0,-3,1,-1,-0,0,-0,-0,-0,0,1,-1,0,-1,0,2,-1,0,-0,-1
430507,,2,0,-3,-0,0,0,0,-4,-2,2,-6,-0,-0,3,-0,-3,1,1,0,1,-3,3,0,4,1,3,0,2,1,1,5,-0,-1,2,-3,2,0,6,3,1,0,-2,-0,-0,-0,2,-1,-0,-1,0,-0,-0,1,-1,1,1,-1,1,-0,0,-2,-0,0,-0,1
430509,,-0,0,0,2,-0,-0,-1,-1,4,-5,-4,-0,2,-4,3,-1,3,-4,3,-4,-0,4,-1,2,0,1,12,0,-3,3,2,5,3,1,2,-5,4,6,0,4,0,-1,-0,-0,-1,-7,8,-6,6,-3,2,1,0,-1,-2,-0,1,-1,1,-6,5,-0,0,-2,-0
430524,,-1,-5,-1,-1,-2,-3,1,-5,-6,-2,4,-3,1,-0,-0,-0,3,-1,0,-0,-0,1,1,2,-3,3,-3,2,0,2,-8,-1,1,4,1,2,-5,3,-6,-1,3,1,0,-2,1,-2,3,-2,4,-1,0,-0,0,-3,2,-1,1,2,1,-1,-3,3,-0,2,0
430525,,-0,2,-1,0,-0,-1,-4,2,2,-10,0,5,-1,2,0,6,0,0,0,1,0,-2,1,1,2,0,0,1,1,2,-2,-0,4,0,2,1,0,-0,-1,1,0,-2,-1,2,-0,-1,2,-0,-1,1,2,-1,-1,-2,-0,2,1,-1,1,0,0,1,1,1,0
430526,,-0,0,6,-1,-7,7,-3,-1,0,-0,2,-0,2,-0,-0,-1,-0,-0,-0,1,1,-0,1,1,0,0,-0,1,1,0,-0,1,0,1,-1,0,0,1,-0,-0,0,-0,-0,0,1,1,-0,-0,-0,-0,0,-0,0,0,1,-0,0,0,0,-0,0,0,-1,0,0
430527,,1,0,-1,1,0,-1,-1,-0,1,0,0,-1,1,0,0,0,1,-0,-0,-1,1,1,1,-1,4,2,5,6,4,1,5,2,3,2,-1,0,1,0,-0,1,-0,1,-1,-1,-0,-1,-0,-1,1,1,1,2,2,2,-3,2,-1,2,-0,1,1,-0,0,-4,0
430529,,4,-5,-1,-1,0,0,0,-3,0,-1,-0,1,-0,-0,0,0,-0,0,1,1,0,1,2,1,2,1,1,-2,-0,2,2,1,7,1,-0,2,0,5,3,2,-0,1,1,-1,-1,0,-1,-3,4,-0,-2,-1,1,1,-1,2,-0,-1,-0,-2,5,-4,-1,1,-0
430530,,0,-0,1,-0,4,-1,-0,1,1,-2,1,0,-1,1,-0,4,-0,1,-2,1,2,-2,-1,3,0,2,0,1,-1,1,-0,-0,3,4,0,-2,1,-0,1,0,2,1,-3,3,1,-0,0,0,-4,1,0,3,3,-0,-2,-2,-0,1,-0,1,1,0,-0,1,-1
430531,,-1,-2,-3,2,1,-5,8,-5,5,4,-6,4,-2,6,-2,-4,6,-5,2,1,2,-4,3,-0,4,-2,3,-4,5,5,-1,-2,0,-1,3,-5,6,-0,4,0,7,-2,1,-1,5,-5,3,-1,-0,1,-7,10,0,-2,-3,-2,5,-1,1,-6,4,-0,2,-3,3
430533,,1,-1,4,0,-5,-4,3,2,4,-2,2,1,2,-1,-1,1,0,2,1,1,-3,2,-1,1,-1,3,1,11,1,4,-0,5,2,4,0,-2,3,2,0,-0,2,-1,-3,-0,0,-2,1,-1,-0,1,-2,1,-4,4,1,-2,1,2,0,-2,2,-2,-2,2,2
430535,,2,-0,-0,-0,-0,0,1,0,-1,-1,-0,1,0,0,-0,-3,-0,0,1,-0,-0,0,0,-1,-0,1,1,0,-0,0,1,0,-0,-0,1,-1,1,-1,1,-1,0,1,-1,1,1,-2,0,0,1,-0,1,1,3,-1,1,0,-1,0,0,-0,1,0,1,1,0
430536,,1,0,5,0,-1,-7,5,-2,2,-3,-2,3,-3,0,2,1,0,-2,2,-0,0,-0,1,0,2,2,1,3,2,3,3,3,2,-0,1,-1,2,-2,-1,1,-1,1,-2,-0,1,-1,-2,-0,-2,0,-1,-0,-1,1,-1,-1,3,-4,3,-3,3,-2,2,-1,-0
430538,,6,-2,-2,4,4,-6,3,-1,-6,-1,-2,8,-5,-0,1,3,-1,-2,-6,5,-5,-1,7,-6,11,-8,7,-2,-1,3,-2,8,-2,-1,-2,10,-7,6,-1,3,2,3,3,-3,0,1,4,-3,-0,1,-0,1,-4,3,2,-4,0,1,1,-3,5,-3,4,-6,3
430539,,-3,4,-2,-0,-1,-4,7,-2,-2,-3,-3,2,-1,-3,0,-3,-4,0,3,0,3,0,0,1,-0,3,-1,3,-0,2,1,-0,1,0,-0,-0,1,3,2,-0,-0,-0,0,0,2,0,-0,0,2,-1,-1,1,-1,-0,-0,-5,-0,4,-1,0,1,0,1,2,1
430540,,1,5,-5,3,2,4,-7,-1,-1,5,5,-6,3,-2,0,-1,4,-1,-0,7,-6,6,-1,0,3,5,3,-1,-1,3,5,-4,5,4,2,-4,4,-1,-1,5,1,1,0,-2,-1,1,0,-3,4,-1,-4,7,-2,2,1,-3,1,1,1,-3,1,-4,7,-5,7
430541,,,,,,,,,,,,,,4,-2,-1,-2,4,-6,5,-1,1,0,-1,2,1,0,-1,5,4,-5,4,6,-0,2,-0,1,-3,3,-2,2,0,-4,5,-2,-1,-1,4,-5,-6,8,-2,1,-4,-2,1,-2,-8,8,-1,3,-10,9,-6,9,2
430542,,,,,,,,,,,,,,,,,,,,,,,,,,1,-1,5,-2,0,1,2,-2,0,-2,6,3,4,3,-1,1,-1,4,-2,-6,5,0,-2,-2,2,-1,1,1,-4,4,-1,-2,5,-4,4,-1,5,-3,2,-5,5
430543,,,,,,,,,,,,,,,,,,,,,,,,,,-0,1,1,1,2,1,-0,1,2,5,0,1,1,1,-0,0,-1,-1,-0,-0,0,-2,-0,-0,0,-1,1,0,-0,-0,1,0,-1,0,-0,-0,-4,1,0,-0,-1
430613,,0,0,-8,0,2,0,1,-0,0,-1,0,-0,0,0,-0,0,0,0,3,-1,1,1,1,2,11,1,2,1,4,5,3,2,2,-0,-0,2,5,2,4,-0,1,-0,-0,0,0,1,-1,2,0,1,-0,-5,1,-0,-2,-2,-0,1,0,1,0,-2,1,0,4
430617,,-1,-0,12,0,-8,-0,-2,-0,3,-0,1,1,-1,1,-2,2,-2,-1,3,-3,2,0,0,1,0,1,0,1,-0,-1,4,-2,0,1,-0,-1,0,2,-1,-0,-1,1,1,0,0,-1,1,-4,-2,1,6,-17,26,10,0,-1,1,-1,1,-11,9,1,-1,1,-0
430621,,1,0,-0,0,-0,0,0,1,0,-0,1,1,1,-0,1,0,0,0,1,-0,1,1,1,1,0,1,1,1,1,2,1,1,1,1,1,0,1,1,1,2,2,1,1,2,1,1,1,0,0,0,1,1,1,1,0,1,1,1,0,0,0,0,1,1,1
430622,,1,0,0,0,-0,0,0,0,0,0,0,0,0,0,0,1,0,0,0,0,-0,-0,0,0,1,1,2,1,0,1,0,2,1,1,1,0,1,1,1,1,1,1,0,1,0,1,1,1,1,1,1,1,1,0,0,1,0,1,0,0,0,1,1,1,0
430623,,0,0,-4,3,2,0,1,0,-0,2,1,-3,0,1,-0,-3,0,0,-0,0,0,1,-0,-0,0,-0,1,0,0,0,-0,0,-0,0,0,0,-0,-0,8,0,-0,0,-0,0,0,-0,0,0,-0,2,-5,-0,-0,-0,-0,0,8,0,0,1,0,-0,0,-0,0
430624,,1,1,1,-0,-3,1,-1,-0,0,1,-1,1,-1,2,0,2,0,1,3,-3,3,0,3,-1,3,-0,-2,3,-1,7,2,-1,0,3,-2,1,4,4,-1,1,-1,1,1,-3,1,-3,3,-0,1,-2,-1,0,1,0,1,-4,-1,5,-2,3,-3,1,1,1,3
430626,,-1,1,1,-1,-4,-4,3,0,-1,-1,-1,1,-0,0,-0,4,-2,-1,-1,-0,1,2,-2,-1,-0,1,0,1,0,2,5,5,-0,1,3,1,-1,0,-1,2,-2,2,-2,1,1,1,-0,-4,1,1,-4,-1,1,-0,-3,1,-0,-1,1,0,-2,-0,-1,-2,0
430627,,,,,,,,,,,,,,,,,,,,,,,,,,-2,-1,3,-2,5,-3,-1,2,2,-0,1,1,0,-2,2,-1,-1,-1,0,1,-2,0,3,-2,2,1,-8,2,5,0,1,-2,0,-4,7,-2,0,-2,-1,2,0
430628,,,,,,,,,,,,,,,,,,,,,,,,,,,,,,,,,,,,,,,,,,,,,,,,,,-4,-0,-2,-0,-0,0,1,-1,-1,1,2,0,-3,0,0,1,1
440101,,0,0,0,0,0,0,0,0,-0,1,-0,-1,0,0,0,0,0,0,0,0,0,1,0,0,1,0,1,0,0,1,0,1,0,0,1,0,0,-0,1,1,0,1,1,0,0,0,0,0,1,0,1,-0,1,0,1,1,0,0,0,0,0,-0,0,1,1
440104,,0,0,1,-2,1,1,-0,0,0,-0,0,-0,0,0,0,0,0,1,0,1,0,1,1,1,1,1,2,1,1,0,0,1,1,1,1,0,1,1,1,0,0,0,1,0,0,0,0,0,1,0,1,1,1,0,0,0,0,0,0,0,0,0,1,1,1
440105,,0,0,0,0,0,0,0,1,1,0,0,-0,0,0,0,1,0,0,1,1,1,0,0,1,1,0,1,2,1,1,1,1,1,0,0,0,1,0,1,1,1,0,0,0,0,0,1,1,1,1,0,0,0,0,1,0,0,0,0,0,0,0,0,0,0
440112,,0,0,0,0,0,3,0,0,1,0,0,1,0,0,0,0,0,1,0,0,0,0,0,9,0,0,0,0,0,1,0,0,0,0,0,0,0,0,0,0,0,0,0,0,-0,0,0,0,0,0,0,0,0,1,0,0,0,0,0,0,0,0,0,0,0
440113,,0,0,0,0,0,0,1,0,0,-0,1,0,1,-0,0,1,0,-0,-0,-0,0,0,0,2,0,1,0,1,0,1,1,0,0,0,0,1,0,-0,1,-0,0,0,1,0,0,0,0,0,0,1,0,0,-0,0,1,1,1,1,1,1,1,0,0,0,0
440116,,-0,-0,-0,0,1,0,0,0,0,0,0,0,0,0,1,0,0,0,0,0,-0,0,0,0,0,1,0,1,0,-0,1,0,0,0,0,0,0,0,0,0,1,0,0,1,0,0,-0,0,1,0,0,-0,0,0,0,0,0,-0,0,0,0,1,0,0,0
440118,,0,0,0,0,-0,0,0,-0,1,-0,0,0,0,-0,0,-0,0,0,0,0,0,0,0,0,0,0,0,-0,0,0,0,0,0,0,0,0,0,0,0,0,0,0,0,2,6,1,0,0,0,0,-0,0,0,-0,0,0,-13,0,-0,0,0,1,0,0,0
440120,,0,0,-0,0,-0,0,0,0,0,0,0,0,0,0,0,0,0,0,0,0,1,0,0,0,0,0,1,1,0,1,0,0,0,0,0,0,0,0,0,1,0,1,0,-0,0,0,0,-0,-0,1,0,0,1,0,0,0,0,0,0,0,0,0,0,1,0
440121,,0,0,-0,0,0,0,-0,0,-0,-0,0,-0,0,0,0,1,0,-0,0,1,0,0,0,1,0,0,0,1,1,1,1,-0,0,0,1,0,1,0,0,0,1,0,1,0,0,0,0,-0,0,1,1,1,0,0,1,0,0,0,-0,0,1,0,0,0,0
440122,,0,0,3,0,0,-5,0,0,-2,0,0,-0,0,0,-0,0,0,-7,0,0,4,0,0,-6,0,0,1,0,0,3,0,0,0,0,0,-1,0,0,1,0,0,-3,0,0,-0,0,0,6,0,0,1,0,0,1,0,0,-0,0,0,1,0,0,-4,0,0
440123,,0,0,-0,0,1,0,1,-0,1,0,2,-0,1,0,0,0,-0,0,0,1,0,1,-0,0,1,0,1,1,1,0,1,1,1,0,1,1,0,0,1,1,1,1,0,0,1,1,0,0,1,0,-0,0,1,0,0,0,0,1,1,1,-0,0,1,1,-0
440126,,1,0,-0,0,0,0,1,0,-0,-0,-0,0,0,0,-0,0,0,0,0,0,0,0,-0,0,1,0,1,0,0,1,0,1,2,0,0,0,1,0,1,0,1,0,1,0,0,1,1,0,1,0,1,0,1,0,0,0,1,0,1,0,2,1,0,0,0
440127,,1,1,0,-0,-0,1,0,0,2,1,1,0,0,0,1,2,1,2,1,0,2,0,1,-1,1,0,-0,1,1,1,1,1,1,-0,-1,-1,-0,-0,-0,0,2,-1,-0,0,-0,-0,-1,0,1,1,1,-0,1,0,0,1,1,0,1,-1,-1,0,1,-0,0
440128,,0,-0,0,1,1,0,-1,0,1,1,0,-0,1,0,1,0,2,0,1,0,0,0,0,0,0,0,1,1,2,1,1,0,1,0,0,0,1,0,2,1,1,1,0,-0,1,0,0,0,0,0,1,1,2,1,1,1,1,0,0,0,1,0,1,1,1
440129,,1,0,-3,0,1,6,-2,-1,1,1,0,1,0,0,0,0,0,0,1,0,1,0,0,0,0,-0,0,0,0,1,0,1,-0,-1,0,0,0,0,1,0,1,1,0,0,1,0,0,0,0,-0,-0,-0,0,0,0,1,-0,0,0,1,0,0,0,-1,0
440131,,0,0,-0,0,0,2,1,0,1,-0,0,-0,0,0,0,5,0,0,1,0,0,0,0,0,-0,0,0,0,0,0,-0,0,0,-0,0,0,0,0,-0,0,0,0,0,-0,0,-0,0,2,1,0,0,-1,-0,1,0,-0,0,1,0,0,0,0,-0,0,0
440132,,1,1,-0,0,0,1,-0,1,1,-0,-0,-0,0,0,0,1,0,0,3,2,2,1,1,2,2,1,1,1,-0,-0,1,1,1,1,0,3,1,2,1,0,-0,0,-0,1,1,0,-0,0,1,0,0,0,-0,0,-0,0,1,0,0,1,1,1,1,1,0
440204,,0,0,0,0,0,0,0,0,0,0,0,0,0,0,0,0,0,0,0,0,0,0,0,0,0,0,1,0,0,0,0,0,0,0,0,1,0,0,1,0,0,0,0,0,0,0,0,1,0,0,2,0,0,1,0,0,0,0,0,1,0,0,1,0,0
440208,,-1,-0,-0,-1,0,-0,-1,1,-1,-0,-2,-0,-1,-0,-1,-0,-1,0,-2,-1,-1,-0,17,16,-1,-2,-0,-0,-1,-2,0,1,1,0,-1,-1,4,2,2,-2,-1,-1,-0,0,-0,-1,-1,1,1,2,1,2,1,-1,-0,-0,-1,-1,-1,-0,-3,-1,-2,-1,-0
440218,,0,0,-1,0,0,0,0,0,2,0,0,1,0,0,-11,0,0,0,0,0,-9,0,0,-23,0,0,-4,0,0,0,0,0,0,0,0,0,0,0,0,0,0,-32,0,0,0,0,0,-0,0,0,-0,0,0,0,0,0,0,0,0,0,0,0,1,0,0
440224,,0,0,-0,0,0,0,0,0,0,-0,0,-0,0,0,0,1,0,1,0,0,0,0,0,0,0,0,0,0,0,0,0,0,0,0,0,0,0,0,0,0,0,0,0,0,0,0,0,0,0,0,0,0,0,0,0,0,0,0,0,0,0,0,0,0,0
440227,,0,0,0,0,0,0,-0,0,-0,0,0,-0,0,0,0,0,0,0,0,0,0,1,1,0,0,-0,0,0,0,0,0,0,0,0,1,1,1,1,0,1,1,1,1,1,1,0,1,1,1,1,1,1,1,1,0,0,0,0,0,0,0,1,1,1,1
440229,,0,0,0,0,0,0,0,0,0,0,0,0,0,0,0,0,0,0,0,0,0,0,0,0,0,0,0,0,0,0,0,0,0,0,0,0,0,0,0,0,0,0,0,0,0,0,0,0,0,0,0,0,0,0,0,0,0,0,0,0,0,0,15,0,0
440230,,0,0,0,0,0,0,0,0,4,0,0,0,0,0,0,0,0,0,0,0,5,0,0,0,0,0,0,0,0,0,0,0,5,0,0,0,0,0,0,0,0,0,0,0,7,0,0,0,0,0,0,0,0,0,0,0,9,0,0,0,0,0,0,0,0
440231,,0,0,0,0,0,0,0,0,0,0,0,0,0,0,0,0,0,0,0,0,0,0,0,0,0,0,0,0,0,0,0,0,0,0,0,0,9,0,0,0,0,0,0,0,0,0,0,0,0,0,7,0,0,0,0,0,0,0,0,0,0,0,7,0,0
440232,,0,0,-0,1,0,-0,0,1,0,0,0,0,0,0,0,0,0,0,0,0,-0,0,0,0,0,0,1,0,1,0,1,1,1,1,1,0,0,1,1,1,1,1,0,0,1,1,1,0,0,1,1,1,1,1,1,1,0,0,0,0,0,1,1,1,1
440237,,-0,0,-0,-0,0,-0,0,-0,0,0,-0,0,-0,0,-4,1,1,0,0,1,0,1,1,0,-0,1,1,2,1,1,1,0,0,2,0,0,-1,1,2,1,1,0,-0,0,1,0,-0,-1,-1,1,0,0,0,0,-0,0,0,1,0,-0,-0,0,0,1,0
440238,,0,0,0,0,0,0,0,4,0,0,0,0,0,0,0,0,0,0,0,4,0,0,0,0,0,0,0,0,0,0,0,5,0,0,0,0,0,0,0,0,0,0,0,8,0,0,0,0,0,0,0,0,0,0,0,5,0,0,0,13,0,0,0,0,0
440239,,0,0,0,0,0,0,0,0,2,0,0,0,0,0,0,0,0,0,0,0,5,0,0,0,0,0,0,0,0,0,0,0,2,0,0,0,0,0,0,0,0,0,0,0,2,0,0,0,0,0,0,0,0,0,0,0,2,0,0,0,0,0,0,0,0
440240,,1,1,-0,0,2,1,0,2,0,1,1,1,0,0,0,0,0,1,1,1,0,1,1,1,0,-0,1,1,1,1,1,1,1,1,1,1,1,0,0,0,1,0,0,1,0,0,1,0,1,1,0,1,0,1,0,0,0,0,2,1,0,0,1,1,1
440241,,-0,0,0,-0,0,0,1,-0,0,0,-0,0,-0,0,0,0,0,0,-1,1,0,1,1,0,-0,1,1,2,1,1,0,0,0,1,0,0,-1,1,1,1,1,0,-0,0,0,0,-0,0,-1,0,0,0,0,0,-1,0,-0,0,0,0,-0,0,0,1,0
440243,,0,0,0,0,0,0,0,-2,0,0,0,0,0,0,0,0,0,0,0,3,0,0,0,0,0,0,0,0,0,0,0,3,0,0,0,0,0,0,0,0,0,0,0,4,0,0,0,0,0,0,0,0,0,0,0,6,0,0,0,0,0,0,0,0,0
440246,,0,0,2,0,0,1,0,0,0,0,0,1,0,0,3,0,0,1,0,0,3,0,0,-1,0,0,0,0,0,0,0,0,1,0,0,4,0,0,4,0,0,3,0,0,4,0,0,3,0,0,5,0,0,1,0,0,1,0,0,-6,0,0,5,0,0
440247,,0,0,-40,0,0,0,0,0,0,0,0,0,0,0,0,0,0,0,0,0,0,0,0,0,0,0,0,0,0,0,0,0,0,0,0,0,0,0,0,0,0,0,0,0,0,0,0,0,0,0,0,0,0,-8,0,0,0,0,0,0,0,0,0,0,0
440250,,0,0,2,0,0,-0,0,0,-0,0,0,0,-0,0,-1,0,0,0,0,0,0,0,0,0,0,0,0,0,0,0,0,0,0,0,0,0,0,0,0,0,0,0,0,0,0,0,0,0,0,0,4,0,0,3,0,0,0,0,0,5,0,0,0,0,0
440252,,0,0,-3,0,0,-15,0,0,0,0,0,1,0,0,-1,0,0,-17,0,0,1,0,0,-1,0,0,-17,0,0,5,0,0,-8,0,0,-1,0,0,-9,0,0,0,0,0,-2,0,0,-1,0,0,1,0,0,1,0,0,3,0,0,0,0,0,0,0,0
440254,,-0,0,-0,0,0,-0,1,0,-0,-0,0,0,0,0,1,0,1,0,0,0,-0,0,0,1,0,0,0,0,1,1,1,1,0,-0,0,-0,-0,0,0,0,0,1,1,0,0,0,0,0,-0,0,1,0,0,-0,0,0,-0,0,0,0,0,2,1,1,0
440255,,-0,0,1,-0,-1,0,0,-0,0,0,-0,0,-6,0,0,0,0,0,1,0,0,0,0,0,-0,0,0,1,0,0,0,0,0,1,0,0,-0,0,0,0,0,0,-0,-1,0,0,-4,0,-3,0,0,-0,0,0,-0,-1,-0,0,0,0,-0,0,0,0,-0
440256,,0,0,0,-3,0,0,0,10,1,-4,-0,0,0,0,0,0,0,3,0,0,0,0,0,1,0,0,0,0,0,0,0,0,0,0,0,0,0,0,0,-0,0,0,0,0,-0,0,0,0,0,0,1,0,0,-1,0,0,0,0,0,0,0,0,-0,0,0
440257,,0,0,-0,0,0,0,0,0,1,0,0,0,0,0,-7,0,0,2,0,0,4,0,0,-3,0,0,15,0,0,8,0,0,3,0,0,1,0,0,0,0,0,5,0,0,1,0,0,0,0,0,2,0,0,0,0,0,2,0,0,0,0,0,5,0,0
440258,,0,0,3,0,0,1,0,0,0,0,0,0,0,0,0,0,0,0,0,0,0,0,0,4,0,0,4,0,0,1,0,0,-1,0,0,1,0,0,-0,0,0,1,0,0,-0,0,0,-1,0,0,1,0,0,19,0,0,-0,0,0,3,0,0,-3,0,0
440302,,,,,,,,,,,,,,,,,,,,,,,,,,,,,,,,,,,,,,0,0,8,0,0,0,0,0,0,9,0,0,0,0,15,0,0,0,0,0,7,0,0,0,0,0,5,0,0
440303,,,,,,,,,,,,,,,,,,,,,,,,,,,,,,,,,,,,,,-1,0,3,1,0,0,0,0,2,0,0,0,0,0,7,0,0,-2,0,-1,2,-2,6,-6,2,-2,2,0,0
440401,,0,0,1,-0,0,0,0,0,0,0,0,0,0,0,4,0,0,0,0,0,0,0,0,0,0,0,9,0,0,0,0,0,0,0,0,0,0,0,21,0,0,0,0,0,0,0,0,0,0,0,8,0,0,0,0,0,0,0,0,0,0,0,6,0,0
440402,,1,1,0,0,0,-0,0,-0,-0,0,-0,-1,-0,1,2,0,-0,-1,-1,1,-0,-0,-0,-0,0,-0,8,-0,-0,-0,-1,-0,-0,-0,-0,-0,0,-0,12,-0,-1,-0,-0,-0,0,-1,-1,-1,0,3,7,0,0,-1,-1,-0,0,-1,-0,-0,-0,2,5,-0,-0
440403,,0,0,1,0,0,0,0,0,0,0,0,0,0,0,0,0,0,0,0,0,0,0,0,0,0,0,0,1,0,0,0,0,0,0,0,0,0,0,0,0,0,0,0,0,0,0,0,0,0,0,0,0,0,0,0,0,0,0,0,0,0,0,0,0,0
440405,,0,0,0,0,0,0,0,0,0,0,0,0,0,0,0,0,0,0,0,0,0,0,0,0,0,0,2,0,0,0,0,0,0,0,0,0,0,0,14,0,0,0,0,0,0,0,0,0,0,0,0,0,0,0,1,0,0,0,0,0,0,0,1,0,0
440406,,0,0,0,0,0,1,0,0,1,0,0,0,0,0,0,0,0,1,0,0,-0,0,0,1,0,0,3,0,0,0,0,0,0,0,0,0,0,0,3,0,0,0,0,0,2,0,0,3,0,0,5,0,0,0,0,0,-1,0,0,0,0,0,14,0,0
440409,,0,0,1,0,0,1,0,0,0,0,0,0,0,0,2,0,0,0,0,0,0,0,0,0,0,0,1,0,0,0,0,0,0,0,0,0,0,0,9,0,0,0,0,0,0,0,0,0,0,0,6,0,0,0,0,1,0,0,0,0,0,0,5,0,0
440410,,,,,,,,,,,,,,,,,,,,,,,,,,,,,,,,,,,,,,,,,,,,,,,,,,,,,,,,,,,,,,1,0,-1,1,-1
510104,,-4,-1,-1,-2,2,6,-3,4,2,-7,1,-6,-7,1,5,4,0,-3,-2,3,3,0,4,-6,-1,0,2,6,-3,-4,2,7,4,-0,-1,0,-2,-1,1,2,-0,-3,7,5,5,-0,-1,-9,-1,1,-1,-0,-3,-2,-3,10,2,3,-1,-6,-2,3,-2,-0,1
510106,,0,-0,-1,-2,5,0,0,2,-1,-5,3,-3,-6,6,2,3,1,0,-0,-0,1,1,0,-2,1,2,-1,3,2,-1,2,1,0,-0,-0,-1,0,0,-0,0,1,-1,1,2,-0,-5,4,-0,1,1,2,0,-1,-2,-1,2,0,1,-0,-3,1,2,-0,-0,0
510108,,0,2,-2,-2,3,1,-6,7,3,-5,-1,-8,-8,0,12,-7,1,0,1,5,3,-0,1,-3,-1,-1,3,-0,1,-3,-0,6,2,3,1,-3,-0,-1,-0,-3,4,-1,2,7,-0,-1,2,-2,-2,5,-4,4,-5,2,-3,5,2,2,-1,-2,-2,1,-3,1,2
510109,,0,-1,-3,2,3,-2,-1,5,-1,-5,2,-14,5,1,2,4,-0,0,-1,-2,3,2,4,-5,3,2,1,1,-0,2,2,2,1,1,1,-3,3,0,0,1,0,-1,0,0,-0,-0,1,-4,2,3,0,0,-1,-1,-1,3,-0,1,1,-3,-0,2,1,0,0
510113,,2,2,0,-9,10,-3,2,2,-5,-4,3,-6,-2,2,8,3,0,-1,-3,1,1,-1,1,-3,1,3,2,3,-1,-1,2,0,3,-0,-1,-1,2,2,0,1,0,-2,-2,2,1,-1,3,-3,3,1,0,1,-1,-2,-1,3,0,2,1,-4,0,-1,4,1,-0
510117,,1,0,-7,-3,4,-6,12,2,1,-7,3,-10,6,1,4,0,1,-2,-1,1,2,-0,0,-0,2,1,1,-0,1,-1,2,-1,4,1,-0,-1,3,1,2,-0,-0,-2,1,1,-0,-1,2,-2,1,1,-1,1,0,-2,1,3,1,-1,0,-2,1,1,-0,-1,1
510118,,0,-0,-3,-4,6,-1,1,-1,1,-4,2,-12,1,0,6,2,1,2,-1,1,1,1,-2,0,1,2,0,1,-0,-0,-1,3,1,3,0,-0,1,1,2,0,-0,-0,0,2,0,-1,-1,-3,4,1,1,3,-2,-4,1,3,-0,-1,1,-3,-1,3,-2,-0,2
510120,,2,-4,-5,2,5,0,-0,3,4,-6,4,-7,-4,3,4,-1,3,-1,-1,-1,5,2,-2,-2,0,2,2,1,1,-3,-0,3,4,1,1,-4,1,-2,2,1,-2,0,1,2,3,-0,-0,-4,-0,3,-0,-1,-0,-5,-0,3,1,2,-2,-5,-0,3,3,1,-2
510122,,-3,1,-1,-2,2,1,-0,-0,-1,0,3,0,-1,0,-0,-4,-0,1,-1,1,-1,-2,1,2,1,-4,14,-10,0,3,1,4,-0,1,3,-6,3,2,1,2,4,-2,0,0,-2,4,1,0,1,-2,0,-0,0,-3,1,1,-1,1,2,0,1,0,1,-3,3
510124,,2,-0,1,5,0,1,-9,3,3,-4,2,-4,2,1,6,2,1,-2,-4,1,2,0,2,-3,2,6,-4,1,-1,3,-5,3,2,0,0,-1,5,2,6,3,0,-2,-6,2,1,-1,1,-3,2,2,3,4,-1,-2,-6,0,1,0,0,-3,0,2,-1,1,-1
510126,,4,-5,5,-2,0,-2,-0,3,7,-1,-3,6,6,-1,-7,-1,5,1,2,-1,-2,0,-1,3,1,9,-2,3,0,-0,-6,-8,3,3,-0,-1,21,1,-6,7,-11,6,2,1,-4,-3,2,1,0,0,0,-0,-0,30,-0,-23,0,0,1,-1,1,6,-3,-0,1
510127,,-6,-13,-9,-1,-1,1,23,14,3,-1,-4,-8,-2,-1,-4,6,16,2,3,-1,1,4,9,-13,1,-4,-8,-1,1,7,10,6,4,-1,0,-3,-9,3,-19,-4,16,18,9,4,0,1,2,-4,-13,-2,-3,-5,16,4,7,1,-1,-11,1,-4,-4,-9,-2,1,7
510128,,-1,0,-2,0,0,-2,-1,1,12,1,0,10,-5,-1,1,-0,-1,-2,1,-5,-2,-4,7,1,-0,37,3,1,-1,-11,-2,9,-1,-2,8,-3,-1,-1,-1,1,-4,13,0,1,-3,-1,1,-2,7,-0,-1,-0,-0,1,-2,6,1,-1,0,0,-1,0,1,0,-4
510130,,-6,-4,-3,-1,3,-0,1,12,4,-6,6,-19,1,-4,3,2,1,-0,-1,29,3,2,1,-10,-5,1,2,1,0,-1,1,8,1,0,-2,-5,0,-3,-1,1,0,0,1,4,4,-3,4,-10,-3,-0,0,1,-0,1,-0,6,5,0,2,-12,-6,3,-1,1,-0
510131,,0,2,-5,-4,6,-4,3,0,8,-2,2,-8,-3,2,4,5,-0,-2,-0,-1,7,-1,3,-8,6,1,1,2,0,-1,2,1,3,-3,1,-2,-0,5,0,2,1,-3,-0,4,1,-1,-1,-3,2,1,1,1,-1,-5,-3,6,2,2,-1,-6,1,6,-3,2,-0
510132,,1,2,-4,3,-1,2,-0,0,-2,-3,2,-4,-0,-1,1,3,0,-1,-1,4,1,1,-1,0,-3,7,2,2,0,-1,-1,4,1,-0,1,-2,3,6,1,1,-0,1,-1,0,1,-2,2,-0,0,2,-0,-0,-1,-2,-1,-1,1,2,0,-4,1,3,1,1,-0
510133,,,,,,,,,,,,,,2,0,2,3,0,1,-0,-4,4,1,-3,-1,-1,0,4,0,1,-1,-1,3,1,2,1,-5,3,-0,2,0,-0,-3,-0,0,1,-2,2,-1,3,2,1,1,1,-7,1,2,-1,2,0,-1,1,-3,0,3,1
510134,,,,,,,,,,,,,,,,,,,,,,,,,,1,3,4,-0,-0,-2,3,1,4,1,-1,-3,4,2,-0,0,1,-2,0,0,2,-0,2,-1,-0,-0,1,3,-1,-2,-0,3,3,1,0,-2,-0,2,-2,3,0
510206,,5,-3,5,4,-9,-10,10,3,2,-4,-3,-7,-4,10,6,6,1,-5,-2,5,1,1,4,-4,3,7,2,4,-3,-4,2,-1,2,1,-5,-5,8,5,-0,1,-0,-6,2,3,-2,2,3,-9,6,0,5,-0,-2,-3,-1,1,2,2,-2,-5,7,3,-0,0,-1
510208,,5,-0,-0,-16,10,-4,3,8,5,-6,-4,-10,-2,4,4,9,1,-3,-5,11,1,-1,7,-8,2,7,-0,6,-1,-4,1,1,1,1,3,-12,9,4,3,-1,-0,-3,-2,6,1,0,-3,-8,6,1,2,2,-1,-5,-3,10,6,-1,-1,-8,0,4,-2,-1,3
510212,,2,-3,-3,-7,3,-0,3,12,6,-7,4,-8,-6,1,1,8,-2,-5,-1,7,-0,3,-1,-2,3,4,2,-2,-5,-5,7,8,2,3,-4,-2,9,3,-1,2,-5,-2,1,5,3,-2,-2,-3,5,-4,3,5,-4,-11,10,-0,4,1,-3,-5,1,4,-1,5,-3
510215,,2,2,-5,10,-1,-2,-2,-1,1,4,1,1,-5,3,2,3,2,0,-0,-0,0,-1,6,-5,1,3,2,2,-1,-1,-1,2,2,1,-2,-2,3,1,1,3,-1,-4,-1,2,-0,5,-3,-1,-0,-2,2,0,2,-2,-1,3,3,1,-2,-6,3,0,-0,-2,1
510219,,3,-3,-9,5,-8,4,4,5,7,-4,-1,-13,-0,2,6,8,1,-4,-4,4,4,2,3,-6,-0,0,0,0,-0,-4,7,3,4,0,1,-7,3,-2,1,0,3,-10,7,7,3,2,2,-8,11,-5,-2,-1,-3,-5,5,5,0,2,0,-0,-2,2,2,-1,-2
510223,,7,-2,8,-7,2,-6,5,3,3,-3,-3,-11,-6,4,2,10,3,-1,-4,-3,-1,2,-2,-5,5,1,0,4,-1,-4,1,2,0,2,-2,-6,7,-1,1,3,7,-4,2,-1,-2,2,-2,-8,9,3,-3,5,0,-6,-3,4,7,-3,-2,-6,-0,6,0,2,3
510233,,0,0,-1,2,-6,1,-5,11,2,0,-2,-8,-1,3,2,2,5,-6,0,7,5,0,0,-3,0,2,2,1,-1,-6,5,2,1,2,8,-8,3,1,-2,3,1,-10,3,10,4,-5,1,-4,2,4,-1,-1,1,-5,6,6,3,2,-3,-6,4,-0,-4,3,-4
510235,,6,1,4,-4,8,-9,6,-2,4,-2,-5,-6,-3,5,2,1,1,-6,0,-4,4,3,0,-3,4,-1,-0,0,0,0,-3,2,2,-1,1,-3,7,5,-0,3,-3,-5,2,3,2,-1,0,-4,4,-1,0,1,-2,-3,3,-0,1,6,-2,-6,-0,7,-4,1,2
510236,,7,-4,2,3,-9,7,-2,1,2,-1,-3,-10,-5,2,9,-1,1,-2,7,0,-0,-1,-0,1,0,4,1,-1,2,-4,4,3,3,1,-1,-4,4,1,0,2,-4,-6,2,5,3,-6,4,-3,8,-0,-0,0,-0,-9,5,-0,1,0,-2,-5,2,4,-2,2,2
510237,,3,1,-5,-3,3,-2,6,-1,8,-8,-1,-14,-6,5,6,12,2,-5,-0,-1,5,4,-4,-13,1,5,7,5,0,-2,-1,5,-1,-0,1,-12,5,6,3,3,3,-4,-3,7,1,-2,0,-3,-4,4,4,-1,0,-4,4,3,2,3,-5,-8,-1,8,3,3,1
510238,,6,3,-10,-2,9,-9,2,7,1,-8,3,-14,-8,8,6,5,4,-6,-4,17,3,-1,-0,-9,-1,4,1,3,1,-7,4,6,-4,7,-4,-8,3,6,5,-1,-1,-2,3,5,3,2,-3,-11,8,1,-5,1,-0,0,3,5,5,2,-6,-6,1,4,-3,3,-1
510244,,1,0,-8,39,-17,0,-13,-1,8,-0,4,-4,-1,8,-1,-5,1,-0,4,-7,-5,0,3,-4,0,0,6,2,0,-4,0,5,-1,5,1,-7,5,5,3,3,-1,-6,-6,-1,6,4,1,-6,-0,2,2,0,-2,-2,-4,1,-2,7,7,-7,0,1,1,0,-1
510245,,3,1,-10,0,5,-5,1,5,5,-8,-4,-7,-7,1,7,12,2,-6,1,5,3,3,-3,-8,7,3,4,-0,-2,-4,1,9,2,-4,-4,-6,12,2,2,2,-1,-6,4,3,3,-1,-3,-11,6,2,1,4,-3,-9,11,2,2,1,-4,-10,5,7,2,4,-5
510246,,-5,1,3,-1,-1,2,5,-1,16,1,-2,0,-7,4,-2,5,-11,-2,0,1,-5,6,1,-1,13,-6,8,-0,1,6,-2,-7,8,-2,3,-2,-0,-8,17,1,0,-1,1,-2,-6,3,-0,0,0,1,-1,5,-6,3,7,2,-2,1,-0,-6,5,-0,-3,-1,1
510248,,4,-3,-2,2,-1,2,-0,2,4,-2,-0,-12,-6,10,1,3,5,1,-0,0,0,2,2,-3,6,3,1,0,-1,2,1,1,2,-2,-0,1,2,4,-1,1,-1,0,6,3,-3,-4,3,-1,5,-2,-1,0,-3,-3,4,5,-4,-1,-0,2,-3,7,-1,5,-4
510249,,3,-2,-24,29,-17,-3,3,10,6,-6,-0,-8,0,-0,3,-2,3,-1,-3,-0,4,0,-1,-7,5,3,-0,1,-0,4,-9,19,-1,-8,0,-8,4,2,-0,2,1,-5,-1,6,3,-4,2,-3,2,2,2,-2,-1,1,1,-1,4,-3,3,-3,-0,2,-7,-2,-3
510250,,-4,-5,-2,3,-0,-2,0,16,4,-5,-1,-8,-6,-2,6,5,1,-3,0,8,5,1,3,-11,-4,-0,2,2,-0,-2,2,4,4,-3,-2,-5,2,1,2,2,1,-5,2,10,-1,2,-1,-7,1,-6,2,1,-1,-3,2,14,2,0,0,-7,-3,2,-1,1,-0
510254,,3,1,0,1,-6,1,-0,8,-2,-5,1,16,-5,4,1,-2,3,-5,3,1,-9,9,4,-2,-3,5,3,-2,3,1,-2,1,-3,-3,3,-1,-0,-1,0,-3,18,-9,1,7,-2,1,2,3,-1,1,-0,1,-1,-0,-0,-6,2,-4,-0,3,3,1,1,2,-1
510255,,2,-2,3,-4,2,-2,0,-5,4,4,-3,-2,4,1,2,1,-1,3,-0,-5,-3,1,3,-3,3,4,1,-0,0,2,-3,-3,3,-2,5,-1,2,4,-0,3,1,-1,1,1,0,1,1,-1,0,2,0,2,-2,2,1,1,-4,5,-4,6,3,0,1,-0,2
510256,,-4,-1,-7,1,9,1,2,2,1,-2,0,6,6,-0,1,-3,-0,0,2,4,1,2,-0,-2,3,1,-3,-2,0,-2,2,4,4,-5,-4,-0,4,2,-0,3,-1,3,1,6,4,-4,1,1,-1,2,-2,-3,-0,2,1,2,0,-2,2,-1,-1,-3,-0,3,-2
510257,,6,-4,-1,-12,10,-1,4,3,-1,-4,7,-11,-3,4,4,5,1,-4,1,10,-1,6,-1,-4,1,5,4,1,-5,-4,2,2,-0,5,-3,-12,9,2,3,3,-3,-4,1,3,1,1,-4,-5,5,-0,7,-1,-3,-1,-1,2,6,-1,-3,-11,9,1,2,4,0
510258,,1,3,1,-2,-1,-2,-1,2,4,-4,1,4,-1,2,1,-1,0,-2,-1,-1,1,0,-1,0,3,-2,2,3,-1,1,2,2,2,1,0,-2,5,0,1,-1,1,-1,-2,5,1,-1,-1,0,3,0,2,-6,-1,2,2,-6,7,4,-1,-5,0,-2,-3,1,-1
510259,,7,9,-3,4,-5,-8,-5,3,8,-6,-6,-8,-3,5,10,-3,6,-0,-1,-5,1,9,-5,-12,5,11,4,1,-1,-3,-0,5,-2,5,-3,-13,4,4,3,2,2,-4,-4,2,4,5,-1,-15,4,0,4,6,-2,-2,-0,0,2,4,-2,-9,0,6,3,-1,2
510260,,3,-2,0,-1,-1,-3,2,8,1,3,1,7,-1,2,1,-6,6,-5,-2,-4,9,-1,-9,1,8,-1,-5,-0,3,-0,1,1,-4,-0,-0,5,1,-1,2,1,26,-9,2,1,-11,-1,1,4,-1,1,2,-3,-1,-0,-2,-0,-3,1,1,3,1,-1,1,1,-3
510261,,,,,,,,,,,,,,-1,1,2,5,2,-6,-1,2,0,2,-1,-4,2,-1,1,2,-1,-9,5,3,0,7,-2,-3,3,-0,2,5,-5,-3,9,0,2,2,-4,-6,4,-1,3,-0,-0,-3,4,3,4,-2,-2,-5,4,3,-1,-1,-0
510324,,-1,-1,-3,5,-1,-1,1,2,1,-3,2,-1,1,-1,2,-0,0,1,-0,2,3,0,1,-2,0,2,-1,0,-0,1,1,1,3,-1,-0,3,1,0,1,1,-1,-2,-3,3,0,0,1,-4,5,-1,0,1,-0,-5,2,2,1,7,-6,-6,-1,3,-2,-7,0
510328,,10,-4,-8,1,-3,-5,8,2,-2,-7,-1,-9,11,1,-1,7,6,-4,-3,1,6,0,-1,-8,-4,5,2,-2,3,4,3,-2,6,1,1,-4,-3,2,-2,0,-1,-1,9,-2,-3,-1,-0,-3,6,3,-0,-3,-7,-7,5,10,-2,-1,0,-3,5,-1,2,0,1
510330,,0,-0,-1,2,3,-1,-4,1,2,-5,-0,4,2,1,2,2,0,-0,-2,3,0,-1,0,-3,3,-1,-2,2,0,-3,-1,3,1,1,-1,-2,1,3,-2,3,-3,-1,2,2,7,-2,2,-2,-1,-4,1,3,1,2,1,4,4,-3,3,-1,0,0,1,-1,0
510336,,-1,-2,-3,1,4,-4,2,1,2,-1,-2,1,1,-1,0,1,-0,-2,2,0,3,-0,2,-3,-1,1,0,-2,3,0,-1,5,1,3,-1,-1,0,3,1,-0,-6,-5,-1,6,1,-0,2,-1,0,-0,5,-1,-2,-6,5,6,-1,2,0,-12,0,1,-6,0,-1
510340,,-5,-1,1,4,2,-5,3,2,-3,4,-5,-3,0,-2,3,-1,1,-8,2,7,2,1,1,-7,-2,7,-8,5,2,-8,-0,6,3,5,-1,-7,3,-5,8,7,10,-15,1,1,-2,-1,21,-14,0,1,-2,1,-7,6,1,-4,-3,9,1,4,1,2,-8,3,-6
510344,,3,-4,5,-1,-3,1,4,-4,2,-0,5,-6,-1,-1,2,2,-0,-4,2,5,-1,0,2,-1,-0,-1,0,1,5,-11,-1,7,6,4,-1,-0,5,5,1,2,1,-2,3,4,-2,3,-0,-4,-3,1,7,-2,-3,1,1,-0,1,-0,1,-7,-4,5,-4,2,-0
510347,,-8,-4,-3,-7,5,0,4,3,1,-2,2,-4,-5,-4,3,-3,1,-1,3,4,8,4,-0,-7,-3,0,-3,3,-1,-0,7,5,4,8,-2,-9,-2,3,-1,-0,-5,2,8,6,1,1,1,-11,-1,1,-1,-1,-2,1,3,12,3,1,1,-4,-8,-0,-8,-3,2
510348,,-1,-1,2,2,-2,3,3,1,8,-8,3,-3,2,1,-0,0,-5,-4,12,1,2,0,4,-5,-4,17,-3,4,10,3,-3,1,-1,-5,-1,-6,3,1,1,6,-1,1,13,3,-1,1,-2,-2,-1,1,-1,-0,-2,2,-8,5,1,-2,-1,-0,-3,1,-8,-0,0
510349,,1,-6,-1,4,-3,1,2,2,4,-1,0,1,1,3,0,4,1,-2,-2,1,1,-0,0,-1,1,1,-5,0,-0,1,-0,3,2,0,2,1,3,1,4,-0,-3,-3,4,3,0,1,-1,-4,1,-3,0,3,-2,-3,5,4,1,-3,1,-5,2,1,-0,1,-2
510350,,,,,,,,,,,,,,1,-2,1,5,1,0,-1,3,1,-1,1,-2,1,5,-2,0,-1,-1,2,2,2,-0,1,-3,1,3,-2,2,-2,-5,1,1,2,0,2,-9,4,2,-1,-1,-2,1,-4,5,0,2,1,-5,-4,10,-3,1,-4
510351,,,,,,,,,,,,,,-2,0,3,7,-2,-7,4,3,1,1,-0,-3,3,0,1,3,0,-6,6,4,4,3,-2,-2,9,1,-1,-0,-4,-2,1,3,-1,-1,3,-1,4,-3,2,-1,-1,1,2,-4,4,1,-2,-4,3,-1,8,-0,-1
510352,,,,,,,,,,,,,,-3,-9,8,3,1,-1,5,6,0,1,-3,-3,3,4,-4,2,1,-4,1,2,4,-7,0,-0,9,-2,2,1,3,-2,-0,9,4,-2,-1,-4,-0,2,1,2,-3,-10,5,6,-0,-3,2,-9,1,-1,7,-1,1
510353,,,,,,,,,,,,,,,,,,,,,,,,,,,,,,,,,,,,,,8,4,-4,-2,6,-9,-4,12,9,2,-1,-7,-2,1,-2,1,-3,-5,1,-1,8,3,3,-7,-5,1,5,3,-4
510402,,0,1,-4,3,1,1,-1,0,0,-3,1,-1,-1,1,-1,3,-1,0,-1,-0,2,0,0,0,0,0,0,0,-0,1,1,2,1,1,-1,0,1,-0,0,-1,2,-0,0,1,1,-1,1,-1,-2,1,-1,1,-0,0,-1,0,2,-0,0,-1,0,1,1,0,0
510405,,-1,-1,2,-2,-2,6,-3,2,2,-2,-2,-2,0,7,-2,0,-1,-3,0,3,5,2,-2,-4,4,-1,5,-2,-2,-3,0,7,1,2,-1,-6,7,5,-2,2,1,-4,4,2,-0,-0,2,-8,4,-1,-1,2,-3,-0,-1,4,2,-1,2,-4,1,0,-1,-2,1
510406,,1,-0,0,1,-1,2,0,-0,-0,2,-1,2,-0,-1,-0,1,0,-2,0,0,2,0,-0,2,0,1,-1,0,0,-0,0,2,0,1,1,-1,3,1,-1,2,-0,2,0,1,-1,-1,-1,-0,-1,0,1,1,0,-2,1,-2,2,1,-1,1,-1,1,-1,-1,0
510407,,-0,-1,4,-5,8,0,-1,1,-0,-2,0,-1,0,-1,2,-2,3,-1,-2,1,2,2,-1,2,0,-1,1,-1,1,-1,-1,3,2,-1,-0,-0,3,1,-2,4,-1,1,1,-1,1,2,1,-5,3,1,-2,2,-1,-2,1,3,-0,-0,-0,-0,-2,7,-2,1,-1
510413,,-0,-1,-4,4,5,-1,1,-1,1,-2,1,-2,-3,2,0,2,-1,0,0,0,-1,1,-0,1,1,1,0,-0,-1,-0,2,2,2,0,-0,-1,0,4,1,-1,-1,1,1,0,-1,1,1,-2,-1,0,0,0,-0,1,-0,0,0,0,0,-1,1,1,0,0,0
510415,,-1,-1,1,4,-3,-2,1,0,0,-1,2,0,-1,1,-0,1,-2,0,0,0,1,0,0,3,-0,-0,-1,2,2,-1,3,4,0,1,0,0,-0,0,2,1,-1,4,1,1,0,-0,2,-2,-0,3,-0,-0,-0,0,1,1,0,-3,-0,3,-0,1,2,-1,0
510419,,1,-1,-3,5,-1,-4,2,2,-2,-1,0,-3,6,1,1,4,-2,-3,2,3,-3,-1,6,-1,-0,1,3,-0,-0,1,1,7,2,2,-1,-2,4,1,1,1,-0,-1,-0,1,1,-0,1,-1,-1,0,1,-1,1,-1,-1,1,-0,-0,0,-2,2,2,1,1,0
510429,,-3,3,19,-2,-0,-1,-12,1,-1,1,4,1,5,-1,-1,-1,0,-0,1,1,0,2,0,-1,3,1,1,1,-2,0,1,-0,2,0,2,-3,1,1,-0,1,-3,-1,2,2,2,0,-0,-0,1,0,-0,0,-1,0,-0,0,1,0,1,-1,2,0,0,0,-1
510432,,-1,-3,-2,-1,-1,-2,-2,10,8,-3,-0,-8,-3,2,1,1,2,-5,2,3,3,6,-1,-5,-3,3,3,1,2,-9,5,6,3,2,-1,-1,-1,-0,-0,3,-4,-3,6,1,6,3,3,-4,-5,-0,8,-1,-3,-5,1,7,-2,2,2,1,-11,4,2,3,-5
510433,,-2,1,-2,3,-5,0,3,0,6,-8,-0,12,-2,-2,-0,0,-0,0,4,1,6,-0,-1,0,-2,4,0,0,1,-1,1,2,1,-2,-1,-3,-1,1,1,0,-1,-0,1,4,2,-2,-1,3,-1,2,1,0,-1,-1,-1,-1,4,-3,4,-3,-2,-0,-3,3,0
510434,,-8,3,6,6,-3,1,3,1,4,-2,1,-9,-7,5,2,1,1,-1,-1,4,-5,1,5,-0,-8,5,0,3,2,-1,2,6,-0,-1,1,-9,-7,5,1,4,-1,-2,4,8,3,-5,2,-5,-1,3,-5,4,1,-3,0,-3,1,-0,2,0,-9,9,-4,4,0
510435,,,,,,,,,,,,,,,,,,,,,,,,,,3,1,-2,1,1,3,-2,-0,3,-2,2,-10,-0,-2,3,5,1,3,-0,-6,5,-0,0,-25,98,0,-2,1,1,-2,3,-1,2,-2,2,-3,-6,5,-6,4,-1
510436,,,,,,,,,,,,,,,,,,,,,,,,,,1,1,-2,1,3,-3,-1,8,-1,1,-1,-11,4,1,6,2,-0,-7,14,4,2,5,-2,-8,-1,1,-1,-1,-4,-12,13,7,3,0,2,-8,-5,4,-1,-2,-2
510437,,,,,,,,,,,,,,,,,,,,,,,,,,2,-1,-3,1,2,2,1,3,1,2,-2,-5,-0,-1,2,1,-1,8,-0,2,0,-2,4,-4,-0,-0,2,-1,-4,1,-1,2,0,0,-2,-0,-2,0,-1,0,-2
510438,,,,,,,,,,,,,,,,,,,,,,,,,,-0,2,-1,1,3,1,1,1,0,-0,-1,-1,1,8,-6,-0,1,-1,0,2,-1,-1,1,-3,-1,-1,-1,1,1,0,-2,-0,0,0,1,-0,-1,2,-1,4,-3
510439,,,,,,,,,,,,,,,,,,,,,,,,,,,,,,,,,,,,,,2,0,3,1,1,-1,0,2,-1,-0,2,-1,1,0,-0,0,-0,-0,-1,1,0,0,0,-1,-0,2,-0,-0,0
510440,,,,,,,,,,,,,,,,,,,,,,,,,,,,,,,,,,,,,,,,,,,,,,,,,,-1,3,0,-2,0,4,-3,2,0,0,3,-1,0,0,1,-1,0
510501,,2,1,-5,-3,4,-1,1,1,0,-4,-1,-11,3,1,6,5,1,1,1,0,0,-5,2,2,-0,-1,2,2,2,-1,1,1,-2,-0,-0,1,2,2,-0,1,-0,0,1,-0,-1,0,-1,-0,-0,1,-0,1,-0,-0,1,1,-0,0,-2,-3,4,1,-1,1,-2
510506,,5,1,-5,-1,-2,-1,-2,-1,4,3,-0,-9,1,5,4,1,-2,-4,-4,-2,9,-1,0,0,4,4,1,1,-2,-3,-5,6,-1,4,-2,-5,2,5,-1,-0,2,-6,-4,2,0,1,-1,-9,1,2,4,-2,-2,-6,-1,0,1,1,4,-7,-1,5,-1,-1,-1
510507,,1,0,-2,1,1,0,-2,1,2,1,-1,-4,1,-0,-0,1,0,0,2,-0,-3,2,1,2,1,1,1,0,-0,1,0,0,0,-1,-2,1,1,1,-0,0,1,0,-3,3,0,-2,0,0,1,-1,1,1,-2,1,1,0,-3,-2,1,-3,-0,1,-0,0,0
510508,,0,1,-1,0,-0,0,1,-0,1,-2,-2,-3,2,-1,0,1,2,2,-0,1,0,-0,0,2,1,0,-0,0,-1,2,-1,2,3,-2,-3,4,-0,-1,-1,0,0,1,1,0,0,-1,-2,-3,0,1,-1,1,-1,2,-1,2,-1,-0,-0,-0,-0,0,1,-0,1
510515,,1,1,-5,1,-2,0,3,-1,-0,2,-6,-6,-2,5,0,3,-2,0,1,0,3,1,1,-0,2,2,0,1,0,-1,-4,3,2,2,-3,-1,3,1,1,2,0,0,-0,-1,1,2,-1,-3,0,-1,-0,1,-1,-1,3,-0,-0,2,-1,-0,-1,0,-2,1,1
510516,,2,-3,1,2,-5,4,0,1,0,-2,-0,1,-3,3,1,2,-0,3,-0,-0,-2,-1,1,4,1,-1,8,-1,1,-0,2,-4,-0,-1,1,-0,3,-2,2,-2,2,3,1,3,-3,-2,-1,0,-1,-1,1,-0,1,-1,1,-1,2,-1,0,-4,1,1,-0,-2,-1
510517,,-1,7,-2,1,-2,-1,1,1,1,-3,4,-1,-4,-0,1,7,0,-0,1,5,-0,0,0,-2,-2,2,-1,-1,2,1,4,0,1,-1,-3,1,-1,5,-3,-0,2,1,0,1,-0,1,-3,0,0,-1,1,-1,0,1,1,2,-2,1,-1,0,1,0,-0,-3,1
510528,,-0,1,-5,-2,-2,4,2,4,4,-5,-2,-2,-3,-0,4,5,-2,-1,1,1,-1,-1,11,-10,-1,-0,12,0,0,-2,3,7,-1,-9,10,10,0,1,1,-1,-1,2,2,-2,3,-2,-4,4,2,0,3,-0,-5,8,-8,9,0,-1,0,-2,1,0,1,-1,-1
510529,,-5,2,1,5,-3,2,1,5,3,-5,0,-14,-6,-0,3,-2,2,-3,5,4,0,2,1,-3,-10,-0,2,4,2,2,4,3,2,-2,-3,-2,-2,0,11,3,2,-1,2,2,-1,-1,-2,-4,-4,-4,2,1,6,3,1,1,2,-1,-3,-7,-3,2,-11,7,-0
510530,,2,0,-3,1,-2,3,1,2,-1,-1,-1,-6,-1,6,2,4,0,-3,-1,2,0,0,-1,-3,2,1,1,1,-3,-2,1,4,0,1,-3,-0,2,-1,-0,-0,3,-0,0,1,-0,-0,-1,-4,2,3,1,-1,-2,-2,4,1,2,-2,-2,1,1,-0,-1,1,-2
510533,,3,0,3,-3,-0,-5,6,0,-4,1,-3,-16,-2,5,-0,3,1,-3,-2,3,7,9,-3,-2,3,1,1,1,-4,-1,3,1,2,-1,-6,-2,4,3,-2,2,2,-1,1,2,-1,1,-2,-3,-0,4,1,-1,-4,-2,0,4,-0,1,-5,-1,5,2,-3,1,-3
510536,,,,,,,,,,,,,,,,,,,,,,,,,,,,,,,,,,,,,,,,,,,,,,,,,,,,,,,,,,,,,,1,5,-4,-2,-0
510537,,,,,,,,,,,,,,,,,,,,,,,,,,,,,,,,,,,,,,,,,,,,,,,,,,,,,,,,,,,,,,-0,-2,-0,1,0
510538,,,,,,,,,,,,,,,,,,,,,,,,,,,,,,,,,,,,,,,,,,,,,,,,,,,,,,,,,,,,,,-4,-0,2,-1,8
520103,,1,1,-5,1,1,1,0,0,0,1,-5,-2,1,0,1,3,-1,-0,1,1,2,1,-1,-2,0,-1,-0,0,3,-3,0,2,1,-0,1,-0,-0,-0,-0,1,-0,1,-1,3,-1,0,-1,1,-2,-2,2,-1,0,-1,1,1,2,-4,2,0,0,-0,0,0,-0
520109,,-3,-2,-3,2,-2,-7,10,1,-0,-8,8,-3,-1,1,-0,4,-1,-0,0,-1,1,-1,0,-0,-0,2,5,-1,1,-4,1,2,0,0,-2,-4,2,1,-1,1,1,-4,2,4,-1,0,-4,-1,-1,2,1,-2,-2,1,2,-1,1,1,-2,-2,2,-1,1,1,-4
520118,,3,-2,-3,2,3,-3,0,2,-4,-1,1,-0,-0,2,0,-0,0,0,3,0,1,4,1,1,-1,3,0,1,-0,-1,1,-0,-0,2,-6,-5,1,-1,1,-1,1,-2,2,-3,4,-3,-5,-0,-1,-0,0,0,-0,-1,-0,-4,3,-1,-1,-2,2,2,-1,1,1
520123,,-1,1,-2,1,1,2,-4,1,0,-1,4,3,-7,5,0,-0,-0,1,1,1,0,0,-1,1,-0,1,1,1,-1,-3,2,0,-1,1,-0,1,2,1,-0,0,0,2,-1,-0,-0,1,0,-1,2,1,1,0,1,-2,0,3,0,-0,-1,-0,0,0,-0,0,0
520130,,1,-0,-0,-1,1,3,3,1,0,-3,4,-2,-1,0,0,6,1,-1,0,1,-0,1,-0,-0,1,2,0,3,-0,1,3,0,1,-1,1,-2,1,1,1,1,-0,-0,2,-1,0,0,1,0,1,0,1,1,0,2,1,2,1,1,-0,0,3,2,1,3,2
520131,,2,1,-4,-1,7,-1,-1,-0,-1,1,-1,-1,0,0,-2,3,-0,-3,3,0,-1,1,-1,-1,2,1,-2,3,-2,2,2,-0,-2,1,-0,-2,4,1,-1,1,-1,-0,0,-1,1,-0,-1,-1,1,1,-1,0,-2,1,0,-0,1,1,0,-2,2,-1,-0,1,-1
520132,,9,0,-1,2,2,-1,0,2,2,4,4,-6,3,1,4,-0,3,-1,2,2,-1,0,3,-5,5,2,-0,1,-1,0,1,2,-2,0,3,-2,3,2,-2,1,1,-1,1,1,-2,1,3,-11,6,2,-1,-2,-2,-4,5,2,-1,0,3,-4,1,1,-3,3,1
520134,,10,-3,-8,0,1,-4,1,2,-2,-6,9,-10,2,4,-1,-0,1,-1,-3,7,-0,2,2,-2,0,3,5,3,-0,-1,-5,4,-1,4,-3,-3,-2,3,2,-1,-1,0,-4,1,0,-1,-0,0,-1,-0,0,0,0,0,-2,1,0,-1,0,-4,-0,1,-3,1,0
520135,,1,-0,-3,1,0,3,-2,-1,-1,-3,1,-9,6,1,-2,1,-0,-2,4,0,-4,2,1,-3,2,1,-1,3,-3,-1,7,-1,-4,4,0,-6,6,-0,-2,2,-5,1,5,-0,-4,3,1,-5,4,0,-2,2,-3,-2,5,-2,-1,3,-0,-6,4,-0,-2,0,-1
520136,,3,-0,-4,-6,7,0,0,1,1,4,-3,-8,4,0,-2,2,0,-1,1,-1,1,0,1,-2,3,5,0,-1,2,-2,1,-2,1,-2,-3,-1,2,1,0,1,-1,-3,2,1,-1,-0,-2,-2,2,-2,-0,-1,-1,1,0,-1,-0,4,-2,-3,4,0,1,1,2
520137,,1,-1,6,0,-5,1,3,-1,-2,2,-1,3,1,-2,-0,-1,1,-1,2,-0,-0,1,1,-5,3,3,-2,1,-1,0,7,-1,-3,2,2,-1,3,-1,1,1,0,-0,2,1,-1,-1,1,-2,1,1,-1,3,0,0,3,0,-1,1,2,-2,4,-1,-0,0,-0
520138,,-0,0,-1,1,0,0,-1,0,0,-0,1,-1,-0,0,-0,1,-0,-0,0,-0,-0,0,0,-1,0,-0,0,0,-0,0,2,-0,0,0,1,0,-0,1,-0,1,0,6,0,0,0,0,-0,-0,0,0,1,-0,0,-0,0,0,0,-0,2,-0,1,0,0,1,-0
520139,,0,0,-5,-10,12,0,3,1,-0,-1,-1,0,-1,-0,1,1,1,0,0,-0,-0,0,-0,0,0,-0,0,-0,-0,1,0,0,0,0,0,0,-0,1,-1,0,0,5,1,0,1,1,0,0,1,1,1,0,0,0,-0,-0,0,0,1,2,0,0,0,0,-0
520140,,-2,-1,2,2,-5,-3,0,3,-2,1,1,-2,-6,3,0,7,0,-1,-2,0,2,1,-2,0,2,-3,3,1,1,1,3,-1,1,0,-0,-3,1,1,2,0,1,0,2,-1,1,0,1,-3,0,2,0,-1,1,-3,4,-0,1,0,-2,-1,2,0,1,0,-1
520141,,-1,2,-5,7,-7,-5,6,-1,-3,-3,3,-5,-0,0,-1,1,6,-2,-1,-1,3,-1,2,1,1,-0,0,1,-3,1,-3,1,2,1,-3,-3,-5,-0,2,-0,3,-1,1,1,-1,1,-5,3,-1,2,0,-1,-0,-1,2,-1,-0,0,0,-0,0,-1,2,-2,-2
520142,,1,1,-2,-1,3,1,-5,1,1,-0,1,-5,3,2,2,-1,-0,-1,4,-2,2,3,-2,-4,3,0,1,0,1,-1,-1,-1,4,0,-1,2,2,1,0,1,0,-1,-3,3,-3,-0,2,-2,1,-0,0,1,-0,-1,-1,4,2,-3,2,-5,2,1,-3,-0,1
520143,,,,,,,,,,,,,,3,1,-0,-4,-2,-3,5,-0,0,-9,-2,-0,-0,-0,-5,-0,-3,0,1,2,-2,1,-9,5,5,-2,2,-1,-5,2,4,-3,3,-4,-5,-1,3,-5,6,-6,-3,5,-2,-3,1,-1,-0,-2,7,-5,5,-9,8
520202,,0,-0,-0,-2,3,1,-0,0,-0,-0,-1,2,0,-0,-0,1,-0,-0,-1,1,2,0,1,-1,0,-0,1,1,-3,2,-1,1,-0,5,-3,4,1,1,2,-0,2,-3,5,5,4,-4,4,-1,1,0,-2,4,2,1,1,1,-0,-1,1,3,0,0,-0,3,3
520207,,0,0,2,0,0,0,0,0,0,0,0,0,0,0,2,0,0,0,0,0,0,0,0,0,0,0,0,0,0,0,0,0,0,0,0,0,0,0,3,0,0,0,0,0,0,0,0,0,0,0,0,3,0,0,0,0,0,0,0,0,0,0,0,0,0
520209,,-1,5,-5,-0,-3,-7,1,-0,-13,19,8,0,2,-3,-0,4,-6,4,0,-3,2,-2,3,1,4,-0,0,-0,6,-4,-0,2,0,-1,0,1,7,4,0,3,-3,-0,2,-2,0,3,-0,2,1,1,-0,-0,0,1,-1,3,-6,2,-3,4,-1,1,1,2,-5
520213,,-1,1,-0,1,-0,0,0,1,-0,-0,-1,-2,-1,-1,1,-1,-0,-2,2,-1,-0,-0,-0,-0,1,2,2,1,2,2,5,2,-0,3,1,1,-1,1,0,-2,3,1,0,-2,1,-0,2,-2,0,-2,-0,-3,-3,-0,-1,3,-5,-0,-1,0,-1,1,-0,1,0
520215,,-8,5,-5,-0,2,5,-6,2,0,2,-2,0,-1,6,-7,9,-8,5,-6,0,3,2,-2,2,-1,-0,2,3,-6,7,3,-7,12,2,-8,9,-1,-1,3,1,-2,3,8,-10,7,-1,2,3,1,-5,3,-5,4,-3,2,2,-4,4,-3,5,-5,1,2,-2,0
520216,,4,-3,2,-2,-1,1,-5,-8,-0,-0,5,-1,2,-5,0,-1,5,-5,5,-6,2,3,-1,2,-0,3,-2,2,2,2,0,-0,1,-3,4,-2,0,-0,4,4,-1,3,-0,2,-3,1,-2,4,-2,4,-2,4,-2,1,1,1,-0,-2,2,1,-0,-0,-3,2,1
520219,,3,2,-6,-1,6,-3,-2,0,-2,0,1,1,0,-1,1,-1,1,-0,0,0,0,-1,1,4,-4,4,-1,6,-4,3,1,2,3,-1,4,-2,3,2,-2,1,0,-1,-1,1,4,-1,-0,4,-3,3,-3,2,1,-4,6,-3,2,-1,2,-4,2,-1,-1,-0,-1
520222,,-0,-1,2,-0,3,-3,-1,0,0,-3,3,-2,0,-0,-0,0,1,-0,1,-1,-0,0,-0,-1,3,-1,2,-2,2,-0,-0,2,-2,-2,4,5,-1,2,3,0,3,-2,1,1,0,-0,2,1,0,0,0,-4,2,1,-1,1,-1,2,0,1,0,0,-1,0,0
520223,,-1,2,-3,4,-0,-1,1,1,2,-1,1,1,-1,1,-0,-0,1,0,-1,1,0,0,-0,-13,-1,1,21,1,3,-2,1,3,1,-0,3,-1,1,-0,3,1,-1,1,0,0,1,-0,1,0,-1,0,-1,-10,13,0,-0,1,1,-0,0,0,0,-2,-0,-0,2
520226,,-5,6,2,0,-7,1,-2,-2,5,1,-10,10,-3,4,-6,5,-4,7,-6,-0,8,-6,6,-2,1,4,-4,-2,3,1,-1,7,1,-5,5,4,-2,3,-5,3,0,-1,5,-2,5,-9,6,1,-2,0,1,-0,0,-0,2,1,-3,-0,2,6,2,3,-1,2,-6
520227,,0,1,3,-5,4,1,1,-3,1,-2,-3,-1,-1,1,0,1,2,-2,3,-2,-1,-2,0,3,-4,0,1,-1,2,-3,5,-0,7,-0,1,0,1,0,1,-0,-0,-1,3,0,-1,0,1,-0,1,2,0,-0,0,-0,0,1,-0,-2,1,1,1,-1,0,0,-1
520228,,0,-0,-2,0,-2,0,-1,-2,4,0,1,0,1,-1,-0,-1,-1,2,-0,1,0,1,0,1,-0,-2,-2,2,0,-2,2,4,4,1,1,1,0,0,-2,-0,-1,1,-1,4,1,-0,-0,1,1,-0,-1,0,1,-2,2,1,-1,1,-0,0,1,-4,1,-3,4
520230,,-1,1,-0,-4,5,-7,-1,0,0,-2,-0,1,-2,1,-1,-2,1,0,-5,6,-1,2,-0,0,-1,0,-2,0,1,1,2,0,2,-1,0,3,-0,-1,1,0,-2,1,0,-1,2,-0,1,0,-1,-0,1,2,-1,1,0,1,-2,1,-2,0,-1,1,-0,1,-0
520234,,-1,-2,3,1,-2,0,-1,2,-3,1,-2,2,-2,3,-1,3,-4,2,1,-0,-1,-0,-2,2,1,-2,-3,6,-1,2,4,-1,-1,-2,-0,7,-2,1,5,-1,-2,5,-2,5,-0,-4,-4,4,-1,3,-1,2,-3,2,2,-1,-2,-3,3,1,-1,-1,0,2,-4
520235,,1,-8,-4,1,-1,-2,3,-0,5,2,0,-0,0,-3,-2,-1,-1,-1,0,1,0,4,1,-6,1,1,-0,-8,-0,-2,8,2,5,2,2,-1,2,-0,-4,2,2,1,-2,6,2,1,1,1,1,-0,-2,-1,2,-3,2,4,-1,-0,-0,6,0,-1,-1,-1,-0
520236,,-2,1,1,2,-1,-1,0,1,0,-1,0,0,0,-1,0,0,-0,0,-2,2,1,1,-3,0,5,-1,1,-0,1,0,-1,0,2,-0,-0,2,-0,0,4,2,0,-1,0,2,2,-0,0,2,-0,1,-0,4,-2,2,-3,4,-2,-2,3,-1,-3,1,-2,3,-2
520237,,2,-1,-1,2,-1,-2,2,1,-2,4,-2,-1,1,-1,1,-1,-0,-1,2,-0,2,-1,-0,-1,2,1,1,-1,3,-1,0,3,0,-0,3,1,-0,-1,2,-5,4,-12,-5,9,-1,5,-9,11,-3,2,20,2,-4,4,-2,-1,2,1,-1,-4,4,-0,-0,3,-0
520238,,8,-7,11,-5,1,-6,2,4,-11,15,-10,10,-11,14,-11,11,-10,10,-9,-1,12,-4,5,-8,11,-9,9,-7,7,-5,-1,8,-6,7,-6,10,-9,11,-4,2,-1,2,3,-7,10,-6,-7,6,-1,0,1,-3,1,-0,-3,1,4,-4,1,3,1,-2,-1,3,-5
520241,,-1,-1,1,-1,-1,2,-2,1,1,-1,0,2,0,1,1,-0,-0,-1,-1,-0,3,-2,1,0,0,1,-2,-0,2,-1,0,0,0,-1,1,0,1,0,1,1,1,1,-1,-1,1,-0,1,0,-0,-0,3,0,0,-2,-1,5,-1,-1,1,-1,-1,0,1,-1,0
520242,,2,3,1,-1,1,0,-1,-2,-1,4,-3,-0,-2,3,1,2,0,-0,0,-0,-2,-0,0,-1,0,1,2,-1,0,1,3,3,-0,0,3,7,-0,4,1,1,1,0,-0,0,-0,3,-0,-2,-1,2,2,0,-3,1,0,2,0,-0,0,-1,-0,2,4,1,2
520243,,1,-0,-2,4,-0,-2,2,-0,2,-2,1,-0,0,-0,-0,2,0,-1,0,-0,-0,-0,-0,1,-0,-1,3,-1,1,0,1,-0,-2,-0,2,-0,0,1,3,0,0,0,1,-1,2,-0,1,1,-0,1,-1,-1,-1,2,0,-0,1,-0,0,1,0,-0,0,-1,1
520244,,-1,-5,3,4,-9,-0,8,-13,10,3,-8,1,3,-2,4,-3,0,-8,8,-1,3,-1,-7,11,-4,-3,-1,5,-5,4,1,-4,5,-3,7,-2,3,4,1,-4,-4,10,-8,2,4,-3,-7,9,-2,3,-4,7,-4,3,-2,-2,2,3,-0,-5,2,4,1,-2,5
520245,,0,-4,2,-6,1,2,0,6,0,1,0,0,-3,-1,5,-10,3,4,-4,1,2,2,3,-0,-0,-2,1,-7,1,-1,1,2,2,2,1,1,2,0,-4,4,-4,2,2,2,-1,1,-1,4,0,-0,-2,-2,0,-3,8,-1,3,1,1,1,-0,0,-2,-2,-2
520246,,0,-1,-3,3,-0,-3,4,2,2,-1,-5,8,-6,4,3,-3,2,0,-3,5,0,1,-1,2,-3,2,-1,0,2,0,-2,2,2,-1,1,-1,1,-2,0,0,2,2,-1,-1,0,-1,1,1,1,-1,-3,1,1,2,0,0,-1,0,2,0,-4,2,-0,-4,3
520247,,-1,-1,2,-0,1,8,-2,-7,4,-3,-10,2,4,-3,-2,2,1,1,-1,-2,-1,2,-3,4,-6,6,1,-2,3,-2,2,-3,8,-1,3,-1,5,-2,4,-3,5,-1,0,-2,4,2,-3,3,1,1,3,0,1,-3,2,1,-2,2,-2,-1,-1,2,0,5,-3
520248,,-2,1,2,0,-9,4,-2,1,4,-5,-0,7,4,-4,5,-1,-2,1,1,-3,6,-3,3,-6,6,-3,0,-2,5,-2,-0,4,0,-2,2,5,-3,4,-6,5,-3,-1,5,5,4,-6,2,2,0,-1,1,1,1,-2,1,3,-0,-2,3,-4,1,5,-3,4,-2
520249,,1,1,4,3,-2,-4,0,-5,-0,-1,-0,0,1,1,-2,3,3,4,-1,-3,7,-7,4,-1,6,-6,4,-1,-1,5,-3,4,-2,2,2,3,3,1,0,-1,3,-2,2,-1,-0,-1,0,-1,0,-2,-2,1,-0,-2,0,-1,1,-0,-0,1,-0,0,-0,-0,-0
520250,,0,-1,-2,2,1,-2,2,0,-1,0,1,1,-3,-0,2,-1,1,0,-1,1,1,-2,2,-1,-1,2,-1,2,4,0,0,0,0,0,1,-0,-0,-1,1,1,-0,0,-1,-1,1,-2,2,-2,1,1,-0,0,-1,0,1,1,-1,1,2,-0,-0,-1,1,-1,2
520251,,5,5,-1,0,5,-1,-2,-1,-2,0,-8,2,1,3,3,-1,2,-0,0,-3,-0,-2,-0,2,-0,3,1,1,1,0,2,-0,-4,2,-0,2,6,-4,3,-1,1,2,-1,-0,2,-1,1,1,0,4,0,-0,1,-0,0,-1,1,-2,0,1,-1,1,0,0,0
520252,,-9,11,-7,-1,1,4,0,-3,2,-1,-4,8,-6,2,2,-4,1,-1,1,-5,3,4,-5,7,-6,1,1,1,5,-2,3,-3,4,-3,6,-2,3,-5,3,4,2,4,2,-2,-3,1,-0,5,0,-3,2,-1,1,-1,2,0,-0,-0,1,1,-2,-3,10,-6,3
520253,,3,-4,0,-1,-3,5,2,-3,4,-2,-6,4,2,1,-2,1,-0,2,-3,4,1,-4,-0,5,-1,2,-3,1,-4,4,-0,2,9,-8,1,7,-1,1,-4,7,-5,-3,10,-2,4,-4,-1,6,3,-5,0,2,-5,5,-0,-5,4,-4,-1,5,2,1,-2,2,-8
520255,,,,,,,,,,,,,,,,,,,,,,,,,,,,,,,,,,,,,,-1,-2,-1,6,7,-4,-2,4,-2,3,-5,9,-5,4,1,-2,4,-3,2,2,-7,5,-3,3,-5,8,-6,7,-3
520256,,,,,,,,,,,,,,,,,,,,,,,,,,,,,,,,,,,,,,2,3,0,-2,1,-3,0,-2,4,-0,-1,2,-3,2,3,-0,-2,2,1,-3,2,-0,3,1,-2,-1,2,-6,2
520301,,0,0,-0,0,0,6,1,1,1,-0,0,-0,0,0,0,1,0,0,0,0,-0,0,0,1,1,0,1,1,1,-0,1,0,0,1,0,1,1,0,1,0,0,0,-0,1,0,0,0,1,0,1,1,0,0,0,0,0,0,0,1,1,1,0,1,1,0
520303,,0,0,-0,0,0,5,-0,1,0,-0,0,-0,0,0,0,1,0,0,0,0,0,0,0,1,0,0,1,1,0,0,1,0,0,1,0,0,0,0,1,0,0,0,0,1,0,0,0,0,0,1,1,1,0,1,0,0,1,0,0,0,1,1,1,1,0
520311,,1,0,-0,0,0,4,0,-0,0,-0,0,-0,0,0,0,1,0,0,0,0,-0,0,0,1,0,0,1,1,0,0,1,0,-0,1,0,0,1,1,1,0,0,1,0,0,0,1,1,0,0,1,1,0,0,0,0,-0,-0,1,0,1,0,1,1,0,0
520313,,0,0,-0,0,0,4,-1,-0,1,-0,-0,0,-0,0,0,0,-0,0,0,0,-0,0,0,0,1,1,0,0,1,0,0,0,0,1,0,0,1,0,1,0,0,0,-0,0,0,0,0,0,0,0,1,0,0,0,0,0,0,0,0,0,0,0,0,0,0
520318,,0,0,-1,1,0,0,0,0,0,0,0,8,0,0,0,0,0,0,0,0,0,0,0,4,0,0,3,0,0,-2,0,0,4,0,0,0,0,0,0,0,0,0,0,0,0,0,0,0,0,0,0,0,0,0,0,0,0,0,0,0,0,0,0,0,0
520324,,-0,0,0,0,0,0,0,0,0,1,0,0,0,0,0,1,1,0,0,0,0,0,0,0,0,0,1,1,1,1,0,1,2,1,1,0,1,1,1,1,0,2,1,1,0,1,0,1,1,0,0,1,1,1,0,1,1,1,0,1,1,1,1,0,1
520325,,-0,0,0,0,0,-0,0,0,1,0,0,1,0,0,1,1,1,0,0,1,-0,-0,0,0,0,1,0,0,1,1,0,1,2,1,1,1,0,0,1,1,1,1,1,0,1,0,1,1,0,0,1,1,1,1,0,0,0,0,1,1,1,1,1,1,1
520326,,1,0,-0,0,0,9,-5,-2,1,-0,0,1,0,-0,0,0,-0,1,0,1,0,0,0,0,1,1,1,0,0,1,2,1,0,0,0,0,1,0,0,1,0,1,1,-0,0,1,1,0,-0,1,1,1,0,0,1,0,0,0,1,1,1,1,0,1,0
520328,,0,0,0,0,0,-0,0,0,0,0,0,1,0,0,0,0,0,-0,0,0,-0,0,0,3,0,0,0,0,0,0,0,0,0,0,0,4,0,0,0,0,0,-0,0,0,0,0,0,2,0,0,2,0,0,0,0,0,0,0,0,2,0,0,2,0,0
520331,,-0,0,-0,0,0,4,-1,1,1,-0,-0,-0,0,0,0,1,-0,-0,-0,0,0,-0,1,0,-0,1,0,1,-0,0,0,1,1,1,2,0,1,-0,1,-0,1,0,1,-0,0,0,1,-0,1,1,-0,1,0,0,0,1,-0,0,0,0,1,-0,2,0,0
520332,,0,0,-0,0,0,-0,1,0,1,1,0,1,0,0,0,0,1,0,0,0,0,0,0,0,1,0,0,0,1,0,0,0,0,0,0,0,0,0,0,0,0,0,0,0,0,1,0,0,0,0,0,0,1,0,0,0,0,-0,0,0,0,1,0,0,1
520333,,8,0,0,0,0,0,0,0,0,0,0,0,-0,0,0,0,0,0,0,0,0,0,0,0,0,-0,-0,0,0,0,0,0,1,0,-0,0,0,0,0,0,0,0,0,0,-1,1,0,2,0,0,0,0,0,0,2,2,0,0,0,0,0,1,0,0,0
520334,,,,,,,,,,,,,,,,,,,,,,,,,,,,,,,,,,,,,,,,,,,,,,,,,,,,,,,,,,,,,,0,0,2,0,0
520335,,,,,,,,,,,,,,,,,,,,,,,,,,,,,,,,,,,,,,,,,,,,,,,,,,,,,,,,,,,,,,0,0,2,0,0
610110,,0,0,0,0,0,0,0,0,0,0,0,1,0,0,0,0,0,0,0,0,-0,0,0,0,0,0,0,0,0,0,0,0,0,0,0,0,0,0,1,0,0,0,0,0,1,0,0,1,0,0,0,0,0,0,0,0,2,0,0,-0,0,0,0,0,0
610112,,0,0,0,0,0,0,0,0,0,-0,0,1,2,0,1,0,1,0,0,0,-0,-0,-0,0,0,0,1,1,0,0,0,0,-0,-0,-0,0,0,0,-0,0,-1,0,0,-0,0,0,-0,0,-1,-0,2,-1,0,-0,0,0,0,1,0,0,0,0,0,0,-0
610113,,0,0,1,0,0,1,0,0,1,-0,1,0,0,0,0,-0,0,0,1,0,1,0,1,0,0,0,2,1,0,0,0,1,1,1,0,0,0,0,1,0,-0,0,0,0,0,0,0,0,0,0,1,-1,0,0,-0,0,0,1,1,0,-0,1,1,-0,-0
610114,,,,,,,,,,,,,,0,0,-0,0,0,-0,0,0,0,0,1,1,0,0,2,1,1,1,-0,0,0,1,0,0,0,0,1,0,-0,1,0,-1,0,0,0,0,0,-0,0,-0,0,0,-0,0,0,0,0,2,-1,0,0,0,-0
610115,,,,,,,,,,,,,,,,,,,,,,,,,,,,,,,,,,,,,,-1,-2,1,-0,-1,-1,-1,-1,-2,-0,-3,2,1,-3,-2,4,-3,-0,-2,1,1,-5,1,2,-3,3,-2,-0,2
610204,,-1,0,-0,0,1,2,1,2,1,-0,1,-0,0,1,1,2,1,1,0,0,2,1,1,3,0,0,1,1,1,1,1,0,-0,0,1,4,1,0,-1,1,1,1,0,0,-1,-1,-1,0,0,0,0,1,1,0,1,0,0,1,1,2,0,-1,0,-0,-0
610207,,0,0,0,0,0,1,0,0,0,0,0,2,0,0,1,0,0,1,0,0,1,0,0,3,0,0,2,0,0,1,0,0,4,0,0,3,0,0,0,0,0,4,0,0,2,0,0,4,0,0,1,0,0,0,0,0,3,0,0,1,0,0,-6,0,0
610221,,1,-1,1,0,-1,-1,2,0,0,0,-1,-1,-1,-1,0,6,1,2,0,0,-0,1,0,0,1,0,1,0,1,-0,-1,0,0,-0,-1,1,1,-1,1,-0,-0,1,-1,1,1,-1,2,3,-1,-1,-0,0,-0,-0,1,0,-0,-0,-1,-0,-0,0,0,1,0
610227,,0,0,0,-0,-0,0,0,0,0,0,-0,0,0,0,0,-0,0,-0,0,0,0,0,0,0,0,0,0,1,0,0,0,0,0,0,0,0,0,0,0,0,0,0,0,0,0,0,0,-0,0,0,0,0,0,-0,0,0,0,0,0,1,0,0,0,0,0
610228,,-7,15,-0,-8,3,-11,10,7,0,1,-11,0,-1,2,-11,22,-8,13,-9,-3,0,7,-2,1,17,3,-17,22,-13,3,-3,9,4,7,-2,-25,24,-19,28,0,-22,26,-21,31,1,-22,31,0,-13,14,-1,-3,0,-16,18,-21,0,32,0,-21,0,-3,-13,2,44
610231,,1,-0,0,0,-0,1,1,1,-1,-1,0,2,0,-0,0,0,1,1,-0,1,1,0,1,-1,1,0,1,1,1,0,1,1,-0,2,1,1,0,1,1,1,0,1,1,1,1,1,0,2,0,0,1,1,1,0,1,0,1,0,1,2,0,1,1,1,2
610232,,0,-1,-0,0,-1,0,1,0,1,-0,-2,3,0,-0,0,-0,2,0,-1,1,-0,1,0,2,1,1,1,1,0,-1,2,0,1,0,1,2,1,0,2,0,0,1,0,1,0,0,1,2,0,-0,1,1,0,-0,1,-0,1,0,-0,5,0,-0,1,-1,0
610235,,0,0,0,-0,-0,-0,0,0,0,-0,0,2,-0,0,0,-0,0,0,-0,1,-0,1,0,2,0,0,1,1,0,-0,1,1,0,1,-0,2,-0,1,1,1,1,1,1,1,-0,0,0,1,-0,0,0,-0,2,0,0,1,1,0,-0,4,0,0,1,1,0
610236,,0,0,0,0,0,-2,-0,0,0,-0,-0,0,-0,1,-0,-0,0,-0,0,2,1,0,0,0,0,0,1,1,2,-0,1,1,1,1,1,1,0,0,2,0,0,0,0,0,0,0,-0,2,0,0,-0,-0,1,1,0,0,0,0,1,2,-0,1,0,1,1
610237,,0,0,1,1,-1,1,-1,-1,4,0,1,-1,1,-0,-1,0,1,1,1,-7,-1,0,-2,5,2,0,-1,-4,6,2,-9,-0,0,-2,2,1,2,-1,1,1,-0,-0,1,-0,-1,0,0,3,-0,-0,1,0,-0,-1,0,-1,3,1,-1,1,1,0,8,4,0
610238,,0,0,1,-0,1,-3,-0,1,1,1,-0,-0,0,0,0,0,1,0,-0,0,0,0,-0,2,-0,-0,1,0,1,0,1,1,1,0,1,2,1,0,1,1,-0,1,1,1,1,1,0,4,-0,0,0,1,0,0,1,1,0,2,-0,1,0,0,1,1,0
610241,,0,1,-0,0,0,-1,0,-1,1,1,0,-0,0,0,-0,-0,1,1,0,-0,0,-0,2,1,0,0,1,0,1,1,1,0,1,-0,0,1,0,0,2,-0,1,1,0,1,-0,1,1,1,1,0,1,1,1,-0,0,0,0,-0,1,2,0,0,1,1,0
610242,,,,,,,,,,,,,,,,,,,,,,,,,,1,-1,-1,1,0,0,-0,0,3,2,-1,2,1,1,0,2,1,0,0,1,0,2,-0,1,0,1,-0,0,-0,-0,2,-1,2,-0,1,0,-1,1,-0,2,1
610303,,-0,1,-1,-2,5,3,-4,0,-1,1,-1,-0,-2,-2,0,5,3,1,0,-2,0,2,-0,0,2,1,1,2,-0,0,-0,2,3,-0,0,3,-1,-2,1,1,3,-2,0,0,1,-2,-0,2,1,-2,-1,3,0,-1,1,1,-1,-1,-0,1,-2,1,0,3,-1
610309,,-2,-4,-6,-2,-1,4,1,0,-0,-1,1,2,3,3,1,1,2,2,1,0,4,5,-0,-0,2,12,3,2,7,3,-6,-3,1,2,-5,-4,-2,-2,-2,-5,-6,-0,4,4,3,-2,-5,-2,2,2,2,-1,-3,-1,-2,-4,-2,1,2,1,2,-1,-2,-2,-0
610310,,-2,-4,-9,-3,0,5,2,0,-0,-1,1,2,3,3,1,1,2,2,1,0,3,5,0,-1,2,9,1,3,11,3,-8,-5,-2,-0,-5,-4,-1,-1,-1,-1,-1,0,4,3,1,-3,-5,-2,2,2,2,1,-2,-1,-1,-4,-2,1,1,1,1,-1,-2,-2,-0
610409,,0,0,2,0,0,0,0,0,0,0,0,0,0,0,3,0,0,0,0,0,0,0,0,0,0,0,5,0,0,0,0,0,0,0,0,0,0,0,10,0,0,0,0,0,0,0,0,0,0,0,5,0,0,0,0,0,0,0,0,0,0,0,26,-9,0
610417,,1,3,-2,-1,-0,-4,-0,-2,-1,-4,1,-4,-2,1,-1,1,2,-0,3,-0,-2,-2,1,5,-2,1,1,2,2,4,3,3,1,5,2,3,3,4,3,4,8,6,3,2,1,1,1,-1,1,-0,-1,-3,-1,1,-0,-2,-3,-1,-2,-1,-1,-1,-0,1,1
620101,,0,0,0,0,0,0,0,0,0,0,0,0,0,3,0,0,0,0,0,0,0,0,0,0,0,5,0,0,0,0,0,0,0,0,0,0,0,6,0,0,0,0,0,0,0,0,0,0,0,2,0,0,0,0,0,0,0,0,0,0,0,4,0,0,0
620105,,0,0,0,0,0,0,0,0,0,0,0,0,0,3,0,0,0,-0,0,0,0,0,0,1,0,0,0,0,0,6,0,0,0,0,0,2,0,0,0,0,0,4,0,0,0,0,0,-0,0,0,0,0,0,0,0,0,0,0,0,1,0,0,0,0,0
620106,,50,-16,44,-39,35,-19,-5,4,-5,-14,28,-19,50,-16,45,-39,35,-20,7,-20,16,15,6,-21,36,2,18,-29,22,26,0,-15,0,-9,17,-26,38,-4,6,-19,24,15,2,-6,10,-33,13,-25,28,-13,25,2,-15,18,-12,-0,15,-9,1,-19,35,-8,39,-26,19
620203,,13,-8,-0,0,0,25,38,-7,-14,-0,21,-0,0,0,0,-10,-4,3,-13,-3,-0,4,23,-20,7,-0,14,-12,8,3,5,-3,-5,2,54,-46,16,-2,-3,-1,6,1,2,1,2,-3,26,-24,4,-4,-4,4,15,-3,10,-5,-5,1,12,-10,9,-8,14,-11,4
620205,,0,0,1,0,0,0,0,0,-0,0,0,0,-0,0,1,0,0,0,0,0,-0,0,0,0,0,0,3,0,0,0,0,0,0,0,0,-4,0,0,0,0,0,4,0,0,0,0,0,0,0,0,1,0,0,1,0,0,1,0,0,4,0,0,2,0,0
620302,,0,0,3,0,0,0,0,0,0,0,0,0,0,0,0,0,0,0,0,0,0,0,0,0,0,0,1,0,0,6,0,0,1,0,0,1,0,0,1,0,0,5,0,0,1,0,0,1,0,0,0,0,0,4,0,0,-0,0,0,0,0,0,1,0,0
620303,,-0,1,0,1,1,0,1,1,1,1,1,1,1,0,-0,0,0,1,1,1,0,1,1,1,1,-0,0,1,0,1,0,-0,1,0,0,0,1,-0,0,1,1,1,0,1,0,0,0,0,0,-1,-0,0,-0,-1,0,1,0,0,0,-0,-0,-0,0,-1,1
620304,,2,1,2,-3,0,0,-3,1,-2,0,3,-4,6,1,-2,-0,2,1,-0,5,2,2,2,-0,-1,1,2,-0,0,1,0,-1,2,-1,-1,-5,4,2,1,3,-2,-1,3,1,-0,-4,4,-5,2,0,-3,4,-0,-1,-2,2,0,-4,3,-2,3,-1,-4,1,2
620307,,-2,-1,-2,-3,3,1,5,4,4,3,2,3,-1,1,-2,2,4,4,9,4,6,4,4,3,-1,-0,3,2,4,5,-1,-2,-2,-4,-6,-4,-2,-2,5,4,1,2,-5,-3,-4,-3,-3,-2,-3,-1,3,1,3,1,-2,-2,-5,-3,-4,-2,-1,3,5,3,1
620308,,0,1,1,0,1,0,0,1,1,0,0,1,1,0,0,0,-0,0,-1,1,0,-0,-0,1,0,1,1,1,1,0,1,1,1,-0,-0,0,1,1,1,1,0,1,-0,0,1,-0,0,1,0,1,0,-0,0,0,-0,1,-0,0,0,0,-0,0,0,1,1
620310,,5,5,15,-6,5,9,-1,-19,-0,-5,23,-22,5,6,16,-5,5,9,11,-23,5,-6,39,-29,7,1,14,3,6,22,13,-25,1,-10,61,-42,6,8,3,20,2,25,-2,-23,-5,-14,57,-39,6,0,7,15,3,13,22,-35,6,-19,16,-19,6,-0,27,-5,8
620311,,11,-11,22,-8,10,8,6,-14,-6,-11,17,-15,11,-11,23,-8,10,8,9,-14,-9,-1,4,1,4,-5,13,-5,5,4,4,-12,-1,-3,4,1,8,-1,2,-2,10,7,1,-12,-3,-5,2,2,7,-4,3,5,5,5,6,-17,-6,-3,2,2,6,-6,16,-10,5
620313,,0,0,0,0,0,7,0,0,0,0,1,0,0,0,0,0,0,0,0,0,0,0,0,0,0,0,1,0,0,0,0,1,0,0,1,1,1,0,0,1,0,1,0,0,1,0,0,0,0,0,0,4,0,0,0,0,0,0,0,1,0,0,4,-1,0
620314,,0,0,0,0,0,2,0,0,0,0,0,5,0,0,0,0,0,0,0,0,1,0,0,8,0,0,0,0,0,6,0,0,1,0,0,9,0,0,0,0,0,-0,0,0,7,0,0,1,0,0,-0,0,0,0,0,0,2,0,0,0,0,0,5,0,0
620315,,0,-0,0,0,-0,1,0,0,-0,-1,-0,0,0,0,0,-0,1,0,-0,0,-0,0,0,0,-0,0,1,0,0,1,1,0,0,-0,0,1,0,-0,1,1,0,1,0,1,0,1,1,0,0,0,1,1,1,2,0,0,0,-0,0,1,-0,0,0,1,1
620317,,1,0,1,1,4,1,-0,2,1,1,1,-0,0,3,2,0,1,3,1,-2,5,0,2,1,1,1,0,-1,1,-1,1,-1,-1,-1,-1,-0,4,1,-0,-1,1,2,-0,-0,2,-1,0,-4,1,0,1,0,1,-2,2,0,1,-2,-1,2,-1,0,-1,2,-1
620318,,3,1,-1,3,-1,2,2,1,-1,0,0,-1,3,3,1,2,2,1,1,2,1,-0,-0,0,1,1,0,0,1,-1,1,1,0,-0,-1,-0,1,-5,6,-2,1,-5,2,1,-1,-4,4,-4,2,-1,-0,1,0,-1,-2,3,0,-2,-1,1,-1,-1,-1,2,1
620319,,-2,3,0,-2,2,-0,5,3,-1,1,1,-0,-0,0,1,-1,1,-3,3,1,0,0,1,0,1,-0,-3,4,-1,-1,-1,2,1,-2,-0,2,2,0,-1,-1,1,0,-0,-0,1,1,-0,-1,1,-0,-2,1,1,1,0,1,0,-0,-2,3,-3,-0,0,1,0
620320,,1,2,-0,0,0,15,0,-4,-0,-0,-1,-0,0,0,0,1,0,-0,4,2,-0,-0,-3,-5,5,2,5,21,9,7,6,-1,-3,-6,-6,-10,-0,4,6,7,3,3,4,8,1,-5,-7,-11,-4,2,3,6,7,6,7,9,-4,-6,-7,-15,-2,-1,5,12,6
620321,,,,,,,,,,,,,,,,,,,,,,,,,,2,-0,2,1,1,-0,0,-0,2,-1,1,-1,1,-1,2,1,-1,-3,1,0,0,-1,-2,1,0,1,0,-2,0,-1,-0,-2,1,-3,-0,-1,4,-1,-1,1,-1
630122,,2,4,5,-1,1,7,-3,10,-4,1,1,-3,4,-5,0,1,0,-0,-5,3,3,-2,0,-3,2,-3,2,-2,-0,-4,5,1,4,-7,-1,-2,1,2,-2,-2,-7,5,5,-8,7,-6,0,6,-4,1,-1,1,-2,-3,5,-2,2,-7,6,-7,0,-5,4,-6,4
630127,,0,1,0,-5,-2,-1,-2,-1,-3,-0,1,-3,3,4,-1,4,1,0,1,-3,3,-5,-0,-2,-4,-6,-1,1,2,-0,-2,-0,-2,1,-5,2,1,2,-5,0,-1,1,-0,-8,1,-2,3,0,-1,-2,2,-4,-1,-4,2,-2,-1,-8,-0,-1,4,-3,1,2,-6
630129,,-2,-3,4,-0,1,-3,3,2,3,-2,-1,-1,-2,-2,-3,2,-0,-2,4,-0,3,-4,2,-3,-2,-1,-1,-1,7,-4,-4,-0,1,-5,0,-2,-2,2,-2,-6,9,-3,5,-5,0,-0,-3,-4,-4,5,-7,5,-4,-6,10,0,-6,-8,8,-5,2,2,-4,5,0
630138,,1,-0,-0,2,-1,-1,-1,3,1,-1,-3,1,-0,-0,0,1,4,-2,2,3,-1,2,-1,1,-0,-1,0,2,-1,0,-1,3,0,1,2,-5,1,-3,3,-6,2,-3,7,-1,1,0,-4,1,1,1,1,1,2,-2,1,-1,2,-2,-1,-1,1,-0,-0,1,2
630153,,-4,3,3,1,-1,-1,-1,-1,-0,-0,-2,1,1,1,-4,-3,2,-3,2,-1,-2,3,2,-0,-4,7,-8,-1,0,-2,7,2,-8,10,2,-0,-7,11,3,-2,-3,-0,2,-6,-0,2,-3,3,-5,6,-6,-4,2,3,-7,2,-9,8,-7,14,-2,0,-8,5,-4
630156,,1,0,-0,3,-5,2,1,1,0,-3,-2,-1,2,-2,1,1,-1,-1,3,2,0,-2,-2,3,-2,-0,0,4,-1,-1,-1,-1,2,2,-7,2,-2,6,1,-1,2,-2,-3,6,-2,-4,-5,4,-0,1,-2,-0,-3,1,0,1,0,-2,-3,5,-1,3,-3,4,1
630159,,-2,-1,-3,3,5,0,1,-1,1,-3,1,-0,2,2,-3,1,8,-2,-1,4,-1,-0,-2,4,-3,0,-5,-4,1,-2,1,2,-3,-2,5,-4,1,1,-2,2,-0,-4,4,-3,1,-3,2,-3,1,-2,4,-4,3,0,1,-3,4,-7,2,-3,1,-3,-2,-4,-0
630160,,1,0,-2,1,-5,-1,5,-1,-3,-2,1,-1,2,-1,-2,7,-5,7,3,-0,-1,-3,-3,-4,-3,-4,-6,-3,-2,4,1,3,-2,3,9,-5,-0,0,2,-2,1,1,-0,1,-0,-4,-0,-1,3,-2,-3,-5,3,4,1,-1,-2,-1,0,-0,-1,-2,-3,-9,-0
630161,,-4,1,0,7,3,1,0,-4,-1,8,-4,-2,-4,6,2,-3,-0,4,-6,3,2,-10,7,-1,-4,6,-18,17,5,-13,12,-3,-12,1,1,4,-3,8,5,-7,-1,-3,13,-1,-4,-9,13,-3,-5,7,-6,7,-3,3,-5,2,1,-1,-7,9,-0,0,0,0,-1
630162,,-1,2,-4,1,2,-2,5,-2,6,-4,-3,8,-2,-1,-1,5,-1,1,1,-0,4,-3,-3,-1,3,-0,3,0,3,-4,5,-3,3,0,-3,2,-2,2,-1,0,-1,-1,5,-1,-2,-2,0,1,-1,0,-3,-3,4,-1,-1,2,3,-6,-4,9,1,-7,-0,-4,0
630163,,2,-1,-16,18,1,-1,0,-6,-18,27,-14,1,10,0,-3,-5,8,-0,0,-0,-22,27,-20,7,-19,27,-39,63,-33,-3,25,-3,-12,28,-29,33,-6,47,1,0,-0,0,-16,19,-26,29,-42,20,-3,50,-37,57,-1,3,-0,-0,-41,56,-35,67,0,0,-2,0,2
630164,,1,2,-2,2,-1,-1,5,-3,-2,-2,-0,-1,0,2,2,2,2,-11,-2,1,3,2,0,4,3,7,-0,-0,3,2,1,-2,-1,0,-3,3,2,-1,-2,4,0,-4,0,2,1,-3,-1,1,2,-1,3,-1,1,-1,-1,-1,1,-3,0,-1,5,-2,1,0,1
630165,,1,-2,-3,-0,2,2,-5,6,-2,-0,-3,4,2,-3,-1,4,1,1,-6,6,-0,-1,-3,6,1,2,-2,-1,0,1,0,-3,2,1,10,-2,1,-3,-0,-0,-2,-0,-3,2,1,0,1,5,2,1,-1,2,3,-8,7,-5,-7,-1,6,19,-7,5,-1,2,-1
630166,,,,,,,,,,,,,,,,,,,,,,,,,,,,,,,,,,,,,,7,-7,2,8,-1,-2,4,-2,1,-3,-8,4,7,2,-1,-6,-5,3,4,-1,6,-8,-0,-1,12,-8,-5,7,-3
630167,,,,,,,,,,,,,,,,,,,,,,,,,,,,,,,,,,,,,,0,5,-2,3,-5,-2,-1,-1,1,-3,13,-2,1,-9,21,-3,-5,6,-1,-6,4,-0,-4,4,3,-4,4,-4,-6
630168,,,,,,,,,,,,,,,,,,,,,,,,,,,,,,,,,,,,,,,,,,,,,,,,,,,,,,,,,,,,,,-4,-6,1,2,-6
630223,,56,-21,32,-18,14,1,7,-3,2,11,-3,-25,24,11,-25,18,5,-26,42,-7,1,8,-3,-27,22,16,-15,19,-12,-1,11,-15,17,-5,5,-23,24,-8,20,-3,2,-4,8,-14,8,7,-17,-5,16,7,5,-2,-4,-4,4,11,2,-9,8,-14,17,-10,-8,15,-1
630224,,3,-3,15,-10,2,-3,-17,-2,-5,6,-7,14,-9,-14,21,-3,13,5,-5,19,-10,-1,-6,-14,36,-0,-8,5,-6,-8,8,-3,8,1,-14,4,-1,-2,-10,4,8,5,3,7,2,-4,-2,-6,7,-7,1,6,-10,0,18,-3,-6,10,-7,-4,2,8,4,-1,2
630225,,20,-18,21,-18,30,-13,14,-2,-7,-0,15,-16,-5,-7,8,2,9,-20,16,13,-16,16,-11,22,-9,-14,21,-12,15,-3,-2,0,-16,17,-1,-11,16,0,-4,-4,-4,7,-13,3,13,-0,5,-9,-4,-7,21,1,-13,8,-8,11,-20,13,7,7,-3,2,-11,2,12
630226,,-0,2,2,-3,4,-7,2,-6,1,1,-1,-3,5,-0,6,-1,-6,9,3,7,0,1,-1,-10,1,-2,2,1,-0,0,-3,4,-3,2,5,-0,4,-5,0,0,1,-0,0,1,1,-1,-2,2,-0,0,-1,1,-0,2,-0,0,1,0,2,-1,0,0,-2,1,0
630228,,-4,0,-0,2,0,-4,-10,3,4,-7,6,-2,-3,-12,7,15,3,0,-10,2,2,-0,-4,6,8,-4,-1,-0,-4,-5,5,3,7,-4,-5,-2,1,-10,-0,6,-1,11,-6,-0,2,6,2,-9,-5,1,10,1,-15,-4,12,4,18,-13,18,-7,-1,10,1,4,1
630230,,21,-5,4,7,-19,-0,5,13,-7,19,18,-28,28,-4,9,-11,5,0,2,-12,2,-11,29,-13,3,10,2,-5,1,-4,1,6,2,-6,6,-16,8,9,11,-13,-6,7,9,1,3,9,10,-6,-10,9,-4,25,1,2,-2,-2,-9,-8,-5,3,-6,-2,2,-10,-6
630232,,-6,-6,12,-1,-0,-1,-13,4,-8,-2,14,3,-4,-14,10,-8,11,-11,17,1,-14,11,-2,4,17,-9,4,7,-21,-0,19,-15,6,0,-9,0,4,9,4,12,-3,-24,28,3,-5,1,7,-12,13,-14,10,-5,-9,8,7,2,4,-14,0,2,-3,25,-14,3,4
630233,,3,2,-4,-0,-0,-3,-2,1,-2,-10,0,-7,0,5,-3,-1,15,-2,-13,3,12,-13,-3,10,3,5,-5,5,-5,-16,14,3,1,-2,5,-13,-11,1,-3,15,2,7,3,-2,-0,8,-7,-2,0,0,5,-4,-23,16,4,-5,-4,21,12,-15,0,8,0,6,-0
630234,,3,-3,5,0,-1,1,0,4,-2,-1,3,-2,1,-3,-3,2,9,-8,-1,-2,-0,-1,-3,3,5,-8,-4,3,3,-3,2,-2,-4,4,-7,8,0,2,3,-2,3,-7,2,3,5,-0,-1,9,-13,14,-7,-8,6,2,-0,-1,-3,3,-5,6,10,2,-4,-1,2
630235,,,,,,,,,,,,,,,,,,,,,,,,,,,,,,,,,,,,,,,,,,,,,,,,,,33,4,-5,-6,8,2,2,-1,5,-7,6,-10,11,-13,6,1,2
630309,,-4,5,1,-5,5,-0,3,-2,-1,-0,-6,6,-0,1,1,-0,-1,0,4,2,-2,-8,-5,6,4,-3,-1,-3,2,4,-4,7,-5,-1,-8,5,2,-0,-1,1,-1,5,-0,-5,-5,6,-7,7,3,2,-6,-1,0,1,-1,-3,-1,1,-0,4,3,2,-3,-1,3
630312,,1,-1,5,1,1,-2,-0,-4,1,8,-1,2,-4,4,-3,-2,-0,-0,1,1,1,-1,4,-1,6,-2,-4,-0,4,-2,3,-0,2,-2,-4,3,1,4,-3,-0,4,-7,1,1,-5,3,0,0,-3,3,-1,1,-3,-0,-2,2,-3,0,-2,2,-0,-1,-5,2,0
630313,,-0,-1,-6,2,0,-3,3,1,1,-3,2,3,-2,0,-1,-0,-1,-1,2,3,-4,2,-1,1,5,0,-2,4,-2,2,0,-2,1,1,-8,9,3,2,-1,-0,-1,1,1,-1,-3,2,2,-1,-3,3,-0,-0,1,-1,-3,3,1,1,-1,1,-1,1,-2,1,1
630314,,-3,0,4,4,-5,-2,1,2,-3,2,1,3,-1,-1,0,-2,0,-1,0,1,-1,-1,1,2,-0,-2,-1,0,0,1,-2,2,-0,1,-5,3,3,-4,1,-0,-2,-1,3,-0,-1,0,0,-0,-0,-1,-0,1,-0,1,-1,-2,-0,-3,-3,5,3,-1,-4,-1,-0
630317,,3,-2,-7,3,2,-1,0,-1,1,-3,-1,3,12,-4,1,-2,-7,6,-0,4,-4,2,-2,-2,3,3,-0,3,-4,-0,-7,6,1,3,-1,2,3,-1,1,2,-4,1,-5,4,1,-0,-3,1,-1,4,0,-1,-2,0,2,1,-2,-1,3,0,-5,0,-2,2,-1
630332,,0,2,2,-0,2,4,-6,-0,-0,1,-2,8,-2,-1,1,1,0,1,1,2,0,1,-2,4,-3,-1,-1,0,-1,-0,3,-0,-0,-0,-1,3,1,1,-2,2,-1,-0,-1,-3,0,1,-2,1,-0,-1,-1,1,1,-2,2,-1,-1,0,-2,1,1,-1,-2,1,-2
630333,,-1,0,8,-4,8,-5,-1,-2,-2,2,-0,-1,6,-3,2,-2,-2,0,-1,2,1,0,-0,-4,0,1,1,1,0,-1,-6,-1,-3,8,-8,10,0,0,0,-1,-1,-0,1,0,2,-2,0,-1,-2,0,0,-0,-5,4,-1,0,-6,5,-7,7,-1,1,0,1,-6
630334,,-24,13,-8,4,-11,33,-11,8,-2,29,-10,-5,-13,2,-17,8,8,-10,18,-19,19,10,18,-25,8,25,-5,-12,-6,8,7,-11,-7,10,-1,-0,-6,-6,7,24,-17,11,-12,7,9,-0,-11,-9,-9,18,-4,-5,0,0,-7,31,5,3,-14,8,-18,10,-17,-4,-6
630336,,-4,13,1,-1,-4,-0,-0,0,-4,1,2,-7,-0,0,2,-1,-1,1,-1,0,2,2,-1,0,1,6,-1,3,4,0,6,-6,-0,5,-9,1,-0,1,-2,0,-1,1,5,-3,3,-1,2,-1,-2,1,-5,1,-1,-2,-3,-0,5,0,2,-4,-1,4,-1,-2,2
630340,,-0,-1,1,0,-2,1,-0,2,-1,3,0,-1,0,-2,2,-0,1,0,-0,0,0,1,-2,0,1,-0,1,-0,1,1,-0,1,1,-0,0,-1,1,2,1,3,1,0,-2,-0,0,1,0,0,0,-0,-1,1,1,-1,-0,1,0,0,1,-2,0,-1,1,-0,0
630341,,-1,3,7,1,-4,3,4,-5,-1,2,-2,4,-2,-1,2,1,-2,2,3,2,1,-1,-2,3,8,-3,0,1,1,2,-5,3,-1,1,-0,2,-4,-1,4,2,-2,4,-0,-5,-3,6,-4,3,-2,1,-0,-0,-3,4,-4,-0,1,-3,3,4,-3,-2,2,-1,-4
630342,,0,2,0,0,-1,-1,2,0,0,0,1,3,-1,1,0,0,-2,1,-2,1,-0,0,1,1,0,0,2,-0,1,-0,1,1,1,2,-0,-0,0,-0,1,1,-2,2,-1,1,-0,1,-1,0,0,-2,0,-0,-1,-2,4,-0,0,-0,-0,1,6,-4,3,0,-2
630343,,-2,-1,-1,-2,-1,2,1,1,2,-0,-1,-1,-1,0,1,1,0,-0,1,2,-4,-1,2,-4,3,1,1,-0,0,-0,0,-0,-17,1,-1,0,0,2,1,-0,0,0,0,1,-0,6,0,-0,-0,-0,-1,0,-0,1,0,0,-1,-0,-0,-2,-1,-3,0,-1,1
630345,,1,0,0,-0,-0,1,0,0,1,1,9,-0,2,-0,-0,0,0,0,0,-0,1,3,0,-0,8,-4,4,-0,1,-3,0,-0,-0,-0,3,0,1,0,3,0,0,-1,-0,1,0,-0,-0,-0,7,-2,-0,-5,-0,1,1,-7,1,0,7,6,-0,-0,-0,0,-0
630347,,1,-0,5,-1,2,-3,-1,0,-1,-0,-1,3,-2,6,-2,-3,-0,0,1,2,-2,2,-4,2,2,1,-2,3,0,1,2,-0,1,1,-2,3,2,-2,1,-1,-2,4,-2,-2,2,-0,-1,-0,-1,-0,1,-3,2,3,-4,1,-1,-1,-0,7,-1,0,-1,-0,0
630348,,0,0,-2,0,0,3,0,0,2,0,0,-1,-0,0,1,0,0,1,0,0,1,0,0,0,0,0,-5,0,0,3,0,0,-4,0,0,-1,0,0,9,0,0,-3,0,0,1,0,0,-2,0,0,0,0,0,-1,0,0,-2,0,0,4,0,0,1,0,0
630357,,1,0,3,-1,-0,0,0,-0,-2,-3,3,1,0,11,0,2,0,1,2,1,-2,4,8,2,11,0,-0,1,3,1,-1,-0,-1,-0,-1,1,-0,0,1,-1,-0,2,-0,3,-1,-0,0,-4,0,6,-6,0,5,0,-1,1,-0,1,5,4,0,0,0,-0,-0
630359,,0,0,1,-3,-1,3,1,1,0,-2,2,-1,-1,1,0,4,0,0,0,-1,0,0,0,1,0,0,-0,1,-0,0,0,0,2,2,1,1,0,0,0,-0,1,1,-0,0,1,-0,3,2,1,1,0,0,1,0,0,0,0,-0,3,1,1,1,0,-0,1
630365,,-3,1,8,-7,-1,-6,7,-1,-3,-1,-1,7,-5,-3,-0,-0,-2,-0,3,0,-2,1,2,-1,-2,2,-3,4,-2,-0,-1,2,-5,8,-2,-0,-6,1,2,-0,-0,-3,7,3,-3,0,-1,1,-4,0,3,-1,-2,5,-3,0,-1,0,-1,7,-6,3,-5,6,-2
630368,,-3,2,-2,3,-3,1,-1,1,-1,-2,-1,-6,3,0,-5,5,-3,3,2,1,0,-1,1,-1,4,3,-1,-0,1,2,1,0,2,2,-2,-2,5,0,-1,2,-1,1,2,-2,-2,1,-2,-2,0,3,-1,0,-1,1,1,-2,-1,-3,0,1,-1,1,-3,0,-0
630369,,-1,7,6,-5,-0,11,-4,-1,1,2,0,3,-1,9,4,10,-3,3,0,1,-0,2,0,-0,4,0,-5,-5,-1,-8,-3,0,-0,2,-3,3,1,16,2,-3,-0,-2,-5,1,-1,0,-1,1,-1,8,-3,-5,-1,-2,-2,1,1,1,-1,3,-0,-0,-0,0,-1
630371,,6,-0,-2,2,-2,2,0,-4,2,-1,-3,1,1,-2,-0,-3,2,0,1,0,-4,2,-1,1,0,-2,1,1,-3,1,-2,3,0,-1,1,-5,4,-1,1,-2,3,-8,-0,3,1,3,-6,1,0,-1,-2,4,-6,3,-1,2,5,-0,-5,5,2,1,-1,-3,-0
630372,,-21,15,-22,6,-6,7,-1,-18,74,-17,40,-3,-12,8,-30,39,-15,13,-8,10,-10,45,-17,0,-16,1,25,-24,-21,46,-12,-8,31,-10,0,8,-5,22,-8,2,-3,-11,1,24,3,-23,7,18,-4,-9,-27,56,-36,26,13,-14,20,20,-17,4,-9,-24,21,-0,-4
630373,,-0,-0,6,-2,5,-3,-5,1,-0,11,1,2,-7,-10,0,3,-1,0,0,-1,-1,-2,2,1,7,-7,-1,-0,0,2,1,-4,2,2,-4,6,-1,0,-2,1,-0,-1,1,1,0,-3,-0,3,-0,-0,-1,-1,0,-1,1,-0,-0,-0,-1,5,-1,-2,-4,1,0
630374,,4,-2,2,-1,1,-1,-3,0,1,3,-2,14,-7,0,1,2,-2,1,4,3,0,0,-1,4,4,-5,-2,1,-3,4,3,-5,-1,3,-3,3,1,-4,0,0,-0,-0,-1,-0,-0,1,-4,5,-2,2,0,-0,-1,-2,-1,4,-1,0,-1,3,-0,-1,1,1,1
630376,,-3,0,12,-4,-5,4,0,1,-1,-1,5,3,-3,0,-2,-1,0,-1,2,5,-3,0,-1,4,5,-4,1,2,0,-2,2,-1,-1,3,-3,4,1,1,-1,-3,4,-1,-5,4,1,1,-4,4,-2,-1,2,-0,1,-0,-2,0,2,-0,-3,2,0,3,-5,1,-2
630377,,-0,1,-7,0,-2,-2,-0,5,0,-1,-9,12,9,-2,-7,-3,-8,-9,19,2,-14,-0,3,18,10,-13,-2,-2,2,3,2,-3,-3,0,-5,7,-1,4,-0,-4,4,-4,-0,-2,-2,5,-8,11,3,-1,3,-1,-7,-6,0,6,-10,-5,1,15,-4,1,-3,6,-7
630378,,2,-4,2,-0,0,0,-4,1,-4,-0,-7,3,-15,2,-2,-1,4,-2,3,-3,0,3,2,0,-2,0,1,0,-3,-1,-3,-0,-0,5,0,0,6,1,1,-1,-2,1,2,4,-1,-1,1,3,0,0,0,6,-9,5,-3,4,-1,3,-1,4,-7,-2,-17,15,-15
630379,,-8,14,-20,-17,-10,57,-17,4,9,24,-7,15,-19,30,-42,9,-4,-11,41,-16,-1,14,36,-22,11,12,-15,-2,-9,-25,6,16,-19,22,-1,10,6,8,1,-26,11,-30,-5,42,-1,4,-12,11,-10,39,9,-46,43,-30,-10,21,31,14,-0,15,-37,-11,-4,10,7
630380,,2,-8,-6,9,35,6,-27,-13,4,43,-4,12,-16,24,-39,-0,-2,-6,27,-7,15,11,6,-15,13,9,-14,-1,-11,-8,6,30,-5,2,-13,9,3,17,-2,-3,-9,16,-2,-5,-10,-1,-10,4,-5,21,-13,2,-5,-8,5,3,3,4,-9,36,-4,-13,-5,1,-2
630381,,,,,,,,,,,,,,1,-5,1,13,-7,0,1,-2,2,1,4,0,6,1,0,-3,2,-1,5,3,-1,-2,3,-4,1,-0,5,0,3,1,-1,0,-1,-3,-1,-3,1,1,2,-0,0,-2,2,-1,0,-1,1,-3,-0,0,-1,2,2
630382,,,,,,,,,,,,,,,,,,,,,,,,,,1,-1,2,-2,-1,-2,0,2,1,1,0,2,-0,-1,4,-2,-3,-1,3,2,1,0,1,-1,-0,-1,0,0,0,-1,-0,-1,1,-1,3,-2,0,-1,0,-1,-2
630383,,,,,,,,,,,,,,,,,,,,,,,,,,,,,,,,,,,,,,0,1,-1,-6,-6,12,-1,0,2,-1,-1,-0,-3,0,-0,-1,0,-0,0,-1,-1,-1,5,-2,-2,-3,-1,4,-3
630384,,,,,,,,,,,,,,,,,,,,,,,,,,,,,,,,,,,,,,,,,,,,,,,,,,-2,2,3,-1,0,8,-5,2,1,-7,0,-0,-1,3,-1,1,1
630385,,,,,,,,,,,,,,,,,,,,,,,,,,,,,,,,,,,,,,,,,,,,,,,,,,-1,1,-1,4,-2,1,-8,9,-1,2,-1,-1,-7,4,-1,2,-3
630386,,,,,,,,,,,,,,,,,,,,,,,,,,,,,,,,,,,,,,,,,,,,,,,,,,-1,2,1,-1,-3,-3,2,3,-2,-2,-1,3,1,1,-2,-0,-3
630387,,,,,,,,,,,,,,,,,,,,,,,,,,,,,,,,,,,,,,,,,,,,,,,,,,,,,,,,,,,,,,6,-4,1,0,-2
630407,,1,0,0,-0,1,1,1,0,0,0,0,1,0,0,0,0,1,0,0,0,0,0,0,0,0,2,0,0,5,1,0,0,0,0,-0,1,2,0,0,1,4,1,0,0,0,0,1,2,0,0,0,1,0,5,0,1,2,0,0,2,0,0,0,1,0
630408,,4,1,0,0,0,2,1,0,0,0,0,2,0,0,3,0,2,0,0,0,0,0,0,1,1,2,1,1,4,2,3,0,0,0,0,2,2,0,2,2,2,2,0,0,0,0,2,2,0,0,2,1,0,2,0,1,0,0,0,3,0,0,2,1,0
630412,,-0,0,0,-0,0,0,0,0,0,0,0,1,1,0,0,-0,0,-0,0,0,0,-0,0,1,5,2,1,-0,0,-0,1,1,-0,-1,2,2,1,-2,2,2,-2,1,-1,1,-3,4,-1,-3,-0,0,0,3,-2,2,7,-0,3,2,-0,-4,4,-2,4,1,-3
630425,,5,1,-14,-1,5,12,-9,8,-4,6,-8,-17,11,15,-4,-7,5,2,3,2,-0,-3,-5,0,6,-6,-8,-1,4,1,-5,11,2,0,18,-11,1,1,13,5,-5,-1,-2,7,3,-5,6,-15,1,7,5,1,7,0,-4,-1,5,-2,-6,-7,4,3,2,5,6
630426,,-0,1,-22,14,-6,4,11,6,-2,-11,0,-2,-4,-3,-0,11,7,-4,2,2,-7,3,0,4,6,-4,-4,7,2,1,-9,1,3,1,-6,3,2,2,11,6,-5,1,2,3,3,-4,-8,7,7,8,2,-3,-8,-4,-7,9,2,-1,0,1,-3,6,1,-0,-5
630434,,0,0,-7,-2,3,0,5,1,-0,-8,2,0,0,-0,-0,7,0,0,0,0,1,-0,-0,1,1,-0,0,0,0,0,0,0,0,1,0,1,1,-0,1,1,1,1,1,-1,3,0,0,-3,1,-0,0,-0,2,-0,-1,-0,0,0,0,0,0,1,-1,1,1
630435,,-1,-13,6,5,-5,4,7,-4,-5,-2,-7,-4,2,-4,0,16,4,8,-7,5,-7,6,2,-6,5,4,-4,4,-8,5,-0,6,7,-7,0,1,-3,-1,2,0,-2,13,3,-2,6,-6,1,-9,19,-11,-8,12,11,4,2,-1,3,2,-1,-12,16,-3,6,6,4
630436,,6,0,0,0,0,0,0,0,0,0,0,0,4,0,2,-2,2,0,2,0,0,-0,1,3,-0,0,3,0,3,2,2,2,4,-1,-0,6,0,1,-0,4,0,3,0,1,-1,-0,1,4,0,0,1,2,1,2,0,2,1,-1,1,4,0,0,0,2,0
630437,,2,2,-10,-3,3,8,4,1,-2,-8,0,0,3,-5,-1,9,-1,0,2,-2,0,7,-6,-1,0,0,-4,4,-2,1,-1,1,1,3,1,-0,-0,0,0,0,-4,1,-1,0,2,2,3,2,-1,0,4,-2,2,0,1,-2,-4,0,1,2,-0,-0,3,-4,3
630438,,23,7,-25,-3,6,0,-3,18,-14,-19,3,10,29,-14,2,-22,18,8,12,7,-10,-11,11,-7,34,-20,-5,-14,27,-14,-0,16,32,-4,-33,44,4,-11,-14,20,-7,-16,24,22,-34,27,-18,0,-17,34,19,-23,15,-3,8,10,-18,-16,32,-18,35,20,-32,-9,53
630439,,-2,1,-13,-7,13,-13,24,-1,1,-15,2,0,2,-4,4,9,-3,-1,3,-1,3,0,3,-3,1,0,0,-0,2,-2,1,1,-0,-0,-0,-0,0,-2,4,5,0,2,-0,-0,0,0,-0,0,-2,3,2,-1,-0,-0,0,4,-3,5,-3,1,1,-3,-1,1,0
630440,,0,0,-6,-5,5,3,4,1,-0,-5,0,1,3,-1,-0,5,2,1,1,0,0,-1,1,5,2,1,-4,5,-1,-0,-2,6,-6,9,-3,-6,-0,0,1,-0,1,0,6,-3,3,2,-0,-1,0,-3,1,2,-1,0,4,-2,-0,2,-3,-3,-0,3,4,1,-5
630505,,-4,0,-1,-1,-3,2,2,1,1,0,2,1,2,1,-0,1,-1,1,0,3,1,-1,3,2,1,0,1,4,1,-0,-0,-1,5,1,-0,-1,1,-0,-8,7,-6,6,-3,-2,3,1,1,0,0,-2,0,2,-2,-0,-4,0,0,5,-1,1,-2,1,-1,-1,-0
630507,,-0,0,1,-1,3,-0,-5,0,-1,0,7,-2,3,2,-1,-2,-0,-0,1,-3,-1,2,-1,-2,1,2,0,-1,3,-5,2,-2,-0,2,2,0,0,-1,1,1,1,-2,2,-0,0,-1,0,-1,-1,1,-1,2,0,2,-2,1,-0,-0,2,-4,2,-0,1,0,-0
630510,,-1,1,5,-2,-4,0,4,-1,-2,-4,2,3,2,0,-1,4,1,2,1,-1,5,1,1,1,2,1,-0,1,2,-0,2,1,1,1,3,1,1,0,1,1,-1,-0,1,-3,2,4,-0,-0,1,-2,-0,-0,1,-0,1,0,2,0,1,0,-0,1,-1,0,-0
630518,,0,-1,-3,-2,-2,7,-0,1,-1,-4,4,-1,1,1,-1,-0,1,-0,-0,2,-1,1,3,-0,4,-1,0,-0,2,2,-1,2,1,-1,0,0,3,1,-0,0,0,-1,-0,-0,-0,1,-1,-1,2,0,0,-0,1,-2,1,0,0,0,1,0,1,-0,0,1,1
630519,,-1,0,5,1,1,-15,-2,9,4,4,0,2,0,1,-1,-2,0,4,-0,-3,-2,3,9,3,1,0,-2,2,-1,-4,2,3,-0,2,0,1,0,1,-1,5,0,0,-3,-2,-1,-13,8,-1,2,-1,-0,2,1,0,-3,-1,4,-2,1,-2,-1,1,0,-1,-1
630520,,-0,5,2,-0,-1,1,-1,-2,1,-1,3,0,1,6,-1,0,-2,0,0,-1,0,1,4,1,2,6,-1,2,-1,3,-3,5,1,1,0,1,1,3,-1,-2,-2,-2,-2,5,-0,-2,1,-0,2,-2,-1,-1,1,-2,0,-1,3,-1,1,0,1,0,-3,2,-2
630524,,0,1,-1,-3,2,1,-0,1,0,0,6,-5,4,-2,-2,2,-1,4,-2,3,4,0,8,-5,2,0,-5,1,1,0,1,1,6,2,3,-5,7,-4,-3,1,0,1,1,-3,-2,0,4,-4,3,1,-3,1,0,-0,0,-1,2,-1,5,-2,1,-0,-0,-1,0
630525,,-0,2,-6,9,-2,3,-2,0,1,1,1,1,1,-0,-4,5,-4,-1,2,4,-2,3,3,0,4,1,-1,-0,2,-1,1,2,2,2,1,6,2,-0,-2,-1,2,0,-0,1,0,0,1,0,-0,-1,-1,-0,-1,0,1,0,-0,-0,1,-0,2,-5,-1,-0,1
630526,,1,-1,-17,15,4,-4,-10,3,1,-1,3,1,-0,3,0,-0,1,-4,-2,3,0,1,4,-4,2,3,1,1,2,-10,-2,11,1,1,0,-2,-3,-2,1,1,-0,-1,-3,8,-0,-2,1,5,8,1,0,0,0,-2,-2,-0,3,-1,1,4,-1,-0,-0,1,-1
640124,,0,0,2,0,0,0,0,0,0,0,0,0,0,0,1,0,0,0,0,0,0,0,0,0,0,0,0,0,0,0,0,0,0,0,0,0,0,0,0,0,0,0,0,0,0,0,0,0,0,0,7,0,0,0,0,0,0,0,0,0,0,0,3,0,0
640125,,0,0,0,0,0,-1,0,0,0,0,0,0,0,0,0,0,0,0,0,0,0,0,0,0,0,0,0,0,0,-2,0,0,0,0,0,0,0,0,0,0,0,0,0,0,-8,0,0,0,0,0,0,0,0,-7,0,0,0,0,0,1,0,0,0,0,0
640128,,,,,,,,,,,,,,,,,,,,,,,,,,,,,,,,,,,,,,,,,,,,,,,,,,,,,,,,,,,,,,5,0,0,0,0
640211,,0,0,1,-0,0,3,0,0,0,-3,3,-3,-0,0,1,0,0,0,0,0,0,0,0,0,0,0,6,0,0,0,0,0,0,0,0,0,0,0,5,0,0,0,0,0,0,0,0,0,0,0,8,0,0,0,0,0,0,0,0,0,0,0,7,0,0
640212,,4,-3,-0,0,0,0,-0,0,-0,-0,0,-0,0,0,0,1,0,3,3,7,-1,1,-5,7,1,-0,3,-2,5,-3,-2,3,1,-3,-2,-0,3,1,1,2,-1,3,-9,12,4,-8,6,0,3,2,2,-2,-2,5,2,0,-4,-0,-3,-1,4,2,2,-5,4
640217,,0,0,14,-0,0,7,-6,0,4,-7,8,-16,-0,0,15,0,0,5,2,0,-2,0,0,-5,0,0,17,0,0,-1,7,0,-8,0,0,2,0,0,14,0,0,-3,-2,0,-6,0,0,0,0,0,7,0,0,1,0,0,-4,0,0,-4,0,0,15,0,0
640219,,-0,0,-2,0,1,1,2,0,0,-2,3,-2,-0,1,-1,0,0,2,0,0,-0,-0,0,0,1,0,0,0,1,0,0,0,0,0,0,1,0,1,0,1,2,1,1,0,-0,0,0,0,0,1,1,1,1,1,0,0,0,0,0,-0,0,0,1,1,1
640221,,0,0,-0,-0,0,0,0,0,0,-1,0,0,-0,0,1,0,1,0,1,0,0,0,0,0,0,0,0,0,0,0,3,0,0,0,0,0,0,0,0,0,0,0,3,0,0,0,0,0,0,0,0,0,0,0,5,0,0,0,0,0,0,0,0,0,0
640222,,0,0,-0,0,-1,-0,0,0,1,-0,0,-0,0,0,0,0,2,0,0,-0,0,-0,0,1,0,0,-0,1,0,0,0,0,0,0,1,0,0,0,0,1,1,1,1,1,0,0,0,0,0,1,1,2,1,1,0,0,-0,0,0,0,1,1,0,1,1
640224,,-0,1,-0,0,0,0,-0,2,0,-0,1,-0,0,0,0,1,0,1,-1,-0,0,0,0,0,0,0,0,0,1,0,0,0,0,0,0,0,0,0,0,0,0,-0,0,-0,0,1,1,-0,0,0,1,1,0,-0,0,0,1,1,1,1,0,0,0,0,0
640226,,-0,-0,-0,0,0,0,2,-1,0,-0,-0,-0,0,0,0,2,0,0,0,0,1,0,0,0,0,0,0,0,0,0,1,1,0,1,0,0,0,-1,0,1,1,0,0,-0,-0,0,-0,-0,1,0,0,1,1,1,0,1,0,1,0,0,0,1,1,1,0
640228,,0,0,-5,5,0,0,0,1,0,0,0,0,0,0,0,0,0,0,0,4,0,0,0,0,0,0,0,0,0,0,0,3,0,0,0,0,0,0,0,0,0,0,0,6,0,0,0,0,0,0,0,0,0,0,0,7,0,0,0,0,0,0,0,0,0
640229,,0,0,29,-0,4,2,0,0,-7,-2,2,-20,-0,0,30,0,0,-0,0,0,-8,0,0,-14,0,0,32,0,0,4,0,0,-8,0,0,-18,0,0,40,0,0,6,0,0,-10,0,0,-20,0,0,39,0,0,7,0,0,-4,0,0,-23,0,0,36,0,0
640230,,0,1,-0,0,0,0,-0,0,-0,-0,2,-0,0,0,0,1,0,3,2,1,1,0,1,0,0,0,0,0,1,-0,-0,-0,-0,-0,-0,-0,-0,2,1,-0,0,-0,0,-0,-0,0,0,0,0,1,1,1,0,1,1,0,0,0,0,0,0,0,0,0,2
640234,,0,0,-0,0,0,0,-1,0,-8,-0,0,-0,0,0,0,1,0,3,0,0,2,0,0,1,0,0,1,0,0,3,0,0,0,0,0,3,0,0,-1,0,0,3,0,0,-1,0,0,-1,0,0,-0,0,0,-1,0,0,3,0,0,1,0,0,1,0,0
640236,,5,0,-0,0,0,0,-0,0,-0,-0,0,-0,0,0,0,1,0,-0,13,4,-8,10,-2,0,-1,1,0,-1,4,-0,-4,2,3,-0,3,-12,1,6,-5,11,9,-4,-4,-5,6,-6,6,-3,4,-4,6,6,8,-9,-2,6,-7,4,1,-2,-7,3,-1,3,5
640238,,0,0,10,-0,0,10,0,0,-2,-9,10,-15,-0,0,11,0,0,4,0,0,-6,0,0,-9,0,0,16,0,0,3,0,0,-3,0,0,-10,0,0,20,0,0,2,0,0,-4,0,0,-7,0,0,18,0,0,1,0,0,-4,0,0,-7,0,0,20,0,0
640240,,0,0,0,0,0,0,-0,0,0,0,0,-0,0,0,1,0,0,0,0,0,0,0,0,0,0,0,1,0,0,0,-0,0,0,0,0,0,0,0,0,0,0,0,0,0,1,0,0,0,0,1,0,0,-0,0,0,0,1,0,0,1,0,1,1,0,0
640241,,0,0,0,0,0,0,0,0,0,0,0,0,0,0,0,0,0,0,0,0,1,0,0,0,0,0,0,0,0,0,0,0,0,0,0,1,0,0,3,0,0,0,0,0,5,0,0,0,0,0,4,0,0,0,0,0,0,0,0,0,0,0,2,0,0
640242,,0,0,2,0,0,1,0,0,1,0,0,0,0,0,-1,0,0,-0,0,0,0,0,0,0,0,0,-0,0,0,5,0,0,6,0,0,-5,0,0,-1,0,0,-3,0,0,4,0,0,2,0,0,-2,0,0,2,0,0,-2,0,0,0,0,0,3,0,0
640243,,0,0,-0,0,0,0,0,4,-1,-0,0,-0,0,0,0,1,0,1,0,0,0,0,0,0,1,0,1,1,1,0,1,1,1,1,0,1,1,0,0,0,1,0,0,0,0,0,0,1,1,0,1,0,0,0,0,1,0,0,0,1,1,0,1,1,1
640244,,,,,,,,,,,,,,,,,,,,,,,,,,0,0,0,1,2,1,0,1,-0,1,1,0,0,0,1,1,-0,0,0,0,1,0,0,1,1,1,1,3,1,1,1,1,-0,0,0,-0,1,1,1,1,1
640303,,0,0,-0,0,0,5,0,0,3,-0,0,-0,0,0,0,1,0,-0,0,0,-0,0,0,-1,0,0,1,0,0,7,0,0,1,0,0,4,0,0,-1,0,0,-1,0,0,1,0,0,6,0,0,-3,0,0,8,0,0,1,0,0,1,0,0,-1,0,0
640304,,2,0,-0,0,0,6,-0,-1,-3,-0,0,-0,0,0,0,1,0,-0,2,1,1,-1,0,1,1,0,3,1,0,1,11,2,0,-0,0,1,1,1,-3,1,1,3,1,1,2,2,0,0,0,0,0,-0,-0,-2,1,-0,-1,-0,-0,0,-1,-0,4,1,-0
640305,,0,-1,-0,0,0,1,-2,-0,0,-0,0,-0,0,0,0,1,0,-0,-1,2,1,0,0,0,-1,0,-0,1,1,2,2,-0,0,0,0,1,0,0,4,0,0,1,2,2,1,0,1,1,0,0,1,0,1,1,2,2,0,-0,-0,-0,1,-0,4,0,1
640306,,-0,0,-0,0,0,3,0,-0,0,-0,0,-0,0,0,0,1,0,-0,-3,1,1,0,0,-0,-1,-0,0,-0,1,1,2,1,0,0,0,1,1,1,2,1,1,2,2,2,1,1,1,1,1,0,0,0,1,0,2,1,0,0,0,0,0,0,3,-0,-0
640307,,-1,0,-0,0,0,0,-0,0,-0,-0,0,-0,0,0,0,1,0,-0,-2,0,-1,-1,1,-1,0,0,-0,-1,-1,0,1,-1,2,-1,-1,-1,0,0,0,1,1,1,1,1,1,1,1,1,0,0,1,-0,-0,-1,0,-1,0,-0,0,1,0,0,1,0,1
640308,,0,0,-0,0,0,1,-2,-1,-2,-0,0,-0,0,0,0,1,0,-0,-4,0,0,-1,1,1,1,1,4,2,5,1,2,4,3,4,3,-0,1,1,3,3,1,1,1,0,1,-0,0,0,0,0,0,0,-1,-0,0,-2,0,1,-2,0,-0,-0,-1,1,0
640309,,0,0,-0,0,0,0,-0,0,-0,-0,0,-0,0,0,0,1,0,-0,-4,-1,-0,-0,0,-0,0,0,0,0,0,0,1,1,1,1,0,0,0,0,1,0,1,1,1,1,1,0,0,0,0,0,1,1,1,1,2,2,1,1,0,1,1,0,0,0,1
640403,,0,0,-0,0,0,0,-2,-3,-1,-0,-0,-0,0,0,0,1,0,0,11,3,1,0,3,0,2,-1,1,1,1,1,2,1,0,0,0,0,2,2,2,2,1,2,2,1,1,1,1,1,-0,1,-0,0,0,0,-0,0,0,-0,-0,-0,-0,0,0,0,0
640404,,0,0,-0,0,0,1,1,-0,0,-0,1,-0,0,0,0,2,1,-1,1,1,0,0,1,0,1,1,-0,1,3,2,3,2,1,0,0,0,-0,0,1,0,-1,-0,-1,0,-0,0,0,0,-0,-0,-0,-0,-0,-0,-1,-1,-1,-1,-1,-0,-0,-0,-1,-0,-1
640405,,0,-0,-0,0,0,2,-0,-0,-0,-0,-0,-0,0,0,0,1,0,-2,1,1,0,1,1,0,1,1,1,1,3,3,3,2,1,0,1,0,1,0,1,1,0,1,1,0,0,1,0,-0,1,1,0,0,0,1,2,0,1,0,-0,0,-0,-0,0,1,-0
640406,,5,-1,4,8,-3,-6,1,-6,-7,20,-25,18,5,-1,5,8,-3,5,14,-8,-0,3,-7,-9,7,8,3,3,5,3,-2,4,1,-7,3,-8,4,9,-2,5,2,8,-10,9,-9,-2,3,-13,7,11,3,6,9,-6,-10,8,-3,-1,-2,-12,4,4,0,6,10
640408,,,,,,,,,,,,,,,,,,,,,,,,,,,,,,,,,,,,,,,,,,,,,,,,,,,,,,,,,,,,,,1,7,3,6,4
CP0111101,,,,,,,,,,,,,,,,,,,,,,,,,,,,,,,,,,,,,,,,,,,,,,,,,,,,,,,,,,,,,,-0,-1,-0,1,0
CP0111201,,,,,,,,,,,,,,,,,,,,,,,,,,,,,,,,,,,,,,,,,,,,,,,,,,,,,,,,,,,,,,1,-1,-0,-1,-0
CP0111301,,,,,,,,,,,,,,,,,,,,,,,,,,,,,,,,,,,,,,,,,,,,,,,,,,,,,,,,,,,,,,0,-0,-0,1,-1
CP0111302,,,,,,,,,,,,,,,,,,,,,,,,,,,,,,,,,,,,,,,,,,,,,,,,,,,,,,,,,,,,,,0,0,0,0,0
CP0111303,,,,,,,,,,,,,,,,,,,,,,,,,,,,,,,,,,,,,,,,,,,,,,,,,,,,,,,,,,,,,,1,-1,1,0,1
CP0111304,,,,,,,,,,,,,,,,,,,,,,,,,,,,,,,,,,,,,,,,,,,,,,,,,,,,,,,,,,,,,,-3,-1,1,2,2
CP0111305,,,,,,,,,,,,,,,,,,,,,,,,,,,,,,,,,,,,,,,,,,,,,,,,,,,,,,,,,,,,,,-0,-2,3,1,0
CP0111308,,,,,,,,,,,,,,,,,,,,,,,,,,,,,,,,,,,,,,,,,,,,,,,,,,,,,,,,,,,,,,-2,1,2,-4,4
CP0111309,,,,,,,,,,,,,,,,,,,,,,,,,,,,,,,,,,,,,,,,,,,,,,,,,,,,,,,,,,,,,,2,-0,-3,0,-1
CP0111310,,,,,,,,,,,,,,,,,,,,,,,,,,,,,,,,,,,,,,,,,,,,,,,,,,,,,,,,,,,,,,0,1,-1,-0,0
CP0111311,,,,,,,,,,,,,,,,,,,,,,,,,,,,,,,,,,,,,,,,,,,,,,,,,,,,,,,,,,,,,,2,4,1,-2,4
CP0111401,,,,,,,,,,,,,,,,,,,,,,,,,,,,,,,,,,,,,,,,,,,,,,,,,,,,,,,,,,,,,,0,1,1,-0,-1
CP0111402,,,,,,,,,,,,,,,,,,,,,,,,,,,,,,,,,,,,,,,,,,,,,,,,,,,,,,,,,,,,,,2,2,-3,-1,1
CP0111404,,,,,,,,,,,,,,,,,,,,,,,,,,,,,,,,,,,,,,,,,,,,,,,,,,,,,,,,,,,,,,-4,-0,0,5,3
CP0111501,,,,,,,,,,,,,,,,,,,,,,,,,,,,,,,,,,,,,,,,,,,,,,,,,,,,,,,,,,,,,,1,-3,1,0,0
CP0111502,,,,,,,,,,,,,,,,,,,,,,,,,,,,,,,,,,,,,,,,,,,,,,,,,,,,,,,,,,,,,,6,-1,1,-1,2
CP0111503,,,,,,,,,,,,,,,,,,,,,,,,,,,,,,,,,,,,,,,,,,,,,,,,,,,,,,,,,,,,,,-1,1,1,-2,2
CP0112201,,,,,,,,,,,,,,,,,,,,,,,,,,,,,,,,,,,,,,,,,,,,,,,,,,,,,,,,,,,,,,3,2,4,4,3
CP0112202,,,,,,,,,,,,,,,,,,,,,,,,,,,,,,,,,,,,,,,,,,,,,,,,,,,,,,,,,,,,,,-0,0,2,2,0
CP0112203,,,,,,,,,,,,,,,,,,,,,,,,,,,,,,,,,,,,,,,,,,,,,,,,,,,,,,,,,,,,,,-1,-0,3,1,-1
CP0112204,,,,,,,,,,,,,,,,,,,,,,,,,,,,,,,,,,,,,,,,,,,,,,,,,,,,,,,,,,,,,,1,-0,2,-0,0
CP0112301,,,,,,,,,,,,,,,,,,,,,,,,,,,,,,,,,,,,,,,,,,,,,,,,,,,,,,,,,,,,,,0,-1,1,3,-0
CP0112302,,,,,,,,,,,,,,,,,,,,,,,,,,,,,,,,,,,,,,,,,,,,,,,,,,,,,,,,,,,,,,-1,1,1,4,0
CP0112303,,,,,,,,,,,,,,,,,,,,,,,,,,,,,,,,,,,,,,,,,,,,,,,,,,,,,,,,,,,,,,-1,-1,-0,0,0
CP0112401,,,,,,,,,,,,,,,,,,,,,,,,,,,,,,,,,,,,,,,,,,,,,,,,,,,,,,,,,,,,,,-2,1,6,-0,1
CP0112501,,,,,,,,,,,,,,,,,,,,,,,,,,,,,,,,,,,,,,,,,,,,,,,,,,,,,,,,,,,,,,-2,-2,1,1,0
CP0112502,,,,,,,,,,,,,,,,,,,,,,,,,,,,,,,,,,,,,,,,,,,,,,,,,,,,,,,,,,,,,,-2,-0,4,-1,-0
CP0112503,,,,,,,,,,,,,,,,,,,,,,,,,,,,,,,,,,,,,,,,,,,,,,,,,,,,,,,,,,,,,,-1,-1,2,1,4
CP0112504,,,,,,,,,,,,,,,,,,,,,,,,,,,,,,,,,,,,,,,,,,,,,,,,,,,,,,,,,,,,,,1,0,2,0,-0
CP0112599,,,,,,,,,,,,,,,,,,,,,,,,,,,,,,,,,,,,,,,,,,,,,,,,,,,,,,,,,,,,,,0,-1,0,-1,-0
CP0113101,,,,,,,,,,,,,,,,,,,,,,,,,,,,,,,,,,,,,,,,,,,,,,,,,,,,,,,,,,,,,,3,-5,1,0,-2
CP0113102,,,,,,,,,,,,,,,,,,,,,,,,,,,,,,,,,,,,,,,,,,,,,,,,,,,,,,,,,,,,,,1,-1,3,0,2
CP0113201,,,,,,,,,,,,,,,,,,,,,,,,,,,,,,,,,,,,,,,,,,,,,,,,,,,,,,,,,,,,,,-0,-2,-0,3,-1
CP0113301,,,,,,,,,,,,,,,,,,,,,,,,,,,,,,,,,,,,,,,,,,,,,,,,,,,,,,,,,,,,,,2,-4,1,5,2
CP0113302,,,,,,,,,,,,,,,,,,,,,,,,,,,,,,,,,,,,,,,,,,,,,,,,,,,,,,,,,,,,,,-1,-1,-0,1,-1
CP0113402,,,,,,,,,,,,,,,,,,,,,,,,,,,,,,,,,,,,,,,,,,,,,,,,,,,,,,,,,,,,,,-3,-1,1,3,-0
CP0114101,,,,,,,,,,,,,,,,,,,,,,,,,,,,,,,,,,,,,,,,,,,,,,,,,,,,,,,,,,,,,,0,0,2,3,2
CP0114201,,,,,,,,,,,,,,,,,,,,,,,,,,,,,,,,,,,,,,,,,,,,,,,,,,,,,,,,,,,,,,0,0,0,-0,0
CP0114298,,,,,,,,,,,,,,,,,,,,,,,,,,,,,,,,,,,,,,,,,,,,,,,,,,,,,,,,,,,,,,0,0,1,0,1
CP0114301,,,,,,,,,,,,,,,,,,,,,,,,,,,,,,,,,,,,,,,,,,,,,,,,,,,,,,,,,,,,,,3,2,4,0,1
CP0114401,,,,,,,,,,,,,,,,,,,,,,,,,,,,,,,,,,,,,,,,,,,,,,,,,,,,,,,,,,,,,,3,-1,1,-1,3
CP0114501,,,,,,,,,,,,,,,,,,,,,,,,,,,,,,,,,,,,,,,,,,,,,,,,,,,,,,,,,,,,,,-2,3,-1,1,1
CP0114599,,,,,,,,,,,,,,,,,,,,,,,,,,,,,,,,,,,,,,,,,,,,,,,,,,,,,,,,,,,,,,-0,-1,-1,3,-0
CP0114601,,,,,,,,,,,,,,,,,,,,,,,,,,,,,,,,,,,,,,,,,,,,,,,,,,,,,,,,,,,,,,-0,3,-4,4,-1
CP0114701,,,,,,,,,,,,,,,,,,,,,,,,,,,,,,,,,,,,,,,,,,,,,,,,,,,,,,,,,,,,,,-5,-1,-1,2,2
CP0114702,,,,,,,,,,,,,,,,,,,,,,,,,,,,,,,,,,,,,,,,,,,,,,,,,,,,,,,,,,,,,,-3,6,-5,8,-14
CP0114801,,,,,,,,,,,,,,,,,,,,,,,,,,,,,,,,,,,,,,,,,,,,,,,,,,,,,,,,,,,,,,0,-0,1,-1,0
CP0115101,,,,,,,,,,,,,,,,,,,,,,,,,,,,,,,,,,,,,,,,,,,,,,,,,,,,,,,,,,,,,,-2,-3,0,-3,1
CP0115201,,,,,,,,,,,,,,,,,,,,,,,,,,,,,,,,,,,,,,,,,,,,,,,,,,,,,,,,,,,,,,2,-3,3,0,1
CP0115301,,,,,,,,,,,,,,,,,,,,,,,,,,,,,,,,,,,,,,,,,,,,,,,,,,,,,,,,,,,,,,0,5,2,-1,4
CP0116101,,,,,,,,,,,,,,,,,,,,,,,,,,,,,,,,,,,,,,,,,,,,,,,,,,,,,,,,,,,,,,0,-0,0,0,0
CP0116199,,,,,,,,,,,,,,,,,,,,,,,,,,,,,,,,,,,,,,,,,,,,,,,,,,,,,,,,,,,,,,1,-1,1,-1,-2
CP0116201,,,,,,,,,,,,,,,,,,,,,,,,,,,,,,,,,,,,,,,,,,,,,,,,,,,,,,,,,,,,,,-1,-0,1,-1,-0
CP0116299,,,,,,,,,,,,,,,,,,,,,,,,,,,,,,,,,,,,,,,,,,,,,,,,,,,,,,,,,,,,,,-1,0,1,-0,-1
CP0116301,,,,,,,,,,,,,,,,,,,,,,,,,,,,,,,,,,,,,,,,,,,,,,,,,,,,,,,,,,,,,,1,1,-0,-0,1
CP0116399,,,,,,,,,,,,,,,,,,,,,,,,,,,,,,,,,,,,,,,,,,,,,,,,,,,,,,,,,,,,,,-1,0,1,1,2
CP0116401,,,,,,,,,,,,,,,,,,,,,,,,,,,,,,,,,,,,,,,,,,,,,,,,,,,,,,,,,,,,,,2,-0,-5,-0,-5
CP0116501,,,,,,,,,,,,,,,,,,,,,,,,,,,,,,,,,,,,,,,,,,,,,,,,,,,,,,,,,,,,,,-2,-1,0,-0,0
CP0116601,,,,,,,,,,,,,,,,,,,,,,,,,,,,,,,,,,,,,,,,,,,,,,,,,,,,,,,,,,,,,,-2,-3,-1,8,1
CP0116701,,,,,,,,,,,,,,,,,,,,,,,,,,,,,,,,,,,,,,,,,,,,,,,,,,,,,,,,,,,,,,-0,-1,3,3,-0
CP0116901,,,,,,,,,,,,,,,,,,,,,,,,,,,,,,,,,,,,,,,,,,,,,,,,,,,,,,,,,,,,,,-2,1,-2,3,0
CP0116902,,,,,,,,,,,,,,,,,,,,,,,,,,,,,,,,,,,,,,,,,,,,,,,,,,,,,,,,,,,,,,0,1,-0,2,1
CP0116999,,,,,,,,,,,,,,,,,,,,,,,,,,,,,,,,,,,,,,,,,,,,,,,,,,,,,,,,,,,,,,1,0,1,-2,3
CP0117101,,,,,,,,,,,,,,,,,,,,,,,,,,,,,,,,,,,,,,,,,,,,,,,,,,,,,,,,,,,,,,0,-0,-3,3,-0
CP0117199,,,,,,,,,,,,,,,,,,,,,,,,,,,,,,,,,,,,,,,,,,,,,,,,,,,,,,,,,,,,,,0,1,-0,-1,-1
CP0117201,,,,,,,,,,,,,,,,,,,,,,,,,,,,,,,,,,,,,,,,,,,,,,,,,,,,,,,,,,,,,,0,0,5,4,0
CP0117202,,,,,,,,,,,,,,,,,,,,,,,,,,,,,,,,,,,,,,,,,,,,,,,,,,,,,,,,,,,,,,0,-0,-1,-1,-0
CP0117203,,,,,,,,,,,,,,,,,,,,,,,,,,,,,,,,,,,,,,,,,,,,,,,,,,,,,,,,,,,,,,-1,1,1,-1,-1
CP0117301,,,,,,,,,,,,,,,,,,,,,,,,,,,,,,,,,,,,,,,,,,,,,,,,,,,,,,,,,,,,,,-3,3,-0,-3,4
CP0117401,,,,,,,,,,,,,,,,,,,,,,,,,,,,,,,,,,,,,,,,,,,,,,,,,,,,,,,,,,,,,,-0,-1,-17,21,1
CP0117402,,,,,,,,,,,,,,,,,,,,,,,,,,,,,,,,,,,,,,,,,,,,,,,,,,,,,,,,,,,,,,0,1,-0,-0,0
CP0117403,,,,,,,,,,,,,,,,,,,,,,,,,,,,,,,,,,,,,,,,,,,,,,,,,,,,,,,,,,,,,,-0,1,-0,-0,-0
CP0117404,,,,,,,,,,,,,,,,,,,,,,,,,,,,,,,,,,,,,,,,,,,,,,,,,,,,,,,,,,,,,,0,0,2,2,0
CP0117501,,,,,,,,,,,,,,,,,,,,,,,,,,,,,,,,,,,,,,,,,,,,,,,,,,,,,,,,,,,,,,1,-0,-3,3,0
CP0117502,,,,,,,,,,,,,,,,,,,,,,,,,,,,,,,,,,,,,,,,,,,,,,,,,,,,,,,,,,,,,,-0,1,-0,-0,-1
CP0117801,,,,,,,,,,,,,,,,,,,,,,,,,,,,,,,,,,,,,,,,,,,,,,,,,,,,,,,,,,,,,,-1,-0,0,1,-1
CP0117901,,,,,,,,,,,,,,,,,,,,,,,,,,,,,,,,,,,,,,,,,,,,,,,,,,,,,,,,,,,,,,1,-2,2,-0,0
CP0117902,,,,,,,,,,,,,,,,,,,,,,,,,,,,,,,,,,,,,,,,,,,,,,,,,,,,,,,,,,,,,,3,4,-3,2,-0
CP0117903,,,,,,,,,,,,,,,,,,,,,,,,,,,,,,,,,,,,,,,,,,,,,,,,,,,,,,,,,,,,,,-1,2,-0,-0,2
CP0117904,,,,,,,,,,,,,,,,,,,,,,,,,,,,,,,,,,,,,,,,,,,,,,,,,,,,,,,,,,,,,,1,-1,0,1,-1
CP0117905,,,,,,,,,,,,,,,,,,,,,,,,,,,,,,,,,,,,,,,,,,,,,,,,,,,,,,,,,,,,,,-7,5,-5,7,-6
CP0117906,,,,,,,,,,,,,,,,,,,,,,,,,,,,,,,,,,,,,,,,,,,,,,,,,,,,,,,,,,,,,,2,-0,2,-3,6
CP0117998,,,,,,,,,,,,,,,,,,,,,,,,,,,,,,,,,,,,,,,,,,,,,,,,,,,,,,,,,,,,,,0,0,0,1,-2
CP0118101,,,,,,,,,,,,,,,,,,,,,,,,,,,,,,,,,,,,,,,,,,,,,,,,,,,,,,,,,,,,,,3,-2,-0,0,0
CP0118301,,,,,,,,,,,,,,,,,,,,,,,,,,,,,,,,,,,,,,,,,,,,,,,,,,,,,,,,,,,,,,0,-3,2,0,1
CP0118302,,,,,,,,,,,,,,,,,,,,,,,,,,,,,,,,,,,,,,,,,,,,,,,,,,,,,,,,,,,,,,-5,3,1,0,3
CP0118401,,,,,,,,,,,,,,,,,,,,,,,,,,,,,,,,,,,,,,,,,,,,,,,,,,,,,,,,,,,,,,4,-5,2,-2,2
CP0118501,,,,,,,,,,,,,,,,,,,,,,,,,,,,,,,,,,,,,,,,,,,,,,,,,,,,,,,,,,,,,,5,0,1,-0,-1
CP0118502,,,,,,,,,,,,,,,,,,,,,,,,,,,,,,,,,,,,,,,,,,,,,,,,,,,,,,,,,,,,,,-3,-1,4,4,-4
CP0118503,,,,,,,,,,,,,,,,,,,,,,,,,,,,,,,,,,,,,,,,,,,,,,,,,,,,,,,,,,,,,,-2,-0,1,5,4
CP0118601,,,,,,,,,,,,,,,,,,,,,,,,,,,,,,,,,,,,,,,,,,,,,,,,,,,,,,,,,,,,,,-2,-2,-4,6,-4
CP0118602,,,,,,,,,,,,,,,,,,,,,,,,,,,,,,,,,,,,,,,,,,,,,,,,,,,,,,,,,,,,,,2,-7,8,-0,-4
CP0118901,,,,,,,,,,,,,,,,,,,,,,,,,,,,,,,,,,,,,,,,,,,,,,,,,,,,,,,,,,,,,,-0,-1,1,1,-0
CP0118902,,,,,,,,,,,,,,,,,,,,,,,,,,,,,,,,,,,,,,,,,,,,,,,,,,,,,,,,,,,,,,0,-0,-0,-3,-0
CP0119101,,,,,,,,,,,,,,,,,,,,,,,,,,,,,,,,,,,,,,,,,,,,,,,,,,,,,,,,,,,,,,0,0,2,1,0
CP0119103,,,,,,,,,,,,,,,,,,,,,,,,,,,,,,,,,,,,,,,,,,,,,,,,,,,,,,,,,,,,,,1,-0,0,2,2
CP0119104,,,,,,,,,,,,,,,,,,,,,,,,,,,,,,,,,,,,,,,,,,,,,,,,,,,,,,,,,,,,,,3,-5,3,-4,5
CP0119105,,,,,,,,,,,,,,,,,,,,,,,,,,,,,,,,,,,,,,,,,,,,,,,,,,,,,,,,,,,,,,-1,2,-2,-5,-1
CP0119106,,,,,,,,,,,,,,,,,,,,,,,,,,,,,,,,,,,,,,,,,,,,,,,,,,,,,,,,,,,,,,1,-1,3,-0,1
CP0119107,,,,,,,,,,,,,,,,,,,,,,,,,,,,,,,,,,,,,,,,,,,,,,,,,,,,,,,,,,,,,,-1,-5,5,2,0
CP0119202,,,,,,,,,,,,,,,,,,,,,,,,,,,,,,,,,,,,,,,,,,,,,,,,,,,,,,,,,,,,,,-1,1,-3,1,-0
CP0119302,,,,,,,,,,,,,,,,,,,,,,,,,,,,,,,,,,,,,,,,,,,,,,,,,,,,,,,,,,,,,,-4,4,-2,3,-1
CP0119304,,,,,,,,,,,,,,,,,,,,,,,,,,,,,,,,,,,,,,,,,,,,,,,,,,,,,,,,,,,,,,3,-2,-1,-0,-0
CP0119401,,,,,,,,,,,,,,,,,,,,,,,,,,,,,,,,,,,,,,,,,,,,,,,,,,,,,,,,,,,,,,0,-1,0,2,0
CP0119402,,,,,,,,,,,,,,,,,,,,,,,,,,,,,,,,,,,,,,,,,,,,,,,,,,,,,,,,,,,,,,1,2,3,3,0
CP0121001,,,,,,,,,,,,,,,,,,,,,,,,,,,,,,,,,,,,,,,,,,,,,,,,,,,,,,,,,,,,,,2,0,-0,1,-0
CP0121002,,,,,,,,,,,,,,,,,,,,,,,,,,,,,,,,,,,,,,,,,,,,,,,,,,,,,,,,,,,,,,5,-5,7,-10,12
CP0121003,,,,,,,,,,,,,,,,,,,,,,,,,,,,,,,,,,,,,,,,,,,,,,,,,,,,,,,,,,,,,,-5,1,4,-2,2
CP0122001,,,,,,,,,,,,,,,,,,,,,,,,,,,,,,,,,,,,,,,,,,,,,,,,,,,,,,,,,,,,,,-1,-2,3,2,2
CP0123001,,,,,,,,,,,,,,,,,,,,,,,,,,,,,,,,,,,,,,,,,,,,,,,,,,,,,,,,,,,,,,-0,-2,1,1,0
CP0123002,,,,,,,,,,,,,,,,,,,,,,,,,,,,,,,,,,,,,,,,,,,,,,,,,,,,,,,,,,,,,,-0,-0,3,1,-4
CP0124001,,,,,,,,,,,,,,,,,,,,,,,,,,,,,,,,,,,,,,,,,,,,,,,,,,,,,,,,,,,,,,-4,6,1,1,1
CP0125001,,,,,,,,,,,,,,,,,,,,,,,,,,,,,,,,,,,,,,,,,,,,,,,,,,,,,,,,,,,,,,2,-2,4,-3,2
CP0126001,,,,,,,,,,,,,,,,,,,,,,,,,,,,,,,,,,,,,,,,,,,,,,,,,,,,,,,,,,,,,,0,0,1,1,0
CP0126099,,,,,,,,,,,,,,,,,,,,,,,,,,,,,,,,,,,,,,,,,,,,,,,,,,,,,,,,,,,,,,0,0,2,1,1
CP0129001,,,,,,,,,,,,,,,,,,,,,,,,,,,,,,,,,,,,,,,,,,,,,,,,,,,,,,,,,,,,,,11,-1,-3,4,2
CP0129002,,,,,,,,,,,,,,,,,,,,,,,,,,,,,,,,,,,,,,,,,,,,,,,,,,,,,,,,,,,,,,1,0,2,0,2
CP0211001,,,,,,,,,,,,,,,,,,,,,,,,,,,,,,,,,,,,,,,,,,,,,,,,,,,,,,,,,,,,,,0,-0,5,-2,3
CP0211002,,,,,,,,,,,,,,,,,,,,,,,,,,,,,,,,,,,,,,,,,,,,,,,,,,,,,,,,,,,,,,0,1,2,-0,-1
CP0211003,,,,,,,,,,,,,,,,,,,,,,,,,,,,,,,,,,,,,,,,,,,,,,,,,,,,,,,,,,,,,,-0,2,1,-2,2
CP0211004,,,,,,,,,,,,,,,,,,,,,,,,,,,,,,,,,,,,,,,,,,,,,,,,,,,,,,,,,,,,,,1,0,1,-1,1
CP0211005,,,,,,,,,,,,,,,,,,,,,,,,,,,,,,,,,,,,,,,,,,,,,,,,,,,,,,,,,,,,,,-2,4,-3,2,-5
CP0211006,,,,,,,,,,,,,,,,,,,,,,,,,,,,,,,,,,,,,,,,,,,,,,,,,,,,,,,,,,,,,,2,0,1,0,1
CP0211007,,,,,,,,,,,,,,,,,,,,,,,,,,,,,,,,,,,,,,,,,,,,,,,,,,,,,,,,,,,,,,1,-5,-5,6,1
CP0212101,,,,,,,,,,,,,,,,,,,,,,,,,,,,,,,,,,,,,,,,,,,,,,,,,,,,,,,,,,,,,,0,1,-1,1,-0
CP0212102,,,,,,,,,,,,,,,,,,,,,,,,,,,,,,,,,,,,,,,,,,,,,,,,,,,,,,,,,,,,,,1,1,-1,0,2
CP0212103,,,,,,,,,,,,,,,,,,,,,,,,,,,,,,,,,,,,,,,,,,,,,,,,,,,,,,,,,,,,,,-1,1,1,-2,2
CP0212104,,,,,,,,,,,,,,,,,,,,,,,,,,,,,,,,,,,,,,,,,,,,,,,,,,,,,,,,,,,,,,1,-2,1,1,0
CP0212105,,,,,,,,,,,,,,,,,,,,,,,,,,,,,,,,,,,,,,,,,,,,,,,,,,,,,,,,,,,,,,1,0,-4,4,-0
CP0212201,,,,,,,,,,,,,,,,,,,,,,,,,,,,,,,,,,,,,,,,,,,,,,,,,,,,,,,,,,,,,,-1,1,-0,0,-0
CP0212202,,,,,,,,,,,,,,,,,,,,,,,,,,,,,,,,,,,,,,,,,,,,,,,,,,,,,,,,,,,,,,1,-0,1,3,-1
CP0213001,,,,,,,,,,,,,,,,,,,,,,,,,,,,,,,,,,,,,,,,,,,,,,,,,,,,,,,,,,,,,,3,1,-0,1,-0
CP0213002,,,,,,,,,,,,,,,,,,,,,,,,,,,,,,,,,,,,,,,,,,,,,,,,,,,,,,,,,,,,,,1,0,1,-1,3
CP0213003,,,,,,,,,,,,,,,,,,,,,,,,,,,,,,,,,,,,,,,,,,,,,,,,,,,,,,,,,,,,,,2,-0,1,3,-3
CP0213004,,,,,,,,,,,,,,,,,,,,,,,,,,,,,,,,,,,,,,,,,,,,,,,,,,,,,,,,,,,,,,-1,2,-0,-0,-2
CP0230101,,,,,,,,,,,,,,,,,,,,,,,,,,,,,,,,,,,,,,,,,,,,,,,,,,,,,,,,,,,,,,1,1,0,0,0
CP0230201,,,,,,,,,,,,,,,,,,,,,,,,,,,,,,,,,,,,,,,,,,,,,,,,,,,,,,,,,,,,,,1,-1,0,0,0
CP0230901,,,,,,,,,,,,,,,,,,,,,,,,,,,,,,,,,,,,,,,,,,,,,,,,,,,,,,,,,,,,,,1,1,-0,1,0
CP0230902,,,,,,,,,,,,,,,,,,,,,,,,,,,,,,,,,,,,,,,,,,,,,,,,,,,,,,,,,,,,,,-0,-0,0,-0,1
CP0230903,,,,,,,,,,,,,,,,,,,,,,,,,,,,,,,,,,,,,,,,,,,,,,,,,,,,,,,,,,,,,,0,0,0,0,-2
CP0711201,,,,,,,,,,,,,,,,,,,,,,,,,,,,,,,,,,,,,,,,,,,,,,,,,,,,,,,,,,,,,,0,1,1,-0,-0
CP0711202,,,,,,,,,,,,,,,,,,,,,,,,,,,,,,,,,,,,,,,,,,,,,,,,,,,,,,,,,,,,,,0,1,1,-1,-0
CP0731101,,,,,,,,,,,,,,,,,,,,,,,,,,,,,,,,,,,,,,,,,,,,,,,,,,,,,,,,,,,,,,-0,4,0,-0,0
CP0731102,,,,,,,,,,,,,,,,,,,,,,,,,,,,,,,,,,,,,,,,,,,,,,,,,,,,,,,,,,,,,,0,4,0,0,0
CP0731103,,,,,,,,,,,,,,,,,,,,,,,,,,,,,,,,,,,,,,,,,,,,,,,,,,,,,,,,,,,,,,-0,5,0,0,-0
CP0731104,,,,,,,,,,,,,,,,,,,,,,,,,,,,,,,,,,,,,,,,,,,,,,,,,,,,,,,,,,,,,,0,4,0,0,0
CP0731105,,,,,,,,,,,,,,,,,,,,,,,,,,,,,,,,,,,,,,,,,,,,,,,,,,,,,,,,,,,,,,-0,4,0,-0,0
CP0731106,,,,,,,,,,,,,,,,,,,,,,,,,,,,,,,,,,,,,,,,,,,,,,,,,,,,,,,,,,,,,,0,0,0,0,0
